time in h,cXL in g/l,cS1L in g/l,cS2L in g/l,cS3L in g/l,NSt in rpm,FnG in l/min,FnO2 in l/min,FnN2 in l/min,FnCO2 in l/min,pHL in -,thetaL in °C
0,0,10,0,0,400,7.5,0,0,0,7.5,32
0.000555555555555556,0,10,0,0,450,7.5,0,0,0,7.33158598368872,32.0003968106521
0.00111111111111111,3,9.99986111209753,0,0,450,7.5,0,0,0,7.33158706705469,32.0009684457936
0.00166666666666667,3.00063640819055,9.99839549910108,0,0,450,7.5,0,0,0,7.33074671140885,32.0014426758093
0.00222222222222222,3.00127325358591,9.99692889218774,0,1.12674978419057e-05,450,7.5,0,0,0,7.32986358665871,32.0032561783678
0.00277777777777778,3.00191064113651,9.99546387779866,0,2.24121537491396e-05,450,7.5,0,0,0,7.327202067719,32.0049190535842
0.00333333333333333,3.00254714007392,9.99400024674466,0,3.40796577663771e-05,450,7.5,0,0,0,7.32455549961928,32.0064392307865
0.00388888888888889,3.00318286596359,9.99253825178892,0,4.6325347821436e-05,450,7.5,0,0,0,7.32192655733412,32.0078269616052
0.00444444444444444,3.00381767901046,9.99107812619272,0,5.92076773203976e-05,450,7.5,0,0,0,7.31931388887778,32.0090912906851
0.005,3.00445145017988,9.989620033647,0,7.27801026580426e-05,450,7.5,0,0,0,7.31671679468806,32.0102406409282
0.00555555555555556,3.00508408892609,9.9881641359242,0,8.70791021728468e-05,450,7.5,0,0,0,7.31413473856787,32.0112829135191
0.00611111111111111,3.00571550577112,9.98671059372202,0,0.000102140675585947,450,7.5,0,0,0,7.31156710961181,32.01222545563
0.00666666666666667,3.00634561183348,9.9852595706646,0,0.000118000533371819,450,7.5,0,0,0,7.30901330862485,32.013075099213
0.00722222222222222,3.00697431661487,9.98381123324151,0,0.000134695064288308,450,7.5,0,0,0,7.30647273892033,32.0138381932953
0.00777777777777778,3.0076015280336,9.98236575059673,0,0.000152261306122092,450,7.5,0,0,0,7.30394481132974,32.0145206379974
0.00833333333333333,3.00822715254144,9.98092329394753,0,0.000170736880494635,450,7.5,0,0,0,7.30142894432898,32.0151279161833
0.00888888888888889,3.00885109544513,9.97948403585705,0,0.000190159838168067,450,7.5,0,0,0,7.29892456489441,32.0156651232048
0.00944444444444444,3.00947326130886,9.97804814935159,0,0.000210568469920122,493.004981658754,7.5,0,0,0,7.29643110927316,32.0161369946808
0.01,3.01009355444265,9.97661580688922,0,0.00023200108134519,522.536410888976,7.5,0,0,0,7.29394802397787,32.0168297652371
0.0105555555555556,3.01071187947295,9.97518717136104,0,0.000254495733549959,540.313369142562,7.5,0,0,0,7.29147476698206,32.017676605988
0.0111111111111111,3.01132814632062,9.97376240459431,0,0.000278090091855786,548.870770903066,7.5,0,0,0,7.28901080709875,32.0185950821515
0.0116666666666667,3.01194226549767,9.97234166631984,0,0.000302820936698495,550.241141109358,7.5,0,0,0,7.28655557782645,32.0195101126981
0.0122222222222222,3.01255414867795,9.97092424889228,0,0.000328723801477623,540.537861596458,7.5,0,0,0,7.28410859725994,32.0203607922387
0.0127777777777778,3.01316418734679,9.96950944284909,0,0.000355625901797021,514.746458134381,7.5,0,0,0,7.28167154196552,32.021055347357
0.0133333333333333,3.01377277404134,9.96809663381769,0,0.000383354383095793,473.637859608641,7.5,0,0,0,7.27924510574156,32.021476955184
0.0138888888888889,3.01438024868912,9.96668540864338,0,0.000411759028578321,450,7.5,0,0,0,7.2768297587439,32.0215562586929
0.0144444444444444,3.01498683989632,9.96527556893554,0,0.00044073726588685,450,7.5,0,0,0,7.27442560181803,32.0214584448255
0.015,3.01559265745016,9.96386727820186,0,0.000470237518467272,450,7.5,0,0,0,7.27203244899543,32.0213414004017
0.0155555555555556,3.01619761093019,9.96246126526493,0,0.000500295778519361,450,7.5,0,0,0,7.26964946248357,32.0212063650181
0.0161111111111111,3.01680129717891,9.96105889894925,0,0.0005310836995653,450,7.5,0,0,0,7.26727480410083,32.0210538925728
0.0166666666666667,3.01740295898123,9.95966117697315,0,0.000562924584538744,450,7.5,0,0,0,7.264905699994,32.0208838052195
0.0172222222222222,3.01800204438357,9.95826832566736,0,0.000596052254867341,450,7.5,0,0,0,7.26254098253368,32.0206963011207
0.0177777777777778,3.0185984281766,9.95688047885917,0,0.000630516649298254,450,7.5,0,0,0,7.26018094938015,32.020492360906
0.0183333333333333,3.01919203637233,9.95549769845673,0,0.000666345579154002,450,7.5,0,0,0,7.25782530528199,32.0202729905434
0.0188888888888889,3.01978283477369,9.95412001529989,0,0.000703549707143987,450,7.5,0,0,0,7.25547383468936,32.0200391997369
0.0194444444444444,3.02037080637486,9.95274743245016,0,0.000742132333921256,450,7.5,0,0,0,7.25312632549698,32.0197919598482
0.02,3.02095594953838,9.95137992720397,0,0.00078209022824908,450,7.5,0,0,0,7.25078260366526,32.0195322036984
0.0205555555555556,3.02153827688087,9.95001745111656,0,0.000823414152172558,450,7.5,0,0,0,7.24844253154698,32.0192608266909
0.0211111111111111,3.02211781525937,9.94865993022023,0,0.000866088913302907,450,7.5,0,0,0,7.24610600961235,32.0189786899401
0.0216666666666667,3.02269460565015,9.94730726559001,0,0.000910093461220325,450,7.5,0,0,0,7.24377297569947,32.0186866229878
0.0222222222222222,3.02326870283551,9.9459593344038,0,0.000955401062556613,450,7.5,0,0,0,7.24144340369108,32.0183854259644
0.0227777777777778,3.02384017481692,9.94461599150031,0,0.00100197958774616,450,7.5,0,0,0,7.23911730143762,32.0180758710658
0.0233333333333333,3.0244091019528,9.9432770714041,0,0.00104979190857078,450,7.5,0,0,0,7.23679470807286,32.0177587033755
0.0238888888888889,3.02497557583804,9.94194239075632,0,0.00109879639803504,450,7.5,0,0,0,7.23447569079732,32.0174346410996
0.0244444444444444,3.02553969795892,9.94061175106925,0,0.0011489475172598,450,7.5,0,0,0,7.23216034123908,32.0171043753056
0.025,3.0261015781691,9.93928494170742,0,0.00120019646971821,450,7.5,0,0,0,7.22984877151512,32.0167685692801
0.0255555555555556,3.02666133304022,9.93796174299075,0,0.00125249190017703,450,7.5,0,0,0,7.22754111012675,32.0164278576248
0.0261111111111111,3.02721908414506,9.93664192931367,0,0.00130578061432032,450,7.5,0,0,0,7.22523733242276,32.0160828452156
0.0266666666666667,3.02777495633188,9.93532527215265,0,0.00136000829520219,450,7.5,0,0,0,7.22293792260607,32.015734106145
0.0272222222222222,3.02832907606061,9.93401154301163,0,0.00141512019558201,450,7.5,0,0,0,7.22064286388987,32.0153821827825
0.0277777777777778,3.02888156977328,9.93270051595462,0,0.00147106178030443,450,7.5,0,0,0,7.21835231052164,32.0150275848965
0.0283333333333333,3.02943256249309,9.93139196994697,0,0.00152777931626355,450,7.5,0,0,0,7.21606641451207,32.0146707892063
0.0288888888888889,3.02998217652913,9.93008569083494,0,0.00158522038452954,450,7.5,0,0,0,7.2137853228636,32.0143122391103
0.0294444444444444,3.03053053241369,9.92878146901861,0,0.00164333431562102,450,7.5,0,0,0,7.21150917533082,32.013952373458
0.03,3.03107774189783,9.92747911259458,0,0.00170207274384296,450,7.5,0,0,0,7.20923810065547,32.0135915533337
0.0305555555555556,3.03162391336339,9.9261784364016,0,0.00176138927773597,450,7.5,0,0,0,7.20697222107313,32.013230122555
0.0311111111111111,3.03216914926432,9.92487926660764,0,0.0018212402957039,450,7.5,0,0,0,7.20471164544429,32.0128683939094
0.0316666666666667,3.03271354578505,9.9235814410458,2.33797263361046e-19,0.00188158487077244,450,7.5,0,0,0,7.20245647062727,32.0125066504162
0.0322222222222222,3.03325719265479,9.92228480930571,2.33794018724406e-19,0.00194238483187868,450,7.5,0,0,0,7.20020678119299,32.0121451467474
0.0327777777777778,3.03380017309711,9.92098923261906,2.33790774177823e-19,0.00200360477072014,450,7.5,0,0,0,7.19796264941197,32.01178411081
0.0333333333333333,3.03434256389339,9.91969458357769,2.33787529721293e-19,0.00206521200317868,450,7.5,0,0,0,7.19572413546423,32.0114237454346
0.0338888888888889,3.0348844355389,9.91840074572078,2.33784285354812e-19,0.00212717649410184,450,7.5,0,0,0,7.19349128782621,32.0110642301285
0.0344444444444444,3.03542585247134,9.91710761302425,2.33781041078377e-19,0.0021894707537045,450,7.5,0,0,0,7.19126414379252,32.0107057228538
0.035,3.03596687335343,9.91581509177989,2.33777796891984e-19,0.00225206971308242,450,7.5,0,0,0,7.18905942257695,32.0103483617972
0.0355555555555555,3.03650755003354,9.91452310172113,2.33774552795629e-19,0.00231495114419131,450,7.5,0,0,0,7.18686965614751,32.0099922644966
0.0361111111111111,3.03704792692309,9.91323157001004,2.33771308789308e-19,0.00237809521537104,450,7.5,0,0,0,7.18469044227744,32.0096375277847
0.0366666666666666,3.03758804432273,9.91194042491526,2.33768064873018e-19,0.0024414841336845,450,7.5,0,0,0,7.18251777481719,32.0092842352802
0.0372222222222222,3.0381279419198,9.91064960398097,2.33764821046755e-19,0.00250510057125411,450,7.5,0,0,0,7.18035355566867,32.0089324648249
0.0377777777777777,3.03866765427002,9.90935905244327,2.33761577310515e-19,0.00256892949738194,450,7.5,0,0,0,7.17819804971568,32.0085822801922
0.0383333333333333,3.03920721167314,9.90806872253043,2.33757000425777e-19,0.00263295757178892,450,7.5,0,0,0,7.17605125974867,32.0082337335227
0.0388888888888888,3.03974664056016,9.90677857147335,2.3375242292906e-19,0.00269717305038514,450,7.5,0,0,0,7.17391276937585,32.0078868666888
0.0394444444444444,3.04028596459397,9.90548856114155,2.33749179499875e-19,0.00276156534191351,450,7.5,0,0,0,7.17178237885288,32.0075417139506
0.04,3.04082520487087,9.90419865761373,2.33745936160697e-19,0.0028261249400705,450,7.5,0,0,0,7.16965994019982,32.0071983027501
0.0405555555555555,3.04136438015817,9.90290883086704,4.68207109335058e-19,0.00289084331546222,450,7.5,0,0,0,7.16754534174581,32.0068566545294
0.0411111111111111,3.04190350706618,9.9016190543663,4.68200613002858e-19,0.00295571284149178,450,7.5,0,0,0,7.16543847530648,32.0065167853767
0.0416666666666666,3.04244260027545,9.90032930470209,4.68194116850928e-19,0.00302072669842752,450,7.5,0,0,0,7.16333923892267,32.0061787067414
0.0422222222222222,3.04298167273705,9.89903956125727,4.6818762087926e-19,0.00308587879007772,450,7.5,0,0,0,7.1612475349448,32.0058424260574
0.0427777777777777,3.04352073585705,9.89774980590988,4.68181125087847e-19,0.00315116366696976,450,7.5,0,0,0,7.1591632693159,32.0055079473023
0.0433333333333333,3.04405979966098,9.89646002276369,4.6817462947668e-19,0.00321657645799919,450,7.5,0,0,0,7.15708635046168,32.0051752714871
0.0438888888888888,3.04459887294283,9.89517019790514,4.68168134045753e-19,0.00328211280849672,450,7.5,0,0,0,7.15501668866196,32.00484439709
0.0444444444444444,3.04513796339961,9.89388031918418,4.68161638795058e-19,0.0033477688244137,450,7.5,0,0,0,7.15295419563292,32.0045153204383
0.0449999999999999,3.04567707775259,9.89259037601743,4.68155143724588e-19,0.00341354102205338,450,7.5,0,0,0,7.15089878427186,32.0041880360451
0.0455555555555555,3.04621622185619,9.89130035921154,7.02987135115757e-19,0.00347942628292478,450,7.5,0,0,0,7.14885036849497,32.0038625369031
0.046111111111111,3.04675540079574,9.8900102608052,7.02977382449337e-19,0.00354542181326897,450,7.5,0,0,0,7.14680886313896,32.0035388147429
0.0466666666666666,3.0472946189749,9.88872007392782,7.02967630053514e-19,0.00361152510783945,450,7.5,0,0,0,7.1447741839043,32.0032168602567
0.0472222222222221,3.04783388019386,9.88742979267352,7.02957877928277e-19,0.00367773391753969,450,7.5,0,0,0,7.1427462473261,32.0028966632932
0.0477777777777777,3.04837318771901,9.88613941198884,7.02948126073615e-19,0.00374404622054857,450,7.5,0,0,0,7.14072497076276,32.0025782130257
0.0483333333333332,3.04891254434513,9.88484892757281,7.02938374489516e-19,0.00381046019659113,450,7.5,0,0,0,7.13871027239547,32.0022614980978
0.0488888888888888,3.04945195245066,9.88355833578815,7.0292862317597e-19,0.00387697420403867,450,7.5,0,0,0,7.13670207123425,32.0019465067478
0.0494444444444443,3.04999141404683,9.88226763358236,7.02914819758719e-19,0.00394358675954872,450,7.5,0,0,0,7.13470028712726,32.0016332269156
0.0499999999999999,3.05053093082131,9.88097681841782,7.02905069042457e-19,0.00401029651998054,450,7.5,0,0,0,7.13270484077144,32.0013216463335
0.0505555555555554,3.05107050417693,9.87968588820977,7.02895318596712e-19,0.00407710226634575,450,7.5,0,0,0,7.13071565372298,32.0010117526036
0.051111111111111,3.05161013526593,9.87839484127143,7.02885568421472e-19,0.00414400288957635,450,7.5,0,0,0,7.12873264840685,32.0007035332623
0.0516666666666665,3.05214982502039,9.8771036762654,7.02875818516726e-19,0.00421099737791335,450,7.5,0,0,0,7.12675574812478,32.0003969758349
0.0522222222222221,3.05268957417906,9.87581239216076,7.02866068882464e-19,0.00427808480573897,450,7.5,0,0,0,7.12478487706153,32.0000920678811
0.0527777777777777,3.05322938331115,9.87452098819509,7.02856319518674e-19,0.0043452643236928,450,7.5,0,0,0,7.12281996028912,31.999788797032
0.0533333333333332,3.0537692528373,9.87322946384102,7.02846570425344e-19,0.00441253514992933,450,7.5,0,0,0,7.12086092376913,31.9994871510207
0.0538888888888888,3.05430918304815,9.87193781877661,7.02836821602463e-19,0.00447989656238877,450,7.5,0,0,0,7.11890769435319,31.9991871177067
0.0544444444444443,3.05484917412065,9.87064605285932,7.02827073050021e-19,0.00454734789196672,450,7.5,0,0,0,7.11696019978156,31.9988886850956
0.0549999999999999,3.05538922613249,9.86935416610305,7.02817324768005e-19,0.00461488851648091,450,7.5,0,0,0,7.11501836868011,31.9985918413539
0.0555555555555554,3.05592933907486,9.86806215865785,7.02807576756405e-19,0.00468251785534366,450,7.5,0,0,0,7.11308213055576,31.9982965748208
0.056111111111111,3.05646951286359,9.86677003079217,7.02797829015209e-19,0.0047502353648593,450,7.5,0,0,0,7.11115141579056,31.9980028740158
0.0566666666666665,3.05700974734902,9.86547778287714,7.02788081544406e-19,0.00481804053407442,450,7.5,0,0,0,7.10922615563455,31.9977107276449
0.0572222222222221,3.05755004232469,9.86418541537284,7.02778334343985e-19,0.00488593288111693,450,7.5,0,0,0,7.10730628219754,31.9974201246038
0.0577777777777776,3.05809039753496,9.86289292881614,7.02768587413935e-19,0.00495391194996703,450,7.5,0,0,0,7.10539172843996,31.997131053979
0.0583333333333332,3.05863081268167,9.86160032381007,7.02754756784541e-19,0.00502197730760977,450,7.5,0,0,0,7.10348242816293,31.9968435050482
0.0588888888888887,3.05917128743009,9.86030760101453,9.38582262197634e-19,0.0050901285415245,450,7.5,0,0,0,7.1015783159976,31.9965574672786
0.0594444444444443,3.05971182141403,9.85901476113804,9.38569245411845e-19,0.00515836525747146,450,7.5,0,0,0,7.09967932739397,31.9962729303247
0.0599999999999998,3.06025241424041,9.85772180493061,9.38556228987099e-19,0.00522668707754073,450,7.5,0,0,0,7.09778539860924,31.9959898840247
0.0605555555555554,3.06079306549321,9.85642873317741,9.38543212923382e-19,0.00529509363843229,450,7.5,0,0,0,7.09589646669568,31.9957083183973
0.0611111111111109,3.06133377473696,9.85513554669328,9.38530197220677e-19,0.00536358458993993,450,7.5,0,0,0,7.09401246948835,31.9954282236364
0.0616666666666665,3.06187454151978,9.85384224631792,9.38517181878971e-19,0.00543215959361471,450,7.5,0,0,0,7.0921333455925,31.9951495901071
0.062222222222222,3.06241536537605,9.85254883291167,9.38504166898248e-19,0.0055008183215866,450,7.5,0,0,0,7.09025903437078,31.9948724083401
0.0627777777777776,3.06295624582874,9.85125530735183,9.38491152278493e-19,0.00556956045552537,450,7.5,0,0,0,7.08838947593046,31.9945966690267
0.0633333333333332,3.06349718239146,9.84996167052944,9.38478138019691e-19,0.00563838568572411,450,7.5,0,0,0,7.08652461111043,31.9943223630131
0.0638888888888887,3.06403817457019,9.84866792334651,9.38465124121827e-19,0.00570729371029062,450,7.5,0,0,0,7.08466438146837,31.9940494812955
0.0644444444444443,3.0645792218649,9.84737406671354,9.38452110584886e-19,0.00577628423443371,450,7.5,0,0,0,7.08280872926776,31.9937780150143
0.0649999999999998,3.06512032377083,9.84608010154744,9.38439097408852e-19,0.00584535696983299,450,7.5,0,0,0,7.0809575974651,31.9935079554487
0.0655555555555554,3.06566147977971,9.84478602876968,9.38426084593713e-19,0.0059145116340821,450,7.5,0,0,0,7.07911092969711,31.9932392940116
0.066111111111111,3.06620268938074,9.84349184930465,9.38413072139451e-19,0.00598374795019643,450,7.5,0,0,0,7.07726867026809,31.9929720222444
0.0666666666666665,3.06674395206152,9.84219756407834,9.38400060046051e-19,0.00605306564617759,450,7.5,0,0,0,7.0754307641374,31.9927061318118
0.0672222222222221,3.06728526730879,9.84090317401708,9.383870483135e-19,0.00612246445462776,450,7.5,0,0,0,7.07359715690708,31.992441614497
0.0677777777777776,3.06782663460908,9.83960868004656,9.38374036941783e-19,0.00619194411240781,450,7.5,0,0,0,7.07176779480962,31.9921784621972
0.0683333333333332,3.06836805344931,9.83831408309089,9.38361025930882e-19,0.0062615043603339,450,7.5,0,0,0,7.06994262469593,31.9919166669185
0.0688888888888887,3.06890952331728,9.83701938407187,9.38348015280786e-19,0.00633114494290792,450,7.5,0,0,0,7.06812159402348,31.991656220772
0.0694444444444443,3.06945104370205,9.83572458390834,9.38335004991476e-19,0.00640086560807759,450,7.5,0,0,0,7.0663046508446,31.9913971159693
0.0699999999999999,3.06999261409437,9.83442968351559,9.3832199506294e-19,0.00647066610702266,450,7.5,0,0,0,7.06449174379502,31.9911393448187
0.0705555555555554,3.07053423398693,9.83313468380489,9.38308985495162e-19,0.00654054619396403,450,7.5,0,0,0,7.0626828220826,31.9908828997213
0.071111111111111,3.07107590287467,9.83183958568312,9.38295976288126e-19,0.00661050562599293,450,7.5,0,0,0,7.06087783547622,31.990627773167
0.0716666666666665,3.07161762025496,9.83054439005238,9.38282967441819e-19,0.00668054416291784,450,7.5,0,0,0,7.05907673429492,31.9903739577317
0.0722222222222221,3.07215938562784,9.82924909780975,9.38269958956225e-19,0.0067506615671269,450,7.5,0,0,0,7.05727946939727,31.9901214460732
0.0727777777777777,3.0727011984961,9.82795370984704,9.38251431973317e-19,0.00682085760346395,450,7.5,0,0,0,7.05548599217083,31.9898702309287
0.0733333333333332,3.07324305836549,9.82665822705057,9.38238424285616e-19,0.0068911320391166,450,7.5,0,0,0,7.05369625452197,31.9896203051115
0.0738888888888888,3.07378496474479,9.82536265030107,9.3822541695858e-19,0.00696148464351478,450,7.5,0,0,0,7.05191020886577,31.9893716615082
0.0744444444444443,3.0743269171459,9.8240669804735,9.38212409992195e-19,0.00703191518823855,450,7.5,0,0,0,7.05012780811617,31.989124293076
0.0749999999999999,3.07486891508388,9.82277121843698,9.38199403386445e-19,0.00710242344693416,450,7.5,0,0,0,7.04834900567634,31.9888781928404
0.0755555555555555,3.07541095807708,9.82147536505471,9.38186397141317e-19,0.00717300919523713,450,7.5,0,0,0,7.04657375542921,31.9886333538924
0.076111111111111,3.0759530456471,9.8201794211839,9.38173391256794e-19,0.00724367221070176,450,7.5,0,0,0,7.04480201172821,31.9883897693865
0.0766666666666666,3.07649517731888,9.81888338767576,9.38160385732862e-19,0.00731441227273616,450,7.5,0,0,0,7.04303372938821,31.9881474325388
0.0772222222222221,3.07703735262066,9.81758726537548,9.38147380569506e-19,0.0073852291625422,450,7.5,0,0,0,7.04126886367663,31.9879063366244
0.0777777777777777,3.07757957108407,9.81629105512218,9.3813437576671e-19,0.00745612266305975,450,7.5,0,0,0,7.03950737030473,31.987666474976
0.0783333333333333,3.07812183224406,9.81499475774896,9.38121371324461e-19,0.00752709255891485,450,7.5,0,0,0,7.03774920541913,31.9874278409817
0.0788888888888888,3.07866413563894,9.81369837408291,9.38108367242742e-19,0.00759813863637112,450,7.5,0,0,0,7.03599432559345,31.9871904280838
0.0794444444444444,3.07920648081035,9.81240190494508,9.38095363521539e-19,0.00766926068328433,450,7.5,0,0,0,7.03424268782012,31.9869542297767
0.0799999999999999,3.07974886730326,9.81110535115059,9.38082360160837e-19,0.00774045848905948,450,7.5,0,0,0,7.03249424950246,31.9867192396058
0.0805555555555555,3.08029129466598,9.80980871350858,9.38069357160621e-19,0.00781173184461037,450,7.5,0,0,0,7.03074896844678,31.9864854511658
0.0811111111111111,3.08083376245009,9.80851199282231,9.38056354520875e-19,0.0078830805423212,450,7.5,0,0,0,7.02900680285473,31.9862528580995
0.0816666666666666,3.08137627021043,9.8072151898892,9.38043352241586e-19,0.00795450437601006,450,7.5,0,0,0,7.02726771131583,31.9860214540964
0.0822222222222222,3.08191881750513,9.80591830550081,9.38030350322737e-19,0.00802600314089414,450,7.5,0,0,0,7.02553165280009,31.9857912328917
0.0827777777777777,3.0824614038955,9.804621340443,9.38017348764314e-19,0.00809757663355636,450,7.5,0,0,0,7.0237985866508,31.9855621882651
0.0833333333333333,3.08300402894606,9.80332429549589,9.38004347566303e-19,0.00816922465191345,450,7.5,0,0,0,7.02206847257751,31.9853343140398
0.0838888888888888,3.08354669222451,9.80202717143394,9.37991346728687e-19,0.0082409469951852,450,7.5,0,0,0,7.02034127064909,31.9851076040812
0.0844444444444444,3.08408939330166,9.80072996902603,9.37978346251452e-19,0.00831274346386476,450,7.5,0,0,0,7.01861694128698,31.9848820522964
0.085,3.08463213175145,9.79943268903549,9.37965346134583e-19,0.00838461385969004,450,7.5,0,0,0,7.01689544525857,31.9846576526329
0.0855555555555555,3.08517490715087,9.79813533222018,9.37952346378064e-19,0.00845655798561592,450,7.5,0,0,0,7.01517674367069,31.9844343990781
0.0861111111111111,3.08571771907997,9.79683789933252,9.37939346981882e-19,0.00852857564578736,450,7.5,0,0,0,7.01346079796324,31.9842122856584
0.0866666666666666,3.08626056712179,9.79554039111957,9.37926347946021e-19,0.00860066664551321,450,7.5,0,0,0,7.01174756990296,31.9839913064381
0.0872222222222222,3.08680345086236,9.7942428083231,9.37907770366821e-19,0.00867283079124072,450,7.5,0,0,0,7.01003702157733,31.9837714555193
0.0877777777777778,3.08734636989064,9.79294515167961,9.37894772128873e-19,0.00874506789053073,450,7.5,0,0,0,7.00832911538857,31.9835527270408
0.0883333333333333,3.08788932379851,9.79164742192044,9.37881774251199e-19,0.00881737775203341,450,7.5,0,0,0,7.00662381404772,31.9833351151776
0.0888888888888889,3.08843231218073,9.79034961977179,9.37868776733785e-19,0.00888976018546457,450,7.5,0,0,0,7.00492108056898,31.98311861414
0.0894444444444444,3.08897533463489,9.78905174595479,1.17599078066044e-18,0.00896221500158244,450,7.5,0,0,0,7.00322087826395,31.9829032181738
0.09,3.08951839076139,9.78775380118556,1.1759744837908e-18,0.00903474201216499,450,7.5,0,0,0,7.00152317073619,31.9826889215588
0.0905555555555556,3.09006148016342,9.78645578617527,1.17595818737284e-18,0.00910734102998768,450,7.5,0,0,0,6.99982792187572,31.9824757186088
0.0911111111111111,3.09060460244693,9.78515770163021,1.17594189140653e-18,0.00918001186880155,450,7.5,0,0,0,6.99813509585373,31.9822636036713
0.0916666666666667,3.09114775722054,9.78385954825183,1.17592559589187e-18,0.00925275434331185,450,7.5,0,0,0,6.99644465711735,31.9820525711265
0.0922222222222222,3.09169094409558,9.78256132673679,1.17590930082882e-18,0.00932556826915691,450,7.5,0,0,0,6.9947565703845,31.9818426153871
0.0927777777777778,3.09223416268604,9.78126303777705,1.17589300621738e-18,0.00939845346288747,450,7.5,0,0,0,6.99307080063889,31.9816337308981
0.0933333333333334,3.09277741260852,9.77996468205988,1.17587671205752e-18,0.00947140974194624,450,7.5,0,0,0,6.99138731312508,31.981425912136
0.0938888888888889,3.09332069348218,9.77866626026796,1.17586041834923e-18,0.00954443692464794,450,7.5,0,0,0,6.98970607334362,31.9812191536086
0.0944444444444445,3.09386400492878,9.77736777307941,1.17584412509248e-18,0.00961753483015948,450,7.5,0,0,0,6.9880270470463,31.9810134498547
0.095,3.09440734657259,9.77606922116784,1.17582783228726e-18,0.00969070327848054,450,7.5,0,0,0,6.98635020023149,31.9808087954437
0.0955555555555556,3.09495071804036,9.77477060520245,1.17581153993355e-18,0.00976394209042442,450,7.5,0,0,0,6.98467549913957,31.9806051849751
0.0961111111111111,3.09549411896133,9.77347192584798,1.41443282263027e-18,0.00983725108759913,450,7.5,0,0,0,6.98300291024839,31.9804026130784
0.0966666666666667,3.09603754896718,9.77217318376489,1.41441322469202e-18,0.00991063009238881,450,7.5,0,0,0,6.98133240026889,31.9802010744127
0.0972222222222223,3.09658100769197,9.77087437960932,1.41439362729684e-18,0.00998407892793531,450,7.5,0,0,0,6.97966393614075,31.9800005636661
0.0977777777777778,3.09712449477217,9.76957551403317,1.41437403044473e-18,0.0100575974181201,450,7.5,0,0,0,6.97799748502814,31.9798010755562
0.0983333333333334,3.09766800984658,9.76827658768418,1.41435443413564e-18,0.0101311853875464,450,7.5,0,0,0,6.97633301431548,31.9796026048289
0.0988888888888889,3.09821155255635,9.7669776012059,1.41433483836956e-18,0.0102048426615215,450,7.5,0,0,0,6.97467049160342,31.9794051462587
0.0994444444444445,3.09875512254489,9.76567855523783,1.41431524314648e-18,0.0102785690660394,450,7.5,0,0,0,6.9730098847047,31.9792086946484
0.1,3.09929871945792,9.76437945041544,1.41429564846635e-18,0.0103523644277635,450,7.5,0,0,0,6.97135116164026,31.9790132448284
0.100555555555556,3.09984234294336,9.76308028737018,1.41427605432918e-18,0.0104262285740096,450,7.5,0,0,0,6.96969429063527,31.9788187916572
0.101111111111111,3.10038599265138,9.76178106672955,1.41425646073492e-18,0.0105001613327294,450,7.5,0,0,0,6.96803924011537,31.9786253300205
0.101666666666667,3.10092966823432,9.76048178911718,1.41423686768356e-18,0.0105741625324933,450,7.5,0,0,0,6.96638597870279,31.9784328548313
0.102222222222222,3.10147336934668,9.75918245515283,1.41421727517507e-18,0.0106482320024747,450,7.5,0,0,0,6.96473447521277,31.9782413610297
0.102777777777778,3.10201709564511,9.75788306545246,1.41419768320944e-18,0.0107223695724335,450,7.5,0,0,0,6.96308469864982,31.9780508435824
0.103333333333333,3.10256084678836,9.75658362062828,1.41417809178663e-18,0.0107965750726997,450,7.5,0,0,0,6.96143661820415,31.9778612974828
0.103888888888889,3.10310462243728,9.75528412128877,1.41415850090664e-18,0.0108708483341583,450,7.5,0,0,0,6.95979020324819,31.9776727177507
0.104444444444445,3.10364842225477,9.75398456803875,1.41413891056943e-18,0.0109451891882331,450,7.5,0,0,0,6.95814542333308,31.9774850994321
0.105,3.10419224590576,9.75268496147939,1.41411932077498e-18,0.0110195974668714,450,7.5,0,0,0,6.95650224818525,31.977298437599
0.105555555555556,3.10473609305721,9.75138530220832,1.65344983048918e-18,0.0110940730025285,450,7.5,0,0,0,6.95486064770311,31.9771127273492
0.106111111111111,3.10527996337807,9.75008559081959,1.65342692620115e-18,0.0111686156281529,450,7.5,0,0,0,6.9532205919537,31.976927963806
0.106666666666667,3.10582385653922,9.74878582790377,1.65340402254766e-18,0.0112432251771708,450,7.5,0,0,0,6.95158205116946,31.9767441421183
0.107222222222222,3.10636777221353,9.74748601404797,1.6533811195287e-18,0.0113179014834718,450,7.5,0,0,0,6.94994499574504,31.9765612574602
0.107777777777778,3.10691171007576,9.74618614983589,1.65335821714424e-18,0.0113926443813937,450,7.5,0,0,0,6.94830939623412,31.9763793050309
0.108333333333333,3.10745566980256,9.74488623584784,1.65333531539425e-18,0.0114674537057083,450,7.5,0,0,0,6.94667522334634,31.9761982800546
0.108888888888889,3.10799965107248,9.74358627266081,1.65331241427871e-18,0.0115423292916069,450,7.5,0,0,0,6.94504244794423,31.9760181777802
0.109444444444445,3.10854365356589,9.7422862608485,1.65328951379758e-18,0.0116172709746857,450,7.5,0,0,0,6.94341104104023,31.9758389934811
0.11,3.109087676965,9.74098620098134,1.65326661395085e-18,0.0116922785909325,450,7.5,0,0,0,6.94178097379369,31.9756607224554
0.110555555555556,3.10963172095384,9.73968609362657,1.65324371473849e-18,0.0117673519767117,450,7.5,0,0,0,6.94015221750797,31.9754833600253
0.111111111111111,3.1101757852182,9.73838593934822,1.65322081616046e-18,0.0118424909687511,450,7.5,0,0,0,6.9385247436276,31.9753069015372
0.111666666666667,3.11071986944565,9.73708573870722,1.65318791301171e-18,0.0119176954041281,450,7.5,0,0,0,6.93689852373539,31.9751313423614
0.112222222222222,3.11126397332549,9.73578549226137,1.65316501584086e-18,0.0119929651202558,450,7.5,0,0,0,6.93527352954969,31.9749566778921
0.112777777777778,3.11180809654876,9.73448520056542,1.65314211930427e-18,0.0120682999548698,450,7.5,0,0,0,6.93364973292165,31.9747829035471
0.113333333333333,3.11235223880817,9.73318486417109,1.65311922340191e-18,0.0121436997460146,450,7.5,0,0,0,6.93202710583245,31.974610014768
0.113888888888889,3.11289639979813,9.73188448362714,1.65309632813375e-18,0.0122191643320306,450,7.5,0,0,0,6.9304056203907,31.9744380070195
0.114444444444445,3.1134405792147,9.73058405947934,1.65307343349977e-18,0.0122946935515408,450,7.5,0,0,0,6.92878524882977,31.9742668757897
0.115,3.11398477675559,9.72928359227056,1.65305053949995e-18,0.0123702872434376,450,7.5,0,0,0,6.92716596350522,31.9740966165898
0.115555555555556,3.11452899212012,9.7279830825408,1.65302764613425e-18,0.0124459452468703,450,7.5,0,0,0,6.9255477368922,31.973927224954
0.116111111111111,3.1150732250092,9.72668253082721,1.65300475340264e-18,0.0125216674012319,450,7.5,0,0,0,6.923930541583,31.9737586964393
0.116666666666667,3.11561747512533,9.72538193766412,1.65298186130511e-18,0.0125974535461467,450,7.5,0,0,0,6.92231435028448,31.9735910266254
0.117222222222222,3.11616174217257,9.72408130358311,1.65295896984163e-18,0.0126733035214572,450,7.5,0,0,0,6.92069913581568,31.9734242111147
0.117777777777778,3.11670602585651,9.722780629113,1.65293607901217e-18,0.0127492171672122,450,7.5,0,0,0,6.91908487110538,31.9732582455319
0.118333333333334,3.11725032588427,9.72147991477991,1.6529131888167e-18,0.0128251943236538,450,7.5,0,0,0,6.91747152918967,31.9730931255241
0.118888888888889,3.11779464196447,9.72017916110729,1.6528902992552e-18,0.0129012348312055,450,7.5,0,0,0,6.91585908320967,31.9729288467607
0.119444444444445,3.11833897380721,9.71887836861596,1.65286741032764e-18,0.0129773385304596,450,7.5,0,0,0,6.91424750640915,31.9727654049329
0.12,3.11888332112406,9.71757753782413,1.65284452203399e-18,0.0130535052621654,450,7.5,0,0,0,6.91263677213223,31.972602795754
0.120555555555556,3.11942768362803,9.71627666924743,1.65282163437423e-18,0.0131297348672169,450,7.5,0,0,0,6.91102685382116,31.9724410149593
0.121111111111111,3.11997206103356,9.71497576339896,1.65279874734834e-18,0.0132060271866405,450,7.5,0,0,0,6.90941772501402,31.9722800583053
0.121666666666667,3.12051645305651,9.71367482078931,1.6527657922938e-18,0.013282382061584,450,7.5,0,0,0,6.90780935934258,31.9721199215706
0.122222222222222,3.1210608594141,9.71237384192661,1.65274290667497e-18,0.0133587993333037,450,7.5,0,0,0,6.90620173053004,31.971960600555
0.122777777777778,3.12160527982497,9.71107282731653,1.65272002168992e-18,0.0134352788431533,450,7.5,0,0,0,6.90459481238894,31.9718020910795
0.123333333333334,3.12214971400907,9.70977177746234,1.65269713733862e-18,0.0135118204325721,450,7.5,0,0,0,6.902988578819,31.9716443889865
0.123888888888889,3.12269416168773,9.70847069286492,1.65267425362105e-18,0.0135884239430732,450,7.5,0,0,0,6.90138300380501,31.9714874901395
0.124444444444445,3.12323862258358,9.70716957402282,1.65265137053717e-18,0.0136650892162321,450,7.5,0,0,0,6.89977806141478,31.9713313904229
0.125,3.12378309642054,9.70586842143226,1.65262848808698e-18,0.0137418160936753,450,7.5,0,0,0,6.89817372579706,31.9711760857419
0.125555555555556,3.12432758292385,9.70456723558717,1.65260560627043e-18,0.0138186044170687,450,7.5,0,0,0,6.8965699711795,31.9710215720227
0.126111111111111,3.12487208181999,9.70326601697923,1.6525827250875e-18,0.0138954540281061,450,7.5,0,0,0,6.89496677186668,31.9708678452117
0.126666666666667,3.12541659283672,9.70196476609791,1.65255984453816e-18,0.0139723647684985,450,7.5,0,0,0,6.89336410223811,31.9707149012762
0.127222222222222,3.12596111570301,9.70066348343045,1.89352345232903e-18,0.0140493364799623,450,7.5,0,0,0,6.89176193674625,31.9705627362038
0.127777777777778,3.12650565014906,9.69936216946197,1.89349723660231e-18,0.0141263690042083,450,7.5,0,0,0,6.89016024991457,31.9704113460022
0.128333333333334,3.12705019590628,9.69806082467541,1.89347102160148e-18,0.0142034621829306,450,7.5,0,0,0,6.88855901633568,31.9702607266995
0.128888888888889,3.12759475270726,9.69675944955162,1.89344480732653e-18,0.0142806158577956,450,7.5,0,0,0,6.88695821066936,31.9701108743437
0.129444444444445,3.12813932028577,9.6954580445694,2.13457301573783e-18,0.0143578298704308,450,7.5,0,0,0,6.88535780764074,31.969961785003
0.13,3.1286838983767,9.69415661020544,2.37573987195521e-18,0.014435104062414,450,7.5,0,0,0,6.88375778203839,31.9698134547652
0.130555555555556,3.12922848671613,9.69285514693448,2.3757069822458e-18,0.0145124382752623,450,7.5,0,0,0,6.88215810871255,31.9696658797379
0.131111111111111,3.12977308504123,9.69155365522922,2.61695447478093e-18,0.0145898323504213,450,7.5,0,0,0,6.88055876257322,31.9695190560483
0.131666666666667,3.13031769309027,9.6902521355604,2.61691824670303e-18,0.0146672861292541,450,7.5,0,0,0,6.87895971858845,31.9693729798433
0.132222222222222,3.13086231060264,9.68895058839687,2.61688201962817e-18,0.0147447994530307,450,7.5,0,0,0,6.87736095178248,31.969227647289
0.132777777777778,3.13140693731877,9.68764901420553,2.61684579355631e-18,0.0148223721629171,450,7.5,0,0,0,6.87576243723401,31.969083054571
0.133333333333334,3.13195157298017,9.68634741345141,2.6168095684874e-18,0.0149000040999649,450,7.5,0,0,0,6.87416415007447,31.9689391978939
0.133888888888889,3.1324962173294,9.68504578659771,2.61677334442141e-18,0.0149776951051001,450,7.5,0,0,0,6.87256606548624,31.9687960734815
0.134444444444445,3.13304087011003,9.68374413410578,2.6167371213583e-18,0.0150554450191129,450,7.5,0,0,0,6.87096815870095,31.9686536775766
0.135,3.13358553106666,9.68244245643519,2.61670089929802e-18,0.015133253682647,450,7.5,0,0,0,6.86937040499779,31.968512006441
0.135555555555556,3.13413019994487,9.68114075404375,2.61666467824052e-18,0.0152111209361889,450,7.5,0,0,0,6.86777277970184,31.9683710563551
0.136111111111111,3.13467487649124,9.67983902738751,2.61662845818578e-18,0.0152890466200575,450,7.5,0,0,0,6.86617525818236,31.968230823618
0.136666666666667,3.1352195604533,9.67853727692081,2.85829253136582e-18,0.0153670305743935,450,7.5,0,0,0,6.86457781585114,31.9680913045476
0.137222222222223,3.13576425157955,9.67723550309633,2.85825296777678e-18,0.015445072639149,450,7.5,0,0,0,6.8629804281609,31.96795249548
0.137777777777778,3.13630894961941,9.67593370636506,2.85821340528299e-18,0.0155231726540771,450,7.5,0,0,0,6.86138307060362,31.9678143927699
0.138333333333334,3.13685365432325,9.67463188717636,2.85817384388439e-18,0.0156013304587211,450,7.5,0,0,0,6.85978571870894,31.9676769927902
0.138888888888889,3.13739836544231,9.673330045978,2.85813428358093e-18,0.0156795458924046,450,7.5,0,0,0,6.85818834804256,31.967540291932
0.139444444444445,3.13794308272877,9.67202818321615,2.85809472437258e-18,0.0157578187942209,450,7.5,0,0,0,6.85659093420466,31.9674042866045
0.14,3.13848780593564,9.67072629933544,2.85805516625928e-18,0.0158361490030224,450,7.5,0,0,0,6.85499345282829,31.9672689732347
0.140555555555556,3.13903253481683,9.66942439477897,2.858015609241e-18,0.0159145363574106,450,7.5,0,0,0,6.85339587957787,31.9671343482679
0.141111111111111,3.13957726912708,9.66812246998834,2.85797605331768e-18,0.0159929806957257,450,7.5,0,0,0,6.85179819014758,31.9670004081667
0.141666666666667,3.14012200862198,9.66682052540367,3.10001475913179e-18,0.016071481856036,450,7.5,0,0,0,6.85020036025985,31.9668671494118
0.142222222222223,3.14066675305792,9.66551856146363,3.09997185504425e-18,0.0161500396761279,450,7.5,0,0,0,6.84860236566381,31.9667345685012
0.142777777777778,3.14121150219213,9.66421657860545,3.09992895214428e-18,0.0162286539934957,450,7.5,0,0,0,6.84700418213381,31.9666026619507
0.143333333333334,3.1417562557826,9.662914577265,3.09988605043183e-18,0.0163073246453308,450,7.5,0,0,0,6.84540578546788,31.9664714262932
0.143888888888889,3.14230101358811,9.66161255787675,3.09984314990684e-18,0.0163860514685121,450,7.5,0,0,0,6.84380715148622,31.9663408580792
0.144444444444445,3.14284577536821,9.66031052087383,3.09980025056927e-18,0.0164648342995952,450,7.5,0,0,0,6.84220825602978,31.9662109538762
0.145,3.14339054088319,9.65900846668804,3.09975735241907e-18,0.0165436729748024,450,7.5,0,0,0,6.8406090749587,31.9660817102688
0.145555555555556,3.14393530989408,9.65770639574989,3.09971445545618e-18,0.0166225673300125,450,7.5,0,0,0,6.8390095841509,31.9659531238589
0.146111111111111,3.14448008216263,9.65640430848863,3.09967155968057e-18,0.0167015172007504,450,7.5,0,0,0,6.83740975950061,31.9658251912651
0.146666666666667,3.14502485745131,9.65510220533223,3.09962866509217e-18,0.0167805224221769,450,7.5,0,0,0,6.83580957691689,31.9656979091229
0.147222222222223,3.14556963552326,9.65380008670748,3.09958577169095e-18,0.0168595828290785,450,7.5,0,0,0,6.83420901232224,31.9655712740846
0.147777777777778,3.14611441614233,9.65249795303995,3.34208314306278e-18,0.0169386982558571,450,7.5,0,0,0,6.83260804165113,31.9654452828191
0.148333333333334,3.14665919907301,9.65119580475403,3.34203689579859e-18,0.0170178685365199,450,7.5,0,0,0,6.83100664084858,31.9653199320119
0.148888888888889,3.14720398408045,9.649893642273,3.3419906498143e-18,0.0170970935046691,450,7.5,0,0,0,6.82940478586876,31.965195218365
0.149444444444445,3.14774877093044,9.64859146601897,3.34194440510988e-18,0.0171763729934915,450,7.5,0,0,0,6.82780245267354,31.9650711385968
0.15,3.1482935593894,9.647289276413,3.34189816168525e-18,0.0172557068357483,450,7.5,0,0,0,6.82619961723117,31.964947689442
0.150555555555556,3.14883834922436,9.64598707387505,3.34185191954038e-18,0.0173350948637652,450,7.5,0,0,0,6.82459625551479,31.9648248676514
0.151111111111112,3.14938314020293,9.64468485882403,3.34180567867519e-18,0.0174145369094215,450,7.5,0,0,0,6.8229923435011,31.9647026699921
0.151666666666667,3.14992793209334,9.64338263167786,3.34175943908966e-18,0.0174940328041403,450,7.5,0,0,0,6.82138785716896,31.964581093247
0.152222222222223,3.15047272466434,9.64208039285341,3.34171320078371e-18,0.0175735823788782,450,7.5,0,0,0,6.81978277249801,31.9644601342152
0.152777777777778,3.15101751768529,9.64077814276662,3.34166696375729e-18,0.0176531854641147,450,7.5,0,0,0,6.81817706546732,31.9643397897115
0.153333333333334,3.15156231092604,9.63947588183247,3.34162072801036e-18,0.0177328418898421,450,7.5,0,0,0,6.81657071205402,31.9642200565666
0.153888888888889,3.15210710415702,9.63817361046501,3.34157449354287e-18,0.0178125514855553,450,7.5,0,0,0,6.81496368823191,31.9641009316267
0.154444444444445,3.15265189714914,9.63687132907738,3.34152826035474e-18,0.0178923140802412,450,7.5,0,0,0,6.81335596997015,31.9639824117537
0.155,3.15319668967383,9.63556903808187,3.34148202844594e-18,0.0179721295023683,450,7.5,0,0,0,6.8117475332319,31.9638644938251
0.155555555555556,3.153741481503,9.6342667378899,3.34143579781642e-18,0.0180519975798767,450,7.5,0,0,0,6.81013835397297,31.9637471747337
0.156111111111112,3.15428627240904,9.63296442891207,3.34138956846611e-18,0.0181319181401675,450,7.5,0,0,0,6.80852840814046,31.9636304513877
0.156666666666667,3.15483106216479,9.63166211155817,3.34134334039496e-18,0.0182118910100922,450,7.5,0,0,0,6.8069176716715,31.9635143207104
0.157222222222223,3.15537585054355,9.63035978623722,3.34129711360293e-18,0.0182919160159425,450,7.5,0,0,0,6.80530612049181,31.9633987796406
0.157777777777778,3.15592063731906,9.62905745335749,3.34125088808995e-18,0.0183719929834397,450,7.5,0,0,0,6.8036937305145,31.9632838251319
0.158333333333334,3.15646542226547,9.62775511332651,3.34120466385598e-18,0.0184521217377245,450,7.5,0,0,0,6.80208047763864,31.9631694541531
0.158888888888889,3.15701020515734,9.62645276655111,3.34115844090097e-18,0.0185323021033461,450,7.5,0,0,0,6.800466337748,31.9630556636876
0.159444444444445,3.15755498576963,9.62515041343744,3.34111221922485e-18,0.018612533904252,450,7.5,0,0,0,6.79885128670972,31.9629424507341
0.16,3.15809976387767,9.62384805439099,3.34106599882758e-18,0.0186928169637769,450,7.5,0,0,0,6.79723530037301,31.9628298123058
0.160555555555556,3.15868823594504,9.62267880550186,3.34106599882758e-18,0.018773151104633,450,7.5,0,0,0,6.79561835456783,31.9627177454304
0.161111111111112,3.15927672013261,9.62150951178963,3.34106599882758e-18,0.0188537970366749,450,7.5,0,0,0,6.79453538388222,31.9626062161273
0.161666666666667,3.15986521824433,9.62034017256983,3.58466663997418e-18,0.0189344951062995,450,7.5,0,0,0,6.7934523786459,31.9624952443036
0.162222222222223,3.16045373065877,9.61917078931049,3.58466663997418e-18,0.0190152452098098,450,7.5,0,0,0,6.79236892135486,31.962384828555
0.162777777777778,3.16104225656364,9.61800136365423,3.58466663997418e-18,0.0190960475568453,450,7.5,0,0,0,6.79128499512362,31.9622749651286
0.163333333333334,3.16163079504999,9.61683189657802,3.58466663997418e-18,0.0191769023955181,450,7.5,0,0,0,6.79020058731313,31.962165650135
0.163888888888889,3.16221934557709,9.61566238888749,3.58466663997418e-18,0.0192578098251895,450,7.5,0,0,0,6.78911568400795,31.9620568804455
0.164444444444445,3.16280790769903,9.61449284108505,3.58466663997418e-18,0.0193387699067026,450,7.5,0,0,0,6.78803027075715,31.9619486531318
0.165,3.16339648113766,9.61332325343252,3.58466663997418e-18,0.019419782633008,450,7.5,0,0,0,6.78694433386219,31.9618409655966
0.165555555555556,3.1639850657479,9.61215362600149,3.58466663997418e-18,0.0195008479431618,450,7.5,0,0,0,6.78585786018088,31.9617338154923
0.166111111111112,3.16457366148995,9.61098395872735,3.58466663997418e-18,0.0195819657335652,450,7.5,0,0,0,6.78477083703668,31.9616272006567
0.166666666666667,3.16516226839934,9.60981425145283,3.584644216177e-18,0.0196631358700234,450,7.5,0,0,0,6.78368325209133,31.9615211190483
0.167222222222223,3.16575088656288,9.60864450396259,3.584644216177e-18,0.0197443581974714,450,7.5,0,0,0,6.78259509324842,31.9614155686956
0.167777777777778,3.16633951609948,9.60747471600955,3.584644216177e-18,0.0198256325476824,450,7.5,0,0,0,6.78150634857564,31.9613105476587
0.168333333333334,3.16692815714563,9.60630488733459,3.584644216177e-18,0.0199069587451403,450,7.5,0,0,0,6.78041700624499,31.961206054001
0.168888888888889,3.16751680984446,9.60513501768093,3.584644216177e-18,0.019988336611428,450,7.5,0,0,0,6.77932705448717,31.9611020857701
0.169444444444445,3.16810547433782,9.60396510680439,3.584644216177e-18,0.0200697659684296,450,7.5,0,0,0,6.77823648155727,31.9609986409844
0.170000000000001,3.16869415076059,9.60279515448032,3.82892555117814e-18,0.0201512466406023,450,7.5,0,0,0,6.77714527570948,31.9608957176251
0.170555555555556,3.16928283923683,9.6016251605081,3.82892555117814e-18,0.0202327784565261,450,7.5,0,0,0,6.77605342517883,31.9607933136318
0.171111111111112,3.1698715398773,9.60045512471382,3.82892555117814e-18,0.0203143612498987,450,7.5,0,0,0,6.77496091816842,31.9606914269013
0.171666666666667,3.17046025277801,9.59928504695142,3.82892555117814e-18,0.0203959948601093,450,7.5,0,0,0,6.77386774284088,31.9605900552873
0.172222222222223,3.17104897801953,9.59811492710284,3.82892555117814e-18,0.0204776791324969,450,7.5,0,0,0,6.77277388731304,31.9604891966031
0.172777777777778,3.17163771566694,9.59694476507751,3.82890152064149e-18,0.0205594139183774,450,7.5,0,0,0,6.77167933965309,31.9603888486237
0.173333333333334,3.17222646577015,9.59577456081116,3.82890152064149e-18,0.0206411990749048,450,7.5,0,0,0,6.77058408787945,31.9602890090897
0.173888888888889,3.17281522836448,9.59460431426442,3.82890152064149e-18,0.0207230344648164,450,7.5,0,0,0,6.76948811996104,31.9601896757106
0.174444444444445,3.17340400347147,9.5934340254212,3.82890152064149e-18,0.0208049199561032,450,7.5,0,0,0,6.76839142381839,31.960090846169
0.175000000000001,3.17399279109982,9.59226369428687,3.82890152064149e-18,0.0208868554216331,450,7.5,0,0,0,6.76729398732545,31.959992518124
0.175555555555556,3.17458159124633,9.5910933208865,3.82890152064149e-18,0.020968840738751,450,7.5,0,0,0,6.76619579831173,31.9598946892155
0.176111111111112,3.1751704038969,9.58992290526309,3.82890152064149e-18,0.0210508757888721,450,7.5,0,0,0,6.76509684456466,31.9597973570671
0.176666666666667,3.17575922902752,9.58875244747587,3.82890152064149e-18,0.0211329604570794,450,7.5,0,0,0,6.7639971138321,31.9597005192899
0.177222222222223,3.1763480666052,9.58758194759866,3.82890152064149e-18,0.021215094631736,450,7.5,0,0,0,6.76289659382476,31.9596041734853
0.177777777777778,3.17693691658888,9.58641140571835,3.82890152064149e-18,0.0212972782041151,450,7.5,0,0,0,6.76179527221858,31.9595083172477
0.178333333333334,3.17752577893027,9.58524082193351,3.82890152064149e-18,0.0213795110680543,450,7.5,0,0,0,6.76069313665703,31.9594129481675
0.178888888888889,3.17811465357462,9.58407019635305,3.82890152064149e-18,0.0214617931196336,450,7.5,0,0,0,6.75959017475319,31.9593180638325
0.179444444444445,3.17870354046145,9.58289952909509,3.82890152064149e-18,0.0215441242568797,450,7.5,0,0,0,6.75848637409168,31.959223661831
0.180000000000001,3.1792924395252,9.58172882028586,3.82890152064149e-18,0.0216265043794957,450,7.5,0,0,0,6.75738172223043,31.9591297397527
0.180555555555556,3.17988135069582,9.58055807005872,3.82890152064149e-18,0.0217089333886156,450,7.5,0,0,0,6.75627620670226,31.9590362951906
0.181111111111112,3.18047027389932,9.57938727855333,3.82890152064149e-18,0.0217914111865822,450,7.5,0,0,0,6.75516981501629,31.9589433257424
0.181666666666667,3.18105920905822,9.57821644591485,3.82890152064149e-18,0.0218739376767486,450,7.5,0,0,0,6.75406253465912,31.9588508290117
0.182222222222223,3.181648156092,9.57704557229327,3.82890152064149e-18,0.0219565127632992,450,7.5,0,0,0,6.75295435309596,31.9587588026088
0.182777777777778,3.18223711491748,9.5758746578428,3.82890152064149e-18,0.0220391363510907,450,7.5,0,0,0,6.75184525777149,31.958667244152
0.183333333333334,3.18282608544912,9.57470370272133,3.82890152064149e-18,0.0221218083455104,450,7.5,0,0,0,6.75073523611067,31.9585761512677
0.183888888888889,3.18341506759937,9.57353270708998,3.82890152064149e-18,0.0222045286523507,450,7.5,0,0,0,6.74962427551935,31.9584855215918
0.184444444444445,3.1840040612789,9.57236167111263,3.82887734206315e-18,0.0222872971776977,450,7.5,0,0,0,6.74851236338483,31.9583953527696
0.185000000000001,3.18459306639683,9.57119059495563,3.82887734206315e-18,0.0223701138278333,450,7.5,0,0,0,6.74739948707622,31.9583056424564
0.185555555555556,3.18518208286093,9.57001947878746,3.82887734206315e-18,0.0224529785091482,450,7.5,0,0,0,6.74628563394484,31.9582163883182
0.186111111111112,3.18577111057781,9.56884832277843,3.82887734206315e-18,0.022535891128066,450,7.5,0,0,0,6.74517079132439,31.9581275880314
0.186666666666667,3.18636014945303,9.56767712710046,3.82887734206315e-18,0.0226188515909756,450,7.5,0,0,0,6.74405494653112,31.9580392392835
0.187222222222223,3.18694919939128,9.56650589192691,3.82887734206315e-18,0.0227018598041726,450,7.5,0,0,0,6.74293808686394,31.9579513397731
0.187777777777778,3.18753826029647,9.56533461743235,3.82887734206315e-18,0.0227849156738074,450,7.5,0,0,0,6.74182019960443,31.95786388721
0.188333333333334,3.18812733207184,9.56416330379242,3.82887734206315e-18,0.0228680191058394,450,7.5,0,0,0,6.74070127201681,31.9577768793154
0.18888888888889,3.18871641462,9.56299195118375,3.82887734206315e-18,0.0229511700059971,450,7.5,0,0,0,6.73958129134786,31.9576903138217
0.189444444444445,3.18930550784306,9.56182055978378,3.82887734206315e-18,0.0230343682797429,450,7.5,0,0,0,6.73846024482681,31.957604188473
0.190000000000001,3.18989461164267,9.5606491297707,4.07479319218392e-18,0.0231176138322421,450,7.5,0,0,0,6.73733811966521,31.9575185010246
0.190555555555556,3.19048372592006,9.55947766132338,4.07479319218392e-18,0.0232009065683355,450,7.5,0,0,0,6.73621490305668,31.9574332492434
0.191111111111112,3.19107285057609,9.55830615462126,4.07479319218392e-18,0.0232842463925152,450,7.5,0,0,0,6.73509058217676,31.9573484309077
0.191666666666667,3.19166198551131,9.55713460984436,4.07479319218392e-18,0.0233676332089033,450,7.5,0,0,0,6.73396514418262,31.9572640438071
0.192222222222223,3.19225113062594,9.55596302717316,4.07479319218392e-18,0.0234510669212327,450,7.5,0,0,0,6.73283857621283,31.9571800857426
0.192777777777778,3.19284028581996,9.55479140678862,4.32093614845674e-18,0.0235345474328305,450,7.5,0,0,0,6.73171086538708,31.9570965545263
0.193333333333334,3.19342945099309,9.5536197488721,4.56712452830978e-18,0.0236180746466026,450,7.5,0,0,0,6.73058199880585,31.9570134479818
0.19388888888889,3.19401862604481,9.55244805360538,4.56712452830978e-18,0.0237016484650202,450,7.5,0,0,0,6.72945196355013,31.9569307639436
0.194444444444445,3.19460781087438,9.55127632117059,4.56712452830978e-18,0.0237852687901073,450,7.5,0,0,0,6.72832074668109,31.9568485002574
0.195000000000001,3.19519700538087,9.55010455175024,4.56712452830978e-18,0.0238689355234297,450,7.5,0,0,0,6.72718833523975,31.9567666547798
0.195555555555556,3.19578620946315,9.54893274552719,4.56712452830978e-18,0.0239526485660847,450,7.5,0,0,0,6.72605471624661,31.9566852253784
0.196111111111112,3.19637542301989,9.5477609026846,4.56712452830978e-18,0.024036407818692,450,7.5,0,0,0,6.72491987670134,31.9566042099315
0.196666666666667,3.19696464594958,9.546589023406,4.56712452830978e-18,0.0241202131813845,450,7.5,0,0,0,6.72378380358237,31.9565236063284
0.197222222222223,3.19755387815053,9.54541710787523,4.56712452830978e-18,0.0242040645538006,450,7.5,0,0,0,6.7226464838466,31.9564434124688
0.197777777777778,3.19814311952089,9.54424515627645,4.56712452830978e-18,0.0242879618350765,450,7.5,0,0,0,6.72150790442895,31.9563636262632
0.198333333333334,3.19873236995859,9.54307316879415,4.56712452830978e-18,0.0243719049238389,450,7.5,0,0,0,6.72036805224204,31.9562842456325
0.19888888888889,3.19932162936143,9.54190114561314,4.56712452830978e-18,0.0244558937181986,450,7.5,0,0,0,6.71922691417577,31.956205268508
0.199444444444445,3.199910897627,9.54072908691856,4.56712452830978e-18,0.0245399281157436,450,7.5,0,0,0,6.71808447709699,31.9561266928316
0.200000000000001,3.20050017465272,9.53955699289588,4.56712452830978e-18,0.0246240080135329,450,7.5,0,0,0,6.71694072784907,31.9560485165551
0.200555555555556,3.20108946033584,9.53838486373089,4.56709545016428e-18,0.0247081333080909,450,7.5,0,0,0,6.71579565325154,31.9559707376409
0.201111111111112,3.20167875457342,9.53721269960975,4.56709545016428e-18,0.0247923038954009,450,7.5,0,0,0,6.71464924009968,31.9558933540611
0.201666666666667,3.20226805726232,9.53604050071893,4.56709545016428e-18,0.0248765196708999,450,7.5,0,0,0,6.71350147516413,31.9558163637983
0.202222222222223,3.20285736829924,9.53486826724528,4.56709545016428e-18,0.0249607805294727,450,7.5,0,0,0,6.71235234519053,31.9557397648447
0.202777777777779,3.20344668758067,9.53369599937599,4.56709545016428e-18,0.0250450863654464,450,7.5,0,0,0,6.71120183689907,31.9556635552025
0.203333333333334,3.20403601500289,9.53252369729862,4.56709545016428e-18,0.0251294370725851,450,7.5,0,0,0,6.71004993698413,31.9555877328838
0.20388888888889,3.20462535046201,9.53135136120113,4.56709545016428e-18,0.0252138325440846,450,7.5,0,0,0,6.70889663211387,31.9555122959105
0.204444444444445,3.20521469385391,9.53017899127181,4.56709545016428e-18,0.0252982726725667,450,7.5,0,0,0,6.70774190892984,31.9554372423142
0.205000000000001,3.20580404507427,9.5290065876994,4.56709545016428e-18,0.0253827573500742,450,7.5,0,0,0,6.70658575404656,31.9553625701359
0.205555555555556,3.20639340401856,9.52783415067299,4.56709545016428e-18,0.0254672864680656,450,7.5,0,0,0,6.70542815405114,31.9552882774263
0.206111111111112,3.20698277058202,9.52666168038209,4.56709545016428e-18,0.0255518599174095,450,7.5,0,0,0,6.70426909550284,31.9552143622458
0.206666666666667,3.20757214465968,9.52548917701664,4.56709545016428e-18,0.0256364775883797,450,7.5,0,0,0,6.70310856493272,31.9551408226638
0.207222222222223,3.20816152614634,9.524316640767,4.56709545016428e-18,0.0257211393706498,450,7.5,0,0,0,6.70194654884318,31.9550676567595
0.207777777777779,3.20875091493656,9.52314407182396,4.56709545016428e-18,0.0258058451532878,450,7.5,0,0,0,6.7007830337076,31.9549948626212
0.208333333333334,3.20934031092467,9.52197147037874,4.56709545016428e-18,0.025890594824751,450,7.5,0,0,0,6.6996180059699,31.9549224383463
0.20888888888889,3.20992971400473,9.52079883662305,4.56709545016428e-18,0.0259753882728805,450,7.5,0,0,0,6.69845145204413,31.9548503820417
0.209444444444445,3.21051912407059,9.51962617074903,4.56709545016428e-18,0.0260602253848958,450,7.5,0,0,0,6.6972833583141,31.9547786918232
0.210000000000001,3.21110854101583,9.5184534729493,4.56709545016428e-18,0.0261451060473897,450,7.5,0,0,0,6.69611371113291,31.9547073658158
0.210555555555556,3.21169796473375,9.51728074341696,4.56709545016428e-18,0.0262300301463229,450,7.5,0,0,0,6.69494249682261,31.9546364021534
0.211111111111112,3.21228739511743,9.51610798234562,4.56709545016428e-18,0.0263149975670183,450,7.5,0,0,0,6.69376970167373,31.954565798979
0.211666666666667,3.21287683205964,9.51493518992936,4.56709545016428e-18,0.0264000081941557,450,7.5,0,0,0,6.69259531194487,31.9544955544443
0.212222222222223,3.21346627545289,9.51376236636279,4.56709545016428e-18,0.0264850619117665,450,7.5,0,0,0,6.69141931386235,31.95442566671
0.212777777777779,3.21405572518942,9.51258951184104,4.56709545016428e-18,0.026570158603228,450,7.5,0,0,0,6.6902416936197,31.9543561339455
0.213333333333334,3.21464518116116,9.51141662655977,4.81491952731088e-18,0.0266552981512579,450,7.5,0,0,0,6.68906243737733,31.9542869543292
0.21388888888889,3.21523464325978,9.51024371071517,4.81491952731088e-18,0.0267404804379086,450,7.5,0,0,0,6.68788153126206,31.9542181260477
0.214444444444445,3.21582411137661,9.509070764504,4.81491952731088e-18,0.0268257053445621,450,7.5,0,0,0,6.68669896136673,31.9541496472966
0.215000000000001,3.21641358540273,9.50789778812355,5.0628799456885e-18,0.0269109727519235,450,7.5,0,0,0,6.68551471374976,31.9540815162801
0.215555555555556,3.21700306522886,9.50672478177172,5.0628799456885e-18,0.0269962825400162,450,7.5,0,0,0,6.68432877443476,31.9540137312108
0.216111111111112,3.21759255074545,9.50555174564696,5.0628799456885e-18,0.0270816345881756,450,7.5,0,0,0,6.68314112941007,31.9539462903096
0.216666666666667,3.21818204184259,9.50437867994833,5.0628799456885e-18,0.0271670287750435,450,7.5,0,0,0,6.6819517646284,31.9538791918063
0.217222222222223,3.21877153841009,9.50320558487547,5.0628799456885e-18,0.0272524649785624,450,7.5,0,0,0,6.68076066600634,31.9538124339386
0.217777777777779,3.2193610403374,9.50203246062866,5.0628799456885e-18,0.0273379430759695,450,7.5,0,0,0,6.67956781942397,31.9537460149528
0.218333333333334,3.21995054751363,9.50085930740877,5.0628799456885e-18,0.0274234629437909,450,7.5,0,0,0,6.67837321072445,31.9536799331036
0.21888888888889,3.22054005982756,9.49968612541734,5.0628799456885e-18,0.0275090244578358,450,7.5,0,0,0,6.67717682571357,31.9536141866535
0.219444444444445,3.22112957716762,9.49851291485651,5.0628799456885e-18,0.0275946274931903,450,7.5,0,0,0,6.67597865015934,31.9535487738737
0.220000000000001,3.2217190994219,9.49733967592912,5.31124941120287e-18,0.0276802719242116,450,7.5,0,0,0,6.67477866979154,31.9534836930432
0.220555555555556,3.2223086264781,9.49616640883862,5.31124941120287e-18,0.0277659576245218,450,7.5,0,0,0,6.67357687030134,31.9534189424491
0.221111111111112,3.22289815822357,9.49499311378919,5.31124941120287e-18,0.0278516844670018,450,7.5,0,0,0,6.67237323734082,31.9533545203867
0.221666666666668,3.2234876945453,9.49381979098566,5.31124941120287e-18,0.0279374523237855,450,7.5,0,0,0,6.67116775652257,31.9532904251592
0.222222222222223,3.22407723532989,9.49264644063357,5.31124941120287e-18,0.0280232610662531,450,7.5,0,0,0,6.66996041341925,31.9532266550779
0.222777777777779,3.22466678046356,9.49147306293916,5.31121523005101e-18,0.0281091105650254,450,7.5,0,0,0,6.66875119356316,31.9531632084619
0.223333333333334,3.22525632983215,9.49029965810939,5.31121523005101e-18,0.0281950006899571,450,7.5,0,0,0,6.66754008244581,31.953100083638
0.22388888888889,3.22584588332108,9.48912622635194,5.31121523005101e-18,0.0282809313101307,450,7.5,0,0,0,6.66632706551748,31.9530372789411
0.224444444444445,3.22642847931022,9.48836382078868,5.31120377046266e-18,0.0283669022938503,450,7.5,0,0,0,6.6651121281868,31.9529747927138
0.225000000000001,3.22701107628847,9.48760141544472,5.55996974547702e-18,0.0284528521062175,450,7.5,0,0,0,6.66389525602373,31.9529126280749
0.225555555555556,3.22759367380663,9.48683901053224,5.55995774788953e-18,0.0285388417911248,450,7.5,0,0,0,6.66267643225573,31.9528507797798
0.226111111111112,3.22817627174785,9.48607660598369,5.55994574968727e-18,0.0286248712143987,450,7.5,0,0,0,6.66145564215047,31.9527892461417
0.226666666666668,3.22875887015005,9.48531420171959,5.55993375087022e-18,0.0287109401787808,450,7.5,0,0,0,6.66023287155485,31.9527280257823
0.227222222222223,3.22934146905776,9.48455179778778,5.55992175143834e-18,0.0287970484834015,450,7.5,0,0,0,6.65900810587282,31.9526671173333
0.227777777777779,3.22992406844508,9.48378939427569,5.5599097513916e-18,0.0288831959546657,450,7.5,0,0,0,6.65778133063711,31.9526065192891
0.228333333333334,3.23050666826421,9.48302699129865,5.55989775072998e-18,0.0289693824267758,450,7.5,0,0,0,6.65655253126885,31.9525462301065
0.22888888888889,3.23108926845191,9.48226458899106,5.55988574945344e-18,0.02905560773913,450,7.5,0,0,0,6.65532169308241,31.9524862482197
0.229444444444445,3.2316718689344,9.48150218750225,5.55987374756196e-18,0.0291418717343518,450,7.5,0,0,0,6.65408880130451,31.9524265720505
0.230000000000001,3.23225446962964,9.48073978699373,5.55986174505551e-18,0.0292281742573494,450,7.5,0,0,0,6.65285384108302,31.9523672000144
0.230555555555556,3.23283707044885,9.4799773876372,5.55984974193406e-18,0.0293145151547029,450,7.5,0,0,0,6.65161679749255,31.9523081305233
0.231111111111112,3.2334196712976,9.47921498961307,5.55983773819758e-18,0.0294008942742178,450,7.5,0,0,0,6.65037765553863,31.9522493619886
0.231666666666668,3.23400227207667,9.47845259310911,5.55982573384605e-18,0.0294873114645692,450,7.5,0,0,0,6.6491364001608,31.9521908928229
0.232222222222223,3.23458487268276,9.47769019831942,5.55981372887943e-18,0.0295737665750084,450,7.5,0,0,0,6.64789301623527,31.9521327214415
0.232777777777779,3.23516747300906,9.47692780544359,5.5598017232977e-18,0.0296602594551176,450,7.5,0,0,0,6.64664748857699,31.9520748462637
0.233333333333334,3.23575007294574,9.47616541468587,5.80924091752353e-18,0.0297467899546031,450,7.5,0,0,0,6.64539980194131,31.9520172657139
0.23388888888889,3.23633267238038,9.47540302625463,5.8092283720016e-18,0.0298333579231216,450,7.5,0,0,0,6.64414994102532,31.9519599782224
0.234444444444445,3.2369152711983,9.47464064036181,5.80921582583686e-18,0.0299199632101329,450,7.5,0,0,0,6.64289789046892,31.9519029822258
0.235000000000001,3.23749786928283,9.47387825722251,5.80920327902929e-18,0.0300066056647751,450,7.5,0,0,0,6.64164363485563,31.9518462761676
0.235555555555556,3.23808046651556,9.47311587705462,5.80915316170557e-18,0.03009328513576,450,7.5,0,0,0,6.64038715871316,31.9517898584988
0.236111111111112,3.23866306277654,9.47235350007853,5.8091406136934e-18,0.0301800014712836,450,7.5,0,0,0,6.63912844651388,31.9517337276777
0.236666666666668,3.23924565794444,9.47159112651689,5.8091280650383e-18,0.0302667545189502,450,7.5,0,0,0,6.6378674826751,31.9516778821705
0.237222222222223,3.23982825189668,9.47082875659442,5.80911551574026e-18,0.0303535441257081,450,7.5,0,0,0,6.63660425155923,31.9516223204514
0.237777777777779,3.24041084450955,9.4700663905377,5.80910296579924e-18,0.030440370137794,450,7.5,0,0,0,6.63533873747384,31.9515670410024
0.238333333333334,3.2409934356583,9.46930402857509,5.80909041521521e-18,0.0305272324006865,450,7.5,0,0,0,6.63407092467165,31.9515120423135
0.23888888888889,3.24157602521718,9.46854167093658,5.80907786398815e-18,0.0306141307590649,450,7.5,0,0,0,6.63280079735042,31.951457322883
0.239444444444445,3.24215861305958,9.46777931785372,5.80906531211801e-18,0.030701065056774,450,7.5,0,0,0,6.63152833965282,31.951402881217
0.240000000000001,3.242741199058,9.46701696955953,5.80905275960477e-18,0.0307880351367941,450,7.5,0,0,0,6.63025353566618,31.9513487158296
0.240555555555557,3.24332378308414,9.46625462628849,5.80904020644841e-18,0.0308750408412135,450,7.5,0,0,0,6.6289763694223,31.951294825243
0.241111111111112,3.24390636500889,9.46549228827642,6.0591076932895e-18,0.0309620820112054,450,7.5,0,0,0,6.6276968248971,31.9512412079869
0.241666666666668,3.24448894470241,9.46472995576051,6.05909459837499e-18,0.0310491584870066,450,7.5,0,0,0,6.62641488601036,31.9511878625992
0.242222222222223,3.2450715220341,9.46396762897926,6.05908150278958e-18,0.0311362701078988,450,7.5,0,0,0,6.62513053662533,31.9511347876253
0.242777777777779,3.24565409687264,9.46320530817246,6.05906840653322e-18,0.0312234167121918,450,7.5,0,0,0,6.62384376054842,31.9510819816182
0.243333333333334,3.24623666908598,9.46244299358119,6.0590553096059e-18,0.0313105981372076,450,7.5,0,0,0,6.62255454152878,31.9510294431385
0.24388888888889,3.24681923854139,9.4616806854478,6.05904221200757e-18,0.0313978142192663,450,7.5,0,0,0,6.62126286325792,31.9509771707543
0.244444444444445,3.24740180510541,9.46091838401593,6.05902911373821e-18,0.0314850647936728,450,7.5,0,0,0,6.61996870936931,31.950925163041
0.245000000000001,3.24798436864391,9.46015608953046,6.05901601479778e-18,0.0315723496947044,450,7.5,0,0,0,6.61867206343796,31.9508734185811
0.245555555555557,3.24856692902202,9.45939380223755,6.05900291518625e-18,0.0316596687555985,450,7.5,0,0,0,6.61737290897999,31.9508219359646
0.246111111111112,3.2491494861042,9.45863152238466,6.05898981490359e-18,0.0317470218085423,450,7.5,0,0,0,6.6160712294522,31.9507707137883
0.246666666666668,3.2497320397542,9.45786925022048,6.05897671394977e-18,0.0318344086846608,450,7.5,0,0,0,6.61476700825163,31.9507197506561
0.247222222222223,3.25031458983508,9.45710698599503,6.05896361232475e-18,0.0319218292140073,450,7.5,0,0,0,6.61346022871514,31.9506690451789
0.247777777777779,3.25089713620915,9.4563447299596,6.05895051002852e-18,0.0320092832255526,450,7.5,0,0,0,6.61215087411891,31.9506185959744
0.248333333333334,3.25147967873806,9.45558248236678,6.05893740706102e-18,0.0320967705471753,450,7.5,0,0,0,6.61083892767805,31.9505684016668
0.24888888888889,3.25206221728269,9.45482024347051,6.05892430342224e-18,0.0321842910056518,450,7.5,0,0,0,6.6095243725461,31.9505184608874
0.249444444444445,3.25264475170323,9.45405801352602,6.05891119911215e-18,0.0322718444266467,450,7.5,0,0,0,6.60820719181462,31.9504687722736
0.250000000000001,3.25322728185913,9.45329579278991,6.0588980941307e-18,0.0323594306347033,450,7.5,0,0,0,6.60688736851269,31.9504193344698
0.250555555555557,3.25380980760908,9.45253358152011,6.05888498847788e-18,0.0324470494532337,450,7.5,0,0,0,6.60556488560647,31.9503701461266
0.251111111111112,3.25439232881107,9.45177137997592,6.05887188215364e-18,0.0325347007045098,450,7.5,0,0,0,6.60423972599874,31.9503212059009
0.251666666666668,3.25497484532228,9.45100918841803,6.05885877515795e-18,0.0326223842096534,450,7.5,0,0,0,6.60291187252843,31.9502725124561
0.252222222222223,3.25555735699918,9.4502470071085,6.30982398707659e-18,0.0327100997886268,450,7.5,0,0,0,6.60158130797018,31.9502240644616
0.252777777777779,3.25613986369743,9.44948483631085,6.30981033574525e-18,0.0327978472602234,450,7.5,0,0,0,6.60024801503388,31.9501758605934
0.253333333333334,3.25672236527196,9.44872267628996,6.30979668371456e-18,0.0328856264420583,450,7.5,0,0,0,6.59891197636415,31.9501278995331
0.25388888888889,3.25730486157686,9.44796052731221,6.30978303098448e-18,0.0329734371505585,450,7.5,0,0,0,6.59757317453997,31.9500801799687
0.254444444444445,3.25784228875573,9.44706771956606,6.3096410281209e-18,0.0330612792009532,450,7.5,0,0,0,6.59623159207414,31.9500327005941
0.255000000000001,3.25837969569874,9.4461749525943,6.30949902193424e-18,0.0331486938097706,450,7.5,0,0,0,6.59423394368228,31.949985490542
0.255555555555556,3.2589170800845,9.44528227317581,6.56063522855623e-18,0.033236137835102,450,7.5,0,0,0,6.59630608056611,31.949938525336
0.256111111111112,3.25945441603808,9.44438939009903,6.56053028829321e-18,0.0333236076031425,450,7.5,0,0,0,6.59837287392816,31.9498917540283
0.256666666666667,3.25999186464035,9.44349629836,6.56042535059852e-18,0.0334111242139538,450,7.5,0,0,0,6.60043099723846,31.9498454865994
0.257222222222223,3.26052942867252,9.44260302060999,6.56027764910971e-18,0.0334986860382786,450,7.5,0,0,0,6.60248041133401,31.9497997145608
0.257777777777778,3.26111219959086,9.441840163544,6.56026345027738e-18,0.0335862975131951,450,7.5,0,0,0,6.60452114742974,31.9497544007259
0.258333333333334,3.26169507521661,9.44107713636855,6.56024925071767e-18,0.0336744290331974,450,7.5,0,0,0,6.60318387522119,31.9497094787946
0.25888888888889,3.26227804563799,9.44031418436927,6.56023505043054e-18,0.0337626206055389,450,7.5,0,0,0,6.60184084629664,31.9496649394282
0.259444444444445,3.26286097517266,9.43955132102564,6.56022084941597e-18,0.0338508582887078,450,7.5,0,0,0,6.60049480816641,31.9496205150355
0.260000000000001,3.26344385635307,9.43878853482568,6.56020664767392e-18,0.0339391447626762,450,7.5,0,0,0,6.59914579521023,31.9495761967338
0.260555555555556,3.2640266955479,9.43802581049297,6.56019244520436e-18,0.0340274772216372,450,7.5,0,0,0,6.59779383165476,31.9495320023577
0.261111111111112,3.26456434943827,9.43713261387065,6.56004467560005e-18,0.0341158520266248,450,7.5,0,0,0,6.59643894219704,31.9494879526948
0.261666666666667,3.26510196382071,9.43623947979171,6.55993974497079e-18,0.0342037922989544,450,7.5,0,0,0,6.59849347505602,31.9494440982633
0.262222222222223,3.26563954360394,9.4353461579796,6.55983481690923e-18,0.0342917665231211,450,7.5,0,0,0,6.60054213229434,31.9494004317802
0.262777777777778,3.26617722722843,9.43445264046554,6.55972989141525e-18,0.0343797904072771,450,7.5,0,0,0,6.60258225604557,31.9493572198917
0.263333333333334,3.2667601977391,9.43368940453214,6.55971568697205e-18,0.0344678616629022,450,7.5,0,0,0,6.60461375234937,31.9493144594097
0.263888888888889,3.26734328199413,9.43292597941136,6.55970148180121e-18,0.0345564613826834,450,7.5,0,0,0,6.60326496107748,31.949272090996
0.264444444444445,3.2679264715999,9.43216261206418,6.5596872759027e-18,0.0346451168198142,450,7.5,0,0,0,6.60191048115485,31.9492301078109
0.265,3.26850962994733,9.43139931826346,6.55967306927648e-18,0.0347338142717323,450,7.5,0,0,0,6.60055304419022,31.9491882399557
0.265555555555556,3.26909274830006,9.4306360887297,6.55965886192253e-18,0.0348225569237684,450,7.5,0,0,0,6.59919267824118,31.9491464757127
0.266111111111111,3.26967583179156,9.42987291018613,6.5596446538408e-18,0.0349113424638974,450,7.5,0,0,0,6.59782940133376,31.9491048302929
0.266666666666667,3.27021366134387,9.4289793730387,6.55949678585206e-18,0.0350001676953878,450,7.5,0,0,0,6.59646323263976,31.9490633222397
0.267222222222222,3.27075145643014,9.42808589086864,6.55939186417096e-18,0.0350885439282652,450,7.5,0,0,0,6.59850905424943,31.9490220001778
0.267777777777778,3.2712892211038,9.42719221442228,6.55924397976368e-18,0.0351769521755666,450,7.5,0,0,0,6.60054906279338,31.9489808552572
0.268333333333334,3.27182709323934,9.42629833683138,6.55913906390388e-18,0.0352654085411124,450,7.5,0,0,0,6.60258064601893,31.9489401532015
0.268888888888889,3.27241032992878,9.42553461372838,6.55912485394109e-18,0.0353539109849719,450,7.5,0,0,0,6.60460366609162,31.9488998898569
0.269444444444445,3.27299368273484,9.42477069817128,6.55911064325041e-18,0.0354429530831885,450,7.5,0,0,0,6.60324382797562,31.948860004914
0.27,3.273577142699,9.42400683834159,6.5590964318318e-18,0.0355320501067267,450,7.5,0,0,0,6.60187832247623,31.9488204907487
0.270555555555556,3.27416057253704,9.42324305078404,6.55908221968524e-18,0.0356211884490887,450,7.5,0,0,0,6.60050986861266,31.9487810764854
0.271111111111111,3.27474396308554,9.42247932663968,6.55906800681068e-18,0.0357103714619071,450,7.5,0,0,0,6.59913849214688,31.9487417499526
0.271666666666667,3.2753273192453,9.42171565292752,6.55905379320809e-18,0.0357995969237197,450,7.5,0,0,0,6.59776420980021,31.948702526297
0.272222222222222,3.27586534710116,9.42082174313615,6.55894887790565e-18,0.0358888617010334,450,7.5,0,0,0,6.59638703972581,31.9486634241288
0.272777777777778,3.27640334066619,9.41992788822765,6.55884396516982e-18,0.0359776648952201,450,7.5,0,0,0,6.59842465350513,31.9486244921805
0.273333333333333,3.27694130387162,9.41903383869257,6.55873905500049e-18,0.0360664998120648,450,7.5,0,0,0,6.60045647652498,31.9485857217212
0.273888888888889,3.27747937473334,9.41813958779191,6.55863414739752e-18,0.0361553827067301,450,7.5,0,0,0,6.60247999540607,31.9485473791035
0.274444444444444,3.27806288494939,9.41737536864372,6.81133336240234e-18,0.0362443115713377,450,7.5,0,0,0,6.60449498042517,31.9485094603565
0.275,3.27864651121932,9.41661095748413,6.81131859822455e-18,0.0363337923416607,450,7.5,0,0,0,6.60312427843836,31.9484719051297
0.275555555555555,3.27923024440255,9.4158466032581,6.81130383329052e-18,0.0364233280936473,450,7.5,0,0,0,6.60174791675639,31.9484347057653
0.276111111111111,3.27981394679257,9.41508232277993,6.8112890676002e-18,0.0365129051763079,450,7.5,0,0,0,6.60036860433467,31.9483975908775
0.276666666666667,3.28039760907686,9.41431810717033,6.81127430115358e-18,0.036602526995837,450,7.5,0,0,0,6.59898636599168,31.9483605483331
0.277222222222222,3.28098123616745,9.4135539433667,7.06419796150919e-18,0.0366921913233525,450,7.5,0,0,0,6.59760121831589,31.9483235936203
0.277777777777778,3.28151945949927,9.41265966766322,7.06408496636872e-18,0.0367818950047179,450,7.5,0,0,0,6.59621317944859,31.948286745736
0.278333333333333,3.28205764782465,9.41176544808819,7.06397197399212e-18,0.0368711248031763,450,7.5,0,0,0,6.59824296632947,31.9482500537697
0.278888888888889,3.28259580510215,9.41087103451944,7.31692167349712e-18,0.0369603863153068,450,7.5,0,0,0,6.60026702185011,31.9482135092927
0.279444444444444,3.28313406968657,9.40997642015589,7.31680463889491e-18,0.037049695907639,450,7.5,0,0,0,6.60228280319145,31.9481773795562
0.28,3.28371784800904,9.40921171542066,7.31674056147988e-18,0.0371390515625503,450,7.5,0,0,0,6.60429011727264,31.9481416608549
0.280555555555555,3.28430174196032,9.40844681965261,7.31672469419479e-18,0.0372289716011856,450,7.5,0,0,0,6.60290866288375,31.9481062928196
0.281111111111111,3.28488574228374,9.4076819825896,7.31666058914793e-18,0.0373189468204921,450,7.5,0,0,0,6.60152155147158,31.9480712677656
0.281666666666666,3.28546971083424,9.40691722123292,7.31664472034199e-18,0.0374089634930069,450,7.5,0,0,0,6.60013148313936,31.9480363136478
0.282222222222222,3.28605363819586,9.40615252659814,7.31662885072327e-18,0.0374990250610048,450,7.5,0,0,0,6.59873848201383,31.9480014183512
0.282777777777777,3.28663752933883,9.40538788546623,7.31661298029172e-18,0.0375891292693142,450,7.5,0,0,0,6.59734256478682,31.9479665976902
0.283333333333333,3.28717594106881,9.40449325691537,7.31649594785093e-18,0.0376792729265253,450,7.5,0,0,0,6.59594374979515,31.9479318710263
0.283888888888888,3.28771431693379,9.40359868594431,7.31637891827234e-18,0.037768930385299,450,7.5,0,0,0,6.59796606078075,31.9478972877759
0.284444444444444,3.28825266094894,9.40270392164697,7.31626189155579e-18,0.0378586195793971,450,7.5,0,0,0,6.59998270602704,31.9478628397737
0.284999999999999,3.28879111190263,9.40180895712539,7.31614486770115e-18,0.0379483569877166,450,7.5,0,0,0,6.60199108704981,31.9478287952593
0.285555555555555,3.28932967362165,9.40091381091238,7.31602784670826e-18,0.0380381405751762,450,7.5,0,0,0,6.6039910729302,31.9477951507357
0.286111111111111,3.28991381995025,9.40014845865255,7.31601197359372e-18,0.0381279738827523,450,7.5,0,0,0,6.60598271049188,31.9477618760779
0.286666666666666,3.290498069895,9.39938293641227,7.3159960996662e-18,0.0382183894434005,450,7.5,0,0,0,6.60459212850492,31.947728909827
0.287222222222222,3.29108241456464,9.3986174878236,7.31593185096402e-18,0.0383088642952238,450,7.5,0,0,0,6.60319587649574,31.9476962467048
0.287777777777777,3.29166671919182,9.39785212610639,7.31591597551539e-18,0.0383993839405308,450,7.5,0,0,0,6.60179660531215,31.9476636226847
0.288333333333333,3.29225097645279,9.39708683901385,7.31590009925367e-18,0.0384899509807611,450,7.5,0,0,0,6.6003944764381,31.9476310307992
0.288888888888888,3.29283519312263,9.39632161075943,7.31588422217882e-18,0.0385805624361828,450,7.5,0,0,0,6.59898938828661,31.9475984911958
0.289444444444444,3.29341937793565,9.39555642545774,7.3158683442908e-18,0.0386712145478496,450,7.5,0,0,0,6.59758140855559,31.9475660266121
0.289999999999999,3.29395799973469,9.39466139181454,7.31575132431441e-18,0.0387619035330887,450,7.5,0,0,0,6.59617056622198,31.9475336586309
0.290555555555555,3.29449659076893,9.39376640849344,7.31563430719938e-18,0.0388520891104179,450,7.5,0,0,0,6.59818166491781,31.947501434554
0.29111111111111,3.29503515396962,9.39287122656928,7.31551729294558e-18,0.0389423045558556,450,7.5,0,0,0,6.60018723218612,31.9474693435513
0.291666666666666,3.29557382702915,9.39197584073008,7.31540028155284e-18,0.0390325668744515,450,7.5,0,0,0,6.60218455035279,31.947437651334
0.292222222222221,3.29615817971555,9.39121009185113,7.31538440135481e-18,0.0391228743889003,450,7.5,0,0,0,6.60417360648901,31.9474063524234
0.292777777777777,3.29674264882269,9.39044415192196,7.31536852034348e-18,0.0392137731499827,450,7.5,0,0,0,6.60276966999248,31.947375384567
0.293333333333332,3.29732722431232,9.38967827258019,7.31535263851881e-18,0.0393047269485273,450,7.5,0,0,0,6.60136009164168,31.9473447386001
0.293888888888888,3.29791176698854,9.38891247177268,7.31528824505797e-18,0.0393957220879283,450,7.5,0,0,0,6.59994754976991,31.9473141405262
0.294444444444444,3.29849626691233,9.38814674071889,7.31527236171181e-18,0.0394867622084454,450,7.5,0,0,0,6.59853206536817,31.9472835773978
0.294999999999999,3.2990351222159,9.38725129969271,7.31515535208457e-18,0.039577845093866,450,7.5,0,0,0,6.59711365412367,31.9472530650276
0.295555555555555,3.29957393224965,9.38635593048413,7.31503834531804e-18,0.039668419082603,450,7.5,0,0,0,6.59911358757933,31.9472226533361
0.29611111111111,3.30011270255826,9.38546038043182,7.31487278959854e-18,0.0397590276372042,450,7.5,0,0,0,6.60110799665123,31.947192338331
0.296666666666666,3.30065157290119,9.38456463988338,7.31475578932956e-18,0.0398496866472546,450,7.5,0,0,0,6.60309418974387,31.9471623911673
0.297222222222221,3.30123618223143,9.3837984341655,7.31473990377806e-18,0.0399403934806051,450,7.5,0,0,0,6.60507216678982,31.9471328121611
0.297777777777777,3.30182090243299,9.38303204484963,7.31472401741301e-18,0.0400317047101199,450,7.5,0,0,0,6.60366048636434,31.9471035435487
0.298333333333332,3.30240572489424,9.38226572052282,7.31470813023436e-18,0.0401230723050714,450,7.5,0,0,0,6.60224316882255,31.9470745795742
0.298888888888888,3.30299051210699,9.38149947774756,7.31469224224209e-18,0.0402144821637116,450,7.5,0,0,0,6.60082288583512,31.9470456499651
0.299444444444443,3.30357525489817,9.38073330666906,7.31467635343616e-18,0.0403059376167425,450,7.5,0,0,0,6.59939966179204,31.9470167435495
0.299999999999999,3.30415995871952,9.37996719325133,7.31466046381651e-18,0.0403974362088929,450,7.5,0,0,0,6.59797351522972,31.9469878774994
0.300555555555554,3.3046989498323,9.37907147944642,7.31454346416131e-18,0.0404889745616665,450,7.5,0,0,0,6.59654446604543,31.9469590724139
0.30111111111111,3.30523790313125,9.37817582634337,7.56923479198473e-18,0.0405799881474906,450,7.5,0,0,0,6.59853791681178,31.946930378682
0.301666666666665,3.30577682285609,9.37727998288996,7.5691137224013e-18,0.0406710334950643,450,7.5,0,0,0,6.60052589100543,31.9469017888106
0.302222222222221,3.30631584787593,9.37638394190165,7.56899265577723e-18,0.0407621272573824,450,7.5,0,0,0,6.60250577943445,31.9468735714529
0.302777777777776,3.30690069055914,9.37561730793368,7.56897621022816e-18,0.0408532673510051,450,7.5,0,0,0,6.60447748707113,31.9468457236464
0.303333333333332,3.30748564674044,9.37485048747165,7.56890934151389e-18,0.0409450234406273,450,7.5,0,0,0,6.60305540901141,31.9468181847095
0.303888888888888,3.30807070678441,9.37408373165004,7.56889289438996e-18,0.0410368353349114,450,7.5,0,0,0,6.60162769351194,31.9467909465939
0.304444444444443,3.30865573177368,9.37331705813431,7.56887644642375e-18,0.0411286890867993,450,7.5,0,0,0,6.60019700365969,31.9467637360995
0.304999999999999,3.30924071192495,9.37255045756874,7.56885999761523e-18,0.0412205882650547,450,7.5,0,0,0,6.59876336070668,31.9467365408096
0.305555555555554,3.30982565241386,9.37178391617072,7.56884354796436e-18,0.041312530521493,450,7.5,0,0,0,6.59732678160855,31.946709377356
0.30611111111111,3.31036480456619,9.3708878991119,7.56872248278034e-18,0.041404512530738,450,7.5,0,0,0,6.59588728529941,31.9466822660864
0.306666666666665,3.31090391800282,9.36999194446102,7.5686014205553e-18,0.0414959571711788,450,7.5,0,0,0,6.59787468617732,31.9466552572852
0.307222222222221,3.31144299692299,9.36909579996521,7.56848036128906e-18,0.0415874335902086,450,7.5,0,0,0,6.59985667630355,31.9466283434118
0.307777777777776,3.3119821808599,9.36819945840347,7.56835930498149e-18,0.0416789586199498,450,7.5,0,0,0,6.60183056399925,31.9466017944414
0.308333333333332,3.31252147381907,9.36730293902141,7.56823825163244e-18,0.0417705301722098,450,7.5,0,0,0,6.60379633907474,31.9465756074332
0.308888888888887,3.31310665505643,9.36653571161564,7.56822179920075e-18,0.0418621519515703,450,7.5,0,0,0,6.60575400209073,31.9465497516978
0.309444444444443,3.31369193733644,9.36576831952466,7.56820534592654e-18,0.0419544081428387,450,7.5,0,0,0,6.60432320263144,31.946524165182
0.309999999999998,3.31427731141397,9.36500100815648,7.56818889180978e-18,0.0420467245173804,450,7.5,0,0,0,6.60288673594056,31.9464988422279
0.310555555555554,3.31486264153953,9.3642337912121,7.56817243685043e-18,0.0421390862803048,450,7.5,0,0,0,6.60144726282683,31.9464735171905
0.311111111111109,3.31544792012325,9.36346665585448,7.56815598104845e-18,0.0422314961198647,450,7.5,0,0,0,6.60000481516966,31.9464481829564
0.311666666666665,3.31603315426679,9.36269958555232,7.56813952440379e-18,0.042323950916726,450,7.5,0,0,0,6.59855941958866,31.9464228606771
0.312222222222221,3.31661835311648,9.36193256373237,7.56812306691643e-18,0.0424164467369024,450,7.5,0,0,0,6.59711110250445,31.9463975742149
0.312777777777776,3.31715768001534,9.36103620539949,7.56800201381123e-18,0.0425089796379112,450,7.5,0,0,0,6.59565989369425,31.9463723461683
0.313333333333332,3.31769697336398,9.36013990215764,7.56788096366417e-18,0.04260095757557,450,7.5,0,0,0,6.59763775501075,31.9463472245874
0.313888888888887,3.31823623624585,9.35924340317324,7.56775991647508e-18,0.0426929653432032,450,7.5,0,0,0,6.59961024002122,31.9463221991112
0.314444444444443,3.31877560740883,9.35834670286047,7.56763887224381e-18,0.0427850203607472,450,7.5,0,0,0,6.60157480827385,31.9462975376957
0.314999999999998,3.31931508995382,9.35744982206188,7.56751783097023e-18,0.0428771209052191,450,7.5,0,0,0,6.60353129278073,31.9462732352564
0.315555555555554,3.31990055178219,9.35668208339929,7.56750137070074e-18,0.0429692710379248,450,7.5,0,0,0,6.60547973877891,31.9462492591134
0.316111111111109,3.32048611540243,9.35591417970321,7.56748490958838e-18,0.0430620704881576,450,7.5,0,0,0,6.6040374526408,31.9462255456293
0.316666666666665,3.32107177101387,9.35514635777251,7.56746844763311e-18,0.043154930012783,450,7.5,0,0,0,6.60258949728022,31.9462020879799
0.31722222222222,3.32165738209765,9.35437863189188,7.56745198483488e-18,0.0432478348408182,450,7.5,0,0,0,6.6011385042214,31.9461786189881
0.317777777777776,3.32224294074102,9.35361098933841,7.56743552119366e-18,0.0433407877833962,450,7.5,0,0,0,6.59968456436898,31.9461551309458
0.318333333333331,3.32282845398247,9.3528434135479,7.56741905670941e-18,0.0434337857429206,450,7.5,0,0,0,6.59822764298761,31.9461316449397
0.318888888888887,3.32336800360166,9.35194665368485,7.56729801606557e-18,0.0435268247763247,450,7.5,0,0,0,6.5967677865447,31.9461081849279
0.319444444444442,3.32390751148356,9.35104996016673,7.56717697837901e-18,0.0436192980479239,450,7.5,0,0,0,6.59873201125106,31.9460848039314
0.319999999999998,3.32444698267371,9.35015308054028,7.56705594364961e-18,0.0437118035702766,450,7.5,0,0,0,6.60069091910167,31.9460614963586
0.320555555555553,3.32498655681615,9.34925600674445,7.5669349118772e-18,0.0438043580521403,450,7.5,0,0,0,6.60264197002602,31.9460385326625
0.321111111111109,3.32557219265138,9.34848793417834,7.56691844499774e-18,0.0438969592311312,450,7.5,0,0,0,6.60458502471645,31.946015911027
0.321666666666665,3.32615794008235,9.34771967883811,7.5669019772751e-18,0.04399021873179,450,7.5,0,0,0,6.60313235550259,31.9459935708577
0.32222222222222,3.3267437893204,9.34695149267312,7.56688550870924e-18,0.044083534539785,450,7.5,0,0,0,6.60167404969743,31.9459715040063
0.322777777777776,3.32732960099756,9.34618339374465,7.82338078702839e-18,0.0441768924903309,450,7.5,0,0,0,6.6002127457877,31.9459494365661
0.323333333333331,3.32791536511168,9.34541537228333,7.82336375844556e-18,0.0442702962230319,450,7.5,0,0,0,6.59874846315676,31.9459273559099
0.323888888888887,3.32850108706721,9.34464741396398,7.82334672899079e-18,0.0443637432899472,450,7.5,0,0,0,6.59728121936116,31.9459052793335
0.324444444444442,3.32904077255486,9.34375039282119,7.8232215949725e-18,0.0444572302388016,450,7.5,0,0,0,6.59581103411607,31.9458832279581
0.324999999999998,3.32958041739247,9.34285343729348,7.82309646401105e-18,0.0445501377801254,450,7.5,0,0,0,6.59777026803263,31.9458612527276
0.325555555555553,3.33012002594401,9.34195629417445,7.8229713361063e-18,0.0446430769996957,450,7.5,0,0,0,6.59972425853292,31.9458393465269
0.326111111111109,3.33065973827,9.34105895599619,7.82284621125809e-18,0.044736065010278,450,7.5,0,0,0,6.60167036144286,31.9458177804841
0.326666666666664,3.33119955851256,9.34016144260718,7.82272108946626e-18,0.0448290996833097,450,7.5,0,0,0,6.60360853696239,31.945796551998
0.32722222222222,3.33178551153647,9.3393928151318,7.82270405713273e-18,0.044922184862862,450,7.5,0,0,0,6.60553879059056,31.9457756298057
0.327777777777775,3.33237156378583,9.3386240268141,7.82268702392711e-18,0.0450159470419349,450,7.5,0,0,0,6.60407759900065,31.9457549512355
0.328333333333331,3.33295770570951,9.33785532439521,7.82266998984935e-18,0.0451097700111318,450,7.5,0,0,0,6.60261073000187,31.9457345102056
0.328888888888886,3.33354380082078,9.33708672197761,8.07964379916994e-18,0.0452036387433011,450,7.5,0,0,0,6.60114080150641,31.9457140398001
0.329444444444442,3.33412984130775,9.33631820624302,8.07962620368468e-18,0.0452975559994659,450,7.5,0,0,0,6.59966790642652,31.945693532701
0.329999999999998,3.33471583453829,9.3355497600356,8.07960860729851e-18,0.0453915185459656,450,7.5,0,0,0,6.59819200934138,31.9456730108069
0.330555555555553,3.33525570617684,9.33465239296938,8.07947937565757e-18,0.0454855223052876,450,7.5,0,0,0,6.59671315856244,31.945652498847
0.331111111111109,3.33579553481527,9.33375509422737,8.07935014717302e-18,0.0455789333555628,450,7.5,0,0,0,6.59865945878251,31.9456320504545
0.331666666666664,3.33633532567022,9.332857610711,8.07922092184471e-18,0.0456723765849664,450,7.5,0,0,0,6.60060057406983,31.9456116604299
0.33222222222222,3.33687521874264,9.33195993415315,8.07909169967247e-18,0.0457658688620731,450,7.5,0,0,0,6.60253391814344,31.9455915999888
0.332777777777775,3.33746132933214,9.33119099937051,8.07907410072646e-18,0.0458594078887437,450,7.5,0,0,0,6.60445940854385,31.9455718675694
0.333333333333331,3.33804755070121,9.33042188369403,8.07905650087939e-18,0.0459536323965174,450,7.5,0,0,0,6.60298787520559,31.9455524022324
0.333888888888886,3.33863387283919,9.32965283997783,8.07903890013119e-18,0.046047913465502,450,7.5,0,0,0,6.60151069738348,31.9455331954683
0.334444444444442,3.33922015587774,9.3288838866497,8.07902129848185e-18,0.0461422368084879,450,7.5,0,0,0,6.60003050017832,31.945513972467
0.334999999999997,3.339806389612,9.32811501371831,8.07900369593131e-18,0.046236606135051,450,7.5,0,0,0,6.59854730153032,31.945494720324
0.335555555555553,3.34039257956923,9.32734620652338,8.07898609247954e-18,0.0463310189428617,450,7.5,0,0,0,6.59706111928275,31.9454754566988
0.336111111111108,3.34093257515228,9.32644859978553,8.07885687097435e-18,0.0464254717011711,450,7.5,0,0,0,6.59557197362899,31.9454562031811
0.336666666666664,3.34147252882273,9.3255510607519,8.07872765262483e-18,0.0465193179438126,450,7.5,0,0,0,6.59751393090903,31.945437011132
0.337222222222219,3.34201244505486,9.32465333537872,8.07859843743081e-18,0.0466131957835725,450,7.5,0,0,0,6.5994507271332,31.9454178737063
0.337777777777775,3.34255246437229,9.32375541603256,8.07846922539215e-18,0.046707122529901,450,7.5,0,0,0,6.60137980904941,31.9453990629978
0.33833333333333,3.34309259100871,9.32285732296758,8.07834001650868e-18,0.046801096025972,450,7.5,0,0,0,6.60330105479941,31.9453805766063
0.338888888888886,3.34367900608017,9.32208785676915,8.07832241008115e-18,0.0468951202096857,450,7.5,0,0,0,6.60521449407262,31.945362382857
0.339444444444442,3.34426551929849,9.3213182320546,8.0783048027522e-18,0.0469898488442065,450,7.5,0,0,0,6.60373450106132,31.9453444186302
0.339999999999997,3.34485212090652,9.32054869663752,8.0782871945218e-18,0.0470846386673012,450,7.5,0,0,0,6.60224881508858,31.9453266775332
0.340555555555553,3.34543867382442,9.31977926487607,8.33617749246393e-18,0.0471794744853576,450,7.5,0,0,0,6.60076000337968,31.9453088915859
0.341111111111108,3.34602517009889,9.31900992310738,8.33615932021023e-18,0.0472743591053697,450,7.5,0,0,0,6.59926827556859,31.9452910533345
0.341666666666664,3.34661161728843,9.31824065372964,8.33614114702617e-18,0.0473692892119363,450,7.5,0,0,0,6.59777347910299,31.9452731851881
0.342222222222219,3.34715178480165,9.3173427270273,8.33600781368905e-18,0.0474642606266666,450,7.5,0,0,0,6.59627570226526,31.9452553124712
0.342777777777775,3.34769190794828,9.31644487086644,8.59395589197102e-18,0.0475586120926557,450,7.5,0,0,0,6.59820546360192,31.9452374893233
0.34333333333333,3.34823199208857,9.31554683099216,8.59381843730248e-18,0.0476529956520118,450,7.5,0,0,0,6.6001301664,31.9452197108773
0.343888888888886,3.34877217786299,9.31464859894022,8.59368098598989e-18,0.0477474283828837,450,7.5,0,0,0,6.60204716845189,31.9452022496478
0.344444444444441,3.34935873718394,9.31387884887827,8.59366224743255e-18,0.0478419079526445,450,7.5,0,0,0,6.60395645063966,31.9451851042868
0.344999999999997,3.34994540658004,9.31310891965562,8.59364350791587e-18,0.0479371004799786,450,7.5,0,0,0,6.60246610703239,31.9451682134127
0.345555555555552,3.35053217578876,9.31233906559144,8.59362476743981e-18,0.0480323498825039,450,7.5,0,0,0,6.60097004178607,31.9451515680724
0.346111111111108,3.35111890413148,9.31156930550517,8.59360602600433e-18,0.0481276417147723,450,7.5,0,0,0,6.59947104160832,31.9451348919376
0.346666666666663,3.35170558118671,9.31079962911936,8.59358728360938e-18,0.0482229797599679,450,7.5,0,0,0,6.59796895108959,31.9451181718085
0.347222222222219,3.35224590540385,9.30990142162451,8.59344983344424e-18,0.0483183614493286,450,7.5,0,0,0,6.5964638457943,31.945101425785
0.347777777777775,3.35278617762684,9.3090032966466,8.59331238663466e-18,0.0484131143127409,450,7.5,0,0,0,6.59838519989517,31.945084706252
0.34833333333333,3.35332640421983,9.3081049976817,8.59317494318045e-18,0.0485079017337293,450,7.5,0,0,0,6.60030151835911,31.9450680112009
0.348888888888886,3.35386672706748,9.30720651391572,8.59303750308144e-18,0.0486027403181037,450,7.5,0,0,0,6.60221016266471,31.9450516163242
0.349444444444441,3.35445348628954,9.3064364053516,8.59301875796001e-18,0.0486976272196042,450,7.5,0,0,0,6.60411112890575,31.945035523389
0.349999999999997,3.35504035246677,9.30566612196673,8.59300001187894e-18,0.0487932399536309,450,7.5,0,0,0,6.60261336539028,31.9450196733165
0.350555555555552,3.35562731605664,9.30489591700534,8.59298126483818e-18,0.0488889103879216,450,7.5,0,0,0,6.60110992651669,31.9450040588872
0.351111111111108,3.3562142369753,9.3041258086099,8.5929625168377e-18,0.048984623804638,450,7.5,0,0,0,6.59960342403014,31.9449884051669
0.351666666666663,3.35680110517583,9.30335578583677,8.59294376787746e-18,0.0490803838345529,450,7.5,0,0,0,6.59809387612018,31.9449726998612
0.352222222222219,3.35734155255949,9.30245734577307,8.59280632892436e-18,0.0491761877577057,450,7.5,0,0,0,6.59658130284216,31.94495696192
0.352777777777774,3.35788194719325,9.30155898919082,8.59266889332605e-18,0.0492713511760682,450,7.5,0,0,0,6.5984943967735,31.944941244417
0.35333333333333,3.35842229566508,9.3006604593725,8.59253146108237e-18,0.0493665491758024,450,7.5,0,0,0,6.6004025061789,31.9449255458341
0.353888888888885,3.35896273997777,9.29976174528101,8.85134438950332e-18,0.0494617983697318,450,7.5,0,0,0,6.6023029978437,31.9449101421407
0.354444444444441,3.35954968729136,9.29899129451391,8.85132507269305e-18,0.0495570958670875,450,7.5,0,0,0,6.60419586786429,31.9448950353747
0.354999999999996,3.3601367412438,9.29822066960546,8.8513057548939e-18,0.049653131022755,450,7.5,0,0,0,6.60269067098964,31.9448801664291
0.355555555555552,3.36072389223417,9.29745012389704,8.85128643610585e-18,0.0497492239146746,450,7.5,0,0,0,6.60117979579878,31.9448655280036
0.356111111111107,3.36131100012494,9.29667967566663,8.85126711632883e-18,0.049845359781642,450,7.5,0,0,0,6.5996658486663,31.944850845085
0.356666666666663,3.36189805479422,9.29590931388389,8.85124779556281e-18,0.0499415422798342,450,7.5,0,0,0,6.59814884719395,31.9448361052678
0.357222222222219,3.3624386212654,9.29501064798281,8.85110622613594e-18,0.0500377686681815,450,7.5,0,0,0,6.59662881154947,31.944821327633
0.357777777777774,3.36297913460004,9.29411206616577,8.85096466016421e-18,0.050133342664097,450,7.5,0,0,0,6.59853390563057,31.9448065654204
0.35833333333333,3.36351960144111,9.29321331161708,8.85082309764741e-18,0.0502289511736386,450,7.5,0,0,0,6.60043406601501,31.9447918172371
0.358888888888885,3.36406016384568,9.29231437322436,8.85062105343513e-18,0.050324610871872,450,7.5,0,0,0,6.6023266636424,31.9447773591837
0.359444444444441,3.3646472959413,9.29154358626904,8.85060172999058e-18,0.0504203188559021,450,7.5,0,0,0,6.6042116941817,31.9447631933956
0.359999999999996,3.3652345343535,9.29077262593611,8.85058240555687e-18,0.05051677639406,450,7.5,0,0,0,6.60269907135473,31.9447492606135
0.360555555555552,3.36582186938232,9.29000174580585,8.85050254118316e-18,0.0506132917403484,450,7.5,0,0,0,6.60118076492651,31.9447355533763
0.361111111111107,3.36640916075813,9.28923096431583,8.85048321490316e-18,0.0507098500921822,450,7.5,0,0,0,6.59965937629958,31.9447217964433
0.361666666666663,3.36699639827077,9.28846027034658,8.85046388763385e-18,0.0508064551362953,450,7.5,0,0,0,6.59813492243296,31.9447079772811
0.362222222222218,3.36753708005839,9.28756138568552,8.85032233168475e-18,0.0509031041098894,450,7.5,0,0,0,6.59660742360847,31.9446941151143
0.362777777777774,3.36807770819329,9.28666258592654,8.85018077918996e-18,0.0509990887927557,450,7.5,0,0,0,6.59850477053448,31.9446802633712
0.363333333333329,3.36861828938388,9.28576361403748,8.85003923014929e-18,0.0510951079567007,450,7.5,0,0,0,6.60039716269375,31.9446664208117
0.363888888888885,3.36915896580693,9.28486445881543,8.84989768456257e-18,0.0511911783425519,450,7.5,0,0,0,6.60228218464934,31.9446528637987
0.36444444444444,3.36974627857444,9.2840933431888,8.84981771264375e-18,0.0512872970302982,450,7.5,0,0,0,6.6041596218229,31.944639594581
0.364999999999996,3.37033369730057,9.28332205501102,8.84979838170592e-18,0.0513841772506846,450,7.5,0,0,0,6.60263956805637,31.9446265537634
0.365555555555552,3.3709212121874,9.28255084819021,8.84977904977858e-18,0.0514811153815949,450,7.5,0,0,0,6.6011138231183,31.9446137337238
0.366111111111107,3.371508682784,9.28177974131573,8.84975971686168e-18,0.051578096569633,450,7.5,0,0,0,6.59958498397447,31.9446008588973
0.366666666666663,3.37209609879627,9.28100872315872,8.84974038295517e-18,0.0516751245302291,450,7.5,0,0,0,6.59805306698359,31.9445879166333
0.367222222222218,3.37263689148008,9.28010962785813,8.84959883951399e-18,0.0517721964743523,450,7.5,0,0,0,6.59651809260055,31.944574926323
0.367777777777774,3.37317762993833,9.279210618361,8.84945729952632e-18,0.0518685921894392,450,7.5,0,0,0,6.59840793549623,31.9445619416065
0.368333333333329,3.3737183209555,9.27831143730584,8.84925502948212e-18,0.0519650223588476,450,7.5,0,0,0,6.60029289144936,31.9445489614163
0.368888888888885,3.3742591068905,9.27741207338001,8.84911349737228e-18,0.0520615037937257,450,7.5,0,0,0,6.60217048697502,31.9445362624957
0.36944444444444,3.37484659585835,9.27664063715474,8.84909416078603e-18,0.0521580335545066,450,7.5,0,0,0,6.60404056842612,31.9445238472199
0.369999999999996,3.37543419044589,9.27586902916873,8.84907482321001e-18,0.0522553368835801,450,7.5,0,0,0,6.60251306897865,31.9445116560348
0.370555555555551,3.37602188075824,9.27509750375494,8.84905548464417e-18,0.0523526982339163,450,7.5,0,0,0,6.60097980758364,31.9444996811524
0.371111111111107,3.3766095261095,9.2743260796608,8.84903614508846e-18,0.0524501026938301,450,7.5,0,0,0,6.59944356096773,31.9444876465747
0.371666666666662,3.37719711611815,9.27355474552859,8.84901680454284e-18,0.0525475540074158,450,7.5,0,0,0,6.5979041612478,31.944475539526
0.372222222222218,3.37773801516097,9.2726554478582,9.10927315377927e-18,0.0526450493576354,450,7.5,0,0,0,6.59636169022945,31.944463379584
0.372777777777773,3.37827885938383,9.27175623692105,9.10912746153449e-18,0.0527418564862652,450,7.5,0,0,0,6.59824426546306,31.9444512206084
0.373333333333329,3.37881965565322,9.27085685492152,9.10898177284383e-18,0.0528386980359295,450,7.5,0,0,0,6.6001220171663,31.9444390617135
0.373888888888884,3.37936054656815,9.26995729043119,9.10883608770713e-18,0.0529355908943142,450,7.5,0,0,0,6.60199242263634,31.944427180132
0.37444444444444,3.37994820725741,9.26918554165374,9.10881617512667e-18,0.053032532100777,450,7.5,0,0,0,6.6038553798872,31.944415578364
0.374999999999996,3.3805359732691,9.26841362183999,9.10879626152698e-18,0.0531302589609965,450,7.5,0,0,0,6.60232041215307,31.9444041966814
0.375555555555551,3.38112383460629,9.26764178584935,9.10877634690804e-18,0.0532280439546622,450,7.5,0,0,0,6.60077969059173,31.9443930271136
0.376111111111107,3.3817116502919,9.26687005258774,9.10875643126977e-18,0.0533258721054462,450,7.5,0,0,0,6.59923592994716,31.9443817931157
0.376666666666662,3.38229940985677,9.26609841057213,9.10873651461215e-18,0.0534237471877723,450,7.5,0,0,0,6.59768902024096,31.9443704817862
0.377222222222218,3.38284041078953,9.26519891866585,9.10859083068239e-18,0.053521666353933,450,7.5,0,0,0,6.59613902404777,31.9443591128853
0.377777777777773,3.38338135629415,9.26429951443818,9.10844515030613e-18,0.0536188852483628,450,7.5,0,0,0,6.59801456236832,31.9443477405071
0.378333333333329,3.38392225332437,9.26339993955715,9.10829947348321e-18,0.053716138520996,450,7.5,0,0,0,6.59988533562531,31.9443363639573
0.378888888888884,3.38446324477586,9.26250018247411,9.10815380021343e-18,0.0538134431427352,450,7.5,0,0,0,6.6017487825641,31.9443252610648
0.37944444444444,3.38500433704822,9.2616002621511,9.10800813049662e-18,0.0539107961307033,450,7.5,0,0,0,6.60360484176141,31.9443144344529
0.379999999999995,3.38559226212845,9.2608280535451,9.10798821047234e-18,0.0540082011526306,450,7.5,0,0,0,6.60545352307485,31.9443038544383
0.380555555555551,3.38618027979881,9.26005569630869,9.10796828942849e-18,0.0541064097547639,450,7.5,0,0,0,6.60391287946451,31.9442934588585
0.381111111111106,3.38676838040013,9.2592834385654,9.10794836736504e-18,0.0542046808884596,450,7.5,0,0,0,6.60236649039362,31.944283242048
0.381666666666662,3.38735642668159,9.25851129484113,9.10792844428193e-18,0.0543029987173433,450,7.5,0,0,0,6.60081694654711,31.9442729361088
0.382222222222217,3.38794441059732,9.25773924993429,9.10790852017913e-18,0.0544013660505898,450,7.5,0,0,0,6.5992642747804,31.9442625338504
0.382777777777773,3.38853234055706,9.25696728456113,9.10788859505657e-18,0.0544997792206787,450,7.5,0,0,0,6.59770850628394,31.9442520597516
0.383333333333329,3.38907343665988,9.25606759300803,9.10774292607519e-18,0.0545982336645689,450,7.5,0,0,0,6.59614967234897,31.9442415412645
0.383888888888884,3.38961448522889,9.25516797691803,9.10753431178646e-18,0.0546959696646359,450,7.5,0,0,0,6.59801545083794,31.9442310342614
0.38444444444444,3.39015549208398,9.25426818062104,9.1073886509167e-18,0.0547937371076799,450,7.5,0,0,0,6.59987655897642,31.9442205348708
0.384999999999995,3.39069659864811,9.25336819513272,9.10718000115217e-18,0.0548915536628904,450,7.5,0,0,0,6.60173044425931,31.9442103172826
0.385555555555551,3.39123780990226,9.25246804177638,9.10703434839395e-18,0.0549894169166648,450,7.5,0,0,0,6.60357702346516,31.9442003807703
0.386111111111106,3.39182593823115,9.25169545944089,9.10701442017889e-18,0.0550873310581905,450,7.5,0,0,0,6.60541630325451,31.9441906926891
0.386666666666662,3.39241416065824,9.2509227271879,9.1069944909439e-18,0.0551860628903649,450,7.5,0,0,0,6.60386701694403,31.9441811885472
0.387222222222217,3.39300246673021,9.25015009431795,9.10697456068892e-18,0.0552848568605393,450,7.5,0,0,0,6.60231198069762,31.9441718609765
0.387777777777773,3.39359071854515,9.24937757613707,9.10695462941392e-18,0.055383697262887,450,7.5,0,0,0,6.60075377806893,31.944162440723
0.388333333333328,3.39417890762561,9.24860515772543,9.10693469711884e-18,0.0554825870726669,450,7.5,0,0,0,6.59919243352525,31.9441529197338
0.388888888888884,3.39476704222547,9.24783281988624,9.10691476380363e-18,0.0555815226820556,450,7.5,0,0,0,6.59762797730451,31.9441433221974
0.389444444444439,3.39530826068054,9.24693289491345,9.1067691117786e-18,0.0556804995453063,450,7.5,0,0,0,6.59606044020737,31.944133675498
0.389999999999995,3.39584943102423,9.24603304646185,9.10662346330504e-18,0.0557787430665828,450,7.5,0,0,0,6.59791694366319,31.9441240355278
0.39055555555555,3.39639055907117,9.2451330186579,9.10647781838278e-18,0.0558770179960017,450,7.5,0,0,0,6.59976879037734,31.9441143984254
0.391111111111106,3.39693178635687,9.24423280247649,9.10633217701163e-18,0.0559753421140273,450,7.5,0,0,0,6.60161356545416,31.9441050386309
0.391666666666662,3.3974731178848,9.243332419475,9.10618653919143e-18,0.0560737130020122,450,7.5,0,0,0,6.60345105040467,31.9440959554796
0.392222222222217,3.39806144762373,9.24255947080363,9.10616660250677e-18,0.056172134904044,450,7.5,0,0,0,6.60528129524467,31.9440871160939
0.392777777777773,3.39864987074025,9.24178637371101,9.10614666480179e-18,0.0562713895916619,450,7.5,0,0,0,6.6037233353407,31.9440784557335
0.393333333333328,3.39923837667585,9.24101337788611,9.10612672607645e-18,0.0563707066584787,450,7.5,0,0,0,6.6021596102501,31.9440699668768
0.393888888888884,3.39982682731383,9.24024049873425,9.10610678633068e-18,0.0564700703133307,450,7.5,0,0,0,6.60059269964329,31.9440613798999
0.394444444444439,3.40041521412183,9.23946772110668,9.10608684556446e-18,0.0565694835477154,450,7.5,0,0,0,6.5990226275069,31.9440526867099
0.394999999999995,3.40100354548035,9.23869502552436,9.36825872639005e-18,0.0566689427012012,450,7.5,0,0,0,6.59744942454962,31.944043911806
0.39555555555555,3.40154487815743,9.2377948820502,9.36810889595868e-18,0.0567684431641584,450,7.5,0,0,0,6.59587312211806,31.9440350829251
0.396111111111106,3.4020861620499,9.23689481615106,9.36795906918002e-18,0.0568671953296564,450,7.5,0,0,0,6.59772068386047,31.9440262562652
0.396666666666661,3.40262740306534,9.23599457149265,9.3678092460539e-18,0.0569659788476831,450,7.5,0,0,0,6.59956371347781,31.9440174281583
0.397222222222217,3.40316874299403,9.23509413893036,9.36765942658012e-18,0.0570648115968988,450,7.5,0,0,0,6.6013995948676,31.9440088735541
0.397777777777772,3.40371018690562,9.23419354025084,9.3675096107585e-18,0.0571636911385779,450,7.5,0,0,0,6.60322831285557,31.9440005919077
0.398333333333328,3.40429871036379,9.23342023883927,9.6299349599523e-18,0.0572626217656088,450,7.5,0,0,0,6.60504984824134,31.9439925500859
0.398888888888883,3.40488732667277,9.23264679016553,9.62991386454599e-18,0.0573624002948086,450,7.5,0,0,0,6.60348315241675,31.9439846830786
0.399444444444439,3.40547602516168,9.23187344446301,9.62989276806011e-18,0.057462241393024,450,7.5,0,0,0,6.60191067417815,31.9439769831722
0.399999999999994,3.40606466741275,9.23110021725779,9.62980459232554e-18,0.0575621291757751,450,7.5,0,0,0,6.60033498993244,31.9439691801848
0.40055555555555,3.40665324482684,9.23032709317659,9.62978349382733e-18,0.0576620666553612,450,7.5,0,0,0,6.59875612317284,31.943961265947
0.401111111111106,3.40724176590864,9.22955405246203,9.62976239424942e-18,0.0577620501196599,450,7.5,0,0,0,6.5971741050867,31.943953265253
0.401666666666661,3.40778320584852,9.22865370297162,9.62954127350525e-18,0.0578620748959874,450,7.5,0,0,0,6.59558896757078,31.9439452061778
0.402222222222217,3.40832459641148,9.22775343197276,9.62938726701368e-18,0.0579613362918159,450,7.5,0,0,0,6.59742791708629,31.9439371452096
0.402777777777772,3.4088659435932,9.22685298254049,9.89203103458648e-18,0.0580606289345613,450,7.5,0,0,0,6.59926238981116,31.9439290788558
0.403333333333328,3.40940738951065,9.22595234542778,9.89187283271416e-18,0.058159970815796,450,7.5,0,0,0,6.60108977157765,31.9439212827062
0.403888888888883,3.40994893929011,9.22505154267226,9.89171463469766e-18,0.0582593594788884,450,7.5,0,0,0,6.60291004672927,31.9439137563033
0.404444444444439,3.41053765008548,9.2242778999103,9.8916929557644e-18,0.0583587992729144,450,7.5,0,0,0,6.60472319460896,31.9439064662229
0.404999999999994,3.41112645331167,9.22350411088045,9.89167127572175e-18,0.0584591021417341,450,7.5,0,0,0,6.60314769398252,31.9438993471375
0.40555555555555,3.41171533816995,9.22273042651888,9.89164959456966e-18,0.0585594677555958,450,7.5,0,0,0,6.60156639141226,31.9438923911031
0.406111111111105,3.41230416585384,9.22195686248965,9.89162791230808e-18,0.0586598801293511,450,7.5,0,0,0,6.59998186061023,31.9438853272058
0.406666666666661,3.41289292768791,9.22118340319011,9.89160622893696e-18,0.0587603422997013,450,7.5,0,0,0,6.59839412456567,31.9438781471838
0.407222222222216,3.41343452284522,9.22028278299748,9.89144803222089e-18,0.0588608505017063,450,7.5,0,0,0,6.59680321497061,31.9438708761338
0.407777777777772,3.4139760571329,9.21938225756853,1.01544815833109e-17,0.0589605861921145,450,7.5,0,0,0,6.59862914897053,31.9438635727097
0.408333333333327,3.41451753903915,9.21848156728867,1.01543191851434e-17,0.0590603567138129,450,7.5,0,0,0,6.60045059482935,31.9438562395971
0.408888888888883,3.41505911216905,9.21758069904128,1.04174320350761e-17,0.0591601790059082,450,7.5,0,0,0,6.60226508712124,31.9438491563292
0.409444444444439,3.41564792012928,9.21680685965414,1.04174091942604e-17,0.0592600497689526,450,7.5,0,0,0,6.60407249459094,31.9438423274318
0.409999999999994,3.41623683075331,9.21603285478545,1.04173863522758e-17,0.0593607919821402,450,7.5,0,0,0,6.60248916684651,31.9438356929783
0.41055555555555,3.41682583364096,9.21525894013537,1.04173635091224e-17,0.0594615927882613,450,7.5,0,0,0,6.60090006050575,31.9438292444213
0.411111111111105,3.41741478735045,9.21448513547201,1.04172677328226e-17,0.0595624368658845,450,7.5,0,0,0,6.59930776389347,31.9438227044723
0.411666666666661,3.41800368093584,9.21371142849179,1.04172448874912e-17,0.059663328146934,450,7.5,0,0,0,6.59771226226357,31.9438160595305
0.412222222222216,3.41854534474558,9.21281066872072,1.04170782852861e-17,0.0597642635882785,450,7.5,0,0,0,6.59611358670025,31.9438093304829
0.412777777777772,3.41908695020426,9.21191000101271,1.04169116871405e-17,0.0598644127799786,450,7.5,0,0,0,6.59793409305773,31.9438025728393
0.413333333333327,3.41962850477816,9.21100916599988,1.04167450930544e-17,0.0599645958685754,450,7.5,0,0,0,6.5997501957343,31.9437957869858
0.413888888888883,3.42017015193574,9.21010815147936,1.04165785030274e-17,0.0600648302540768,450,7.5,0,0,0,6.60155931220988,31.9437892519818
0.414444444444438,3.42071189843845,9.20920697754558,1.04164119170595e-17,0.060165112841267,450,7.5,0,0,0,6.60336142003548,31.9437829711948
0.414999999999994,3.42130094322904,9.20843272876001,1.04163890678665e-17,0.0602654475575125,450,7.5,0,0,0,6.60515650755879,31.9437769137562
0.415555555555549,3.42189007773915,9.20765833767317,1.04163662175043e-17,0.0603666722504031,450,7.5,0,0,0,6.60356734365533,31.9437710160998
0.416111111111105,3.42247929169052,9.20688405396851,1.04163433659729e-17,0.0604679602236178,450,7.5,0,0,0,6.60197236010548,31.9437652715687
0.41666666666666,3.42306844696982,9.20610989289536,1.04163205132722e-17,0.0605692952366449,450,7.5,0,0,0,6.60037412379377,31.9437594107787
0.417222222222216,3.42365753513113,9.20533583818831,1.0680236047987e-17,0.0606706802267069,450,7.5,0,0,0,6.59877265832218,31.9437534260419
0.417777777777771,3.42424656517267,9.20456186920196,1.06802126138241e-17,0.0607721112805922,450,7.5,0,0,0,6.5971679969363,31.9437473432659
0.418333333333327,3.42478829030733,9.20366097094221,1.0680041807585e-17,0.0608735835266573,450,7.5,0,0,0,6.59556017338831,31.9437411915825
0.418888888888883,3.42532996515803,9.20276015242274,1.06798710055071e-17,0.0609742507442551,450,7.5,0,0,0,6.59737288895006,31.943735028296
0.419444444444438,3.42587159594441,9.20185915635657,1.06797002075904e-17,0.0610749487956453,450,7.5,0,0,0,6.59918129471631,31.9437288503508
0.419999999999994,3.42641332498356,9.20095797329758,1.06795294138345e-17,0.0611756958998168,450,7.5,0,0,0,6.60098278473764,31.9437229337479
0.420555555555549,3.42695515751187,9.20005662593418,1.06793586242393e-17,0.0612764895705853,450,7.5,0,0,0,6.60277734197148,31.9437172782375
0.421111111111105,3.42754437278419,9.1992820628191,1.06793351861153e-17,0.0613773343044692,450,7.5,0,0,0,6.6045649418304,31.9437118496925
0.42166666666666,3.42813367933451,9.19850735613638,1.06792366004529e-17,0.061479083676767,450,7.5,0,0,0,6.60296681440123,31.9437065819986
0.422222222222216,3.42872306602917,9.19773275758954,1.06792131600952e-17,0.0615808960731568,450,7.5,0,0,0,6.60136284665251,31.9437014666536
0.422777777777771,3.42931239363741,9.19695828321889,1.06791897185382e-17,0.0616827553246341,450,7.5,0,0,0,6.59975560192753,31.943696232005
0.423333333333327,3.42990165327571,9.19618391692134,1.06790910934609e-17,0.0617846645354236,450,7.5,0,0,0,6.59814510160975,31.9436908695166
0.423888888888882,3.4304435219123,9.19528277031724,1.06789203076677e-17,0.0618866198250606,450,7.5,0,0,0,6.5965313783792,31.943685404957
0.424444444444438,3.430985328194,9.1943817206492,1.06786743224087e-17,0.0619877609450682,450,7.5,0,0,0,6.59833198458378,31.9436798977808
0.424999999999993,3.43152708090047,9.1934805074253,1.06785035461382e-17,0.0620889366368357,450,7.5,0,0,0,6.60012829662227,31.9436743512843
0.425555555555549,3.43206892412197,9.19257911718156,1.06783327740273e-17,0.0621901640614777,450,7.5,0,0,0,6.60191775239942,31.9436690459937
0.426111111111104,3.43265822413207,9.19180437943862,1.0678309328191e-17,0.0622914398587496,450,7.5,0,0,0,6.60370032337205,31.9436639868064
0.42666666666666,3.43324762597157,9.19102947839923,1.06782858811551e-17,0.0623936287694724,450,7.5,0,0,0,6.60209421032083,31.9436591131674
0.427222222222216,3.43383711887215,9.19025467102102,1.06782624329196e-17,0.0624958764944462,450,7.5,0,0,0,6.60048228306377,31.943654415862
0.427777777777771,3.43442656069663,9.18947997762575,1.06782389834843e-17,0.0625981675392081,450,7.5,0,0,0,6.59886709784451,31.9436496163037
0.428333333333327,3.43501594019282,9.18870538550229,1.06782155328492e-17,0.0627005059406588,450,7.5,0,0,0,6.59724866044311,31.943644700417
0.428888888888882,3.43555786543995,9.18780412149822,1.09429004098659e-17,0.0628028885589757,450,7.5,0,0,0,6.59562699521267,31.9436396896599
0.429444444444438,3.43609973069262,9.18690295202343,1.09427254076575e-17,0.0629044431163137,450,7.5,0,0,0,6.59742288566367,31.9436346403016
0.429999999999993,3.43664154370441,9.18600161650627,1.09425504097112e-17,0.0630060313295945,450,7.5,0,0,0,6.59921449046997,31.9436295533354
0.430555555555549,3.43718344860951,9.18510010237955,1.09423754160268e-17,0.0631076708462484,450,7.5,0,0,0,6.60099934408618,31.9436247091642
0.431111111111104,3.4377254523709,9.18419843032392,1.09422004266041e-17,0.0632093585043801,450,7.5,0,0,0,6.60277731195795,31.9436201115326
0.43166666666666,3.43831497609224,9.18342330771654,1.09421763902428e-17,0.0633110983655258,450,7.5,0,0,0,6.60454841573487,31.9436157289227
0.432222222222215,3.43890458831547,9.1826480456061,1.09420749817485e-17,0.0634137702609706,450,7.5,0,0,0,6.60293630288164,31.9436114969947
0.432777777777771,3.43949427843852,9.18187289506643,1.09420509430977e-17,0.0635165058440906,450,7.5,0,0,0,6.6013183191859,31.9436074085365
0.433333333333326,3.44008390757913,9.18109787169652,1.09420269032169e-17,0.0636192886289907,450,7.5,0,0,0,6.59969702408755,31.9436031927464
0.433888888888882,3.44067346709801,9.1803229586186,1.09420028621062e-17,0.0637221216138824,450,7.5,0,0,0,6.59807243979666,31.9435988417056
0.434444444444437,3.44121549364191,9.17942150659491,1.0941827875349e-17,0.0638250007452125,450,7.5,0,0,0,6.59644460088549,31.9435943821244
0.434999999999993,3.44175745700238,9.17852015249271,1.09416528928528e-17,0.0639270390036309,450,7.5,0,0,0,6.59822881489861,31.9435898742919
0.435555555555548,3.44229936624781,9.1776186353144,1.09414779146176e-17,0.0640291116001221,450,7.5,0,0,0,6.6000088384824,31.9435853220815
0.436111111111104,3.44284136574806,9.1767169413285,1.0941302940643e-17,0.0641312358022447,450,7.5,0,0,0,6.60178211183856,31.9435810065758
0.43666666666666,3.44343096266943,9.17594166054906,1.09412788960353e-17,0.0642334082007494,450,7.5,0,0,0,6.60354860847014,31.9435769329421
0.437222222222215,3.4440206611189,9.17516621745355,1.09412548501975e-17,0.0643365202733929,450,7.5,0,0,0,6.60192839107151,31.9435730402335
0.437777777777771,3.44461045009132,9.17439086966511,1.09412308031295e-17,0.0644396911836592,450,7.5,0,0,0,6.60030232925696,31.9435693187879
0.438333333333326,3.44520018708148,9.1736156378825,1.09412067548312e-17,0.064542905342456,450,7.5,0,0,0,6.59867298643901,31.9435654893192
0.438888888888882,3.44578986062869,9.1728405091724,1.09411827053026e-17,0.0646461668587135,450,7.5,0,0,0,6.59704035379884,31.9435615374015
0.439444444444437,3.44633193817874,9.17193894991081,1.09410077327542e-17,0.0647494725398557,450,7.5,0,0,0,6.59540446050363,31.9435574847969
0.439999999999993,3.44687395493457,9.17103748634327,1.09408327644659e-17,0.0648519233076237,450,7.5,0,0,0,6.59718441050126,31.9435533882003
0.440555555555548,3.44741591881061,9.17013585732995,1.09406578004376e-17,0.0649544075076648,450,7.5,0,0,0,6.59896014459357,31.9435492489358
0.441111111111104,3.44795797425521,9.16923405011134,1.0940482840669e-17,0.0650569429416957,450,7.5,0,0,0,6.60072929260702,31.9435453480405
0.441666666666659,3.44850012833777,9.16833208576519,1.09403078851599e-17,0.0651595264141343,450,7.5,0,0,0,6.60249162758547,31.9435416894557
0.442222222222215,3.44908994269165,9.16755643229173,1.09402838315662e-17,0.0652621620775171,450,7.5,0,0,0,6.60424719931118,31.9435382412262
0.44277777777777,3.44967984483884,9.16678064099433,1.09402597767418e-17,0.0653657566508887,450,7.5,0,0,0,6.60262087492903,31.9435349384963
0.443333333333326,3.45026982396134,9.16600496369333,1.09402357206868e-17,0.0654694151208741,450,7.5,0,0,0,6.60098864810136,31.9435317736839
0.443888888888881,3.45085974076403,9.16522941621902,1.09402116634012e-17,0.065573120859777,450,7.5,0,0,0,6.59935307347532,31.9435284752353
0.444444444444437,3.45144958647972,9.16445398132077,1.12062686973117e-17,0.0656768769065866,450,7.5,0,0,0,6.5977141723314,31.9435250350709
0.444999999999993,3.451991757201,9.16355224918202,1.12060894880916e-17,0.0657806791223914,450,7.5,0,0,0,6.59607198004149,31.9435214803907
0.445555555555548,3.45253386374046,9.16265061639519,1.12059102832341e-17,0.0658836135402315,450,7.5,0,0,0,6.59784078623733,31.9435178720572
0.446111111111104,3.45307591537914,9.16174882110687,1.12057310827389e-17,0.0659865821002447,450,7.5,0,0,0,6.59960550538423,31.9435142143827
0.446666666666659,3.45361805696022,9.16084684934479,1.12055518866058e-17,0.0660896022284315,450,7.5,0,0,0,6.60136356036076,31.9435107893926
0.447222222222215,3.45416029622396,9.15994472154315,1.12053726948347e-17,0.0661926704719746,450,7.5,0,0,0,6.60311494432477,31.9435076024912
0.44777777777777,3.45475026889816,9.15916877818278,1.1205348047015e-17,0.0662957908428547,450,7.5,0,0,0,6.60485963583474,31.9435046225093
0.448333333333326,3.45534032895446,9.15839269756606,1.12053233979344e-17,0.0663998841711594,450,7.5,0,0,0,6.6032269694239,31.943501785014
0.448888888888881,3.45593046567421,9.15761673051625,1.12052987475928e-17,0.0665040412399636,450,7.5,0,0,0,6.60158840250213,31.9434990826644
0.449444444444437,3.45652054031393,9.15684089287528,1.12052740959902e-17,0.06660824539848,450,7.5,0,0,0,6.59994648403137,31.9434962449919
0.449999999999992,3.4571105441,9.15606516730134,1.12051695824757e-17,0.0667124996844071,450,7.5,0,0,0,6.5983012348944,31.9434932638843
0.450555555555548,3.45765279943096,9.1551632710808,1.12049903934379e-17,0.0668167999380228,450,7.5,0,0,0,6.59665269056829,31.9434901666219
0.451111111111103,3.45819499091422,9.15426147358492,1.12048112087613e-17,0.0669202179575542,450,7.5,0,0,0,6.59841067522056,31.943487014147
0.451666666666659,3.45873712784641,9.15335951387423,1.12046320284459e-17,0.0670236698772002,450,7.5,0,0,0,6.60016463838966,31.9434838107735
0.452222222222214,3.45927935456512,9.15245737800067,1.12044528524914e-17,0.0671271731416393,450,7.5,0,0,0,6.60191201129218,31.9434808375415
0.45277777777777,3.45986939285257,9.15168128950197,1.14711584378702e-17,0.0672307243095974,450,7.5,0,0,0,6.60365278300279,31.9434780998582
0.453333333333325,3.46045953198891,9.15090504061122,1.1471133193343e-17,0.0673352561229148,450,7.5,0,0,0,6.60201186292902,31.943475536135
0.453888888888881,3.46104976059048,9.15012888943065,1.14711079475243e-17,0.0674398468098918,450,7.5,0,0,0,6.60036504372975,31.9434731360326
0.454444444444437,3.4616399358872,9.14935285721945,1.14710827004142e-17,0.0675444806820052,450,7.5,0,0,0,6.59871493906902,31.9434706198044
0.454999999999992,3.46223004610845,9.14857693073043,1.14710574520126e-17,0.0676491619547518,450,7.5,0,0,0,6.59706147733714,31.943467972513
0.455555555555548,3.46277234436077,9.14767494294392,1.14707920632748e-17,0.0677538873616424,450,7.5,0,0,0,6.59540470840977,31.9434652163642
0.456111111111103,3.4633145806418,9.14677305256667,1.14706086291589e-17,0.0678577164844169,450,7.5,0,0,0,6.59715911109675,31.9434624086885
0.456666666666659,3.46385676310265,9.14587099815941,1.14704251995069e-17,0.0679615787553238,450,7.5,0,0,0,6.5989095280557,31.9434595513057
0.457222222222214,3.46439903635718,9.14496876666766,1.14702417743186e-17,0.0680654921689199,450,7.5,0,0,0,6.60065337850503,31.9434569256249
0.45777777777777,3.46494140763793,9.14406637974104,1.14700583535937e-17,0.0681694534812324,450,7.5,0,0,0,6.60239065175924,31.943454535925
0.458333333333325,3.46553165276323,9.14328993896969,1.14700331011047e-17,0.0682734669714783,450,7.5,0,0,0,6.60412132177058,31.9434523496514
0.458888888888881,3.46612198437355,9.14251336329412,1.1470007847324e-17,0.0683784808274137,450,7.5,0,0,0,6.60247412030666,31.9434503012511
0.459444444444436,3.46671239135088,9.14173690509013,1.14699825922514e-17,0.0684835588831901,450,7.5,0,0,0,6.60082097315351,31.9434483826566
0.459999999999992,3.46730273409299,9.14096058049672,1.14699573358869e-17,0.0685886843279695,450,7.5,0,0,0,6.59916442664459,31.9434463218044
0.460555555555547,3.467893003662,9.14018437170766,1.14699320782305e-17,0.0686938602536118,450,7.5,0,0,0,6.5975045006509,31.9434441104042
0.461111111111103,3.46843538194074,9.13928223534014,1.1469748658992e-17,0.0687990823945023,450,7.5,0,0,0,6.5958412316967,31.9434417763749
0.461666666666658,3.46897769464724,9.13838020028818,1.14695652442164e-17,0.0689033952173942,450,7.5,0,0,0,6.59758530100706,31.9434393814237
0.462222222222214,3.46951995137537,9.13747800396651,1.14693818339035e-17,0.0690077419048574,450,7.5,0,0,0,6.59932541873334,31.9434369305002
0.46277777777777,3.47006229737304,9.13657563205735,1.1469198428053e-17,0.0691121400851535,450,7.5,0,0,0,6.60105906483881,31.9434347064491
0.463333333333325,3.47060474057162,9.13567310556378,1.14690150266647e-17,0.0692165862439739,450,7.5,0,0,0,6.60278618011033,31.9434327150333
0.463888888888881,3.47119513088886,9.13489639856794,1.14689897647389e-17,0.0693210845227835,450,7.5,0,0,0,6.60450675675738,31.9434309244542
0.464444444444436,3.47178560739404,9.13411955705857,1.1468964501521e-17,0.0694265974101305,450,7.5,0,0,0,6.60285300939802,31.9434292695173
0.464999999999992,3.47237615905249,9.13334283276589,1.14689392370108e-17,0.0695321743569451,450,7.5,0,0,0,6.60119331263302,31.9434277423377
0.465555555555547,3.47296664661916,9.13256624185705,1.14689139712084e-17,0.0696377985054858,450,7.5,0,0,0,6.59953020842046,31.9434260715394
0.466111111111103,3.47355706114063,9.13178976640351,1.14688887041135e-17,0.06974347294952,450,7.5,0,0,0,6.59786371626883,31.9434242487773
0.466666666666658,3.47409951082046,9.13088749010763,1.14687053042092e-17,0.0698491933956123,450,7.5,0,0,0,6.59619387291586,31.9434223020795
0.467222222222214,3.47464189519402,9.12998531459147,1.14685219087666e-17,0.0699539898822614,450,7.5,0,0,0,6.59792790711397,31.9434202932662
0.467777777777769,3.4751842238886,9.12908297782312,1.14683385177853e-17,0.0700588199642931,450,7.5,0,0,0,6.59965805895085,31.943418227316
0.468333333333325,3.47572664184598,9.12818046549251,1.14681551312654e-17,0.0701637013123918,450,7.5,0,0,0,6.60138179083345,31.9434163864634
0.46888888888888,3.47626915699319,9.1272777988387,1.14679717492063e-17,0.0702686304199416,450,7.5,0,0,0,6.60309906413076,31.9434147764654
0.469444444444436,3.47685969286011,9.126500825011,1.14679464778405e-17,0.0703736114821088,450,7.5,0,0,0,6.60480986267921,31.9434133652752
0.469999999999991,3.47745031462217,9.12572371742251,1.14679212051821e-17,0.0704796214805167,450,7.5,0,0,0,6.60314953972712,31.9434120874207
0.470555555555547,3.47804101112349,9.12494672749597,1.1467895931231e-17,0.0705856954981876,450,7.5,0,0,0,6.60148326069753,31.9434109348183
0.471111111111102,3.47863164328917,9.12416987153841,1.14678706559872e-17,0.0706918166679269,450,7.5,0,0,0,6.59981356304903,31.9434096364503
0.471666666666658,3.47922220208841,9.12339313152476,1.17360676788451e-17,0.0707979881095611,450,7.5,0,0,0,6.59814046561338,31.9434081838422
0.472222222222214,3.47976472203036,9.12249071822724,1.17358800091656e-17,0.0709042055072712,450,7.5,0,0,0,6.59646400524325,31.9434066051509
0.472777777777769,3.48030717648067,9.12158840594017,1.17356923440508e-17,0.0710094844014716,450,7.5,0,0,0,6.59818831050036,31.943404962377
0.473333333333325,3.48084957512736,9.12068593299978,1.17355046835005e-17,0.0711147967732507,450,7.5,0,0,0,6.59990878549312,31.9434032606218
0.47388888888888,3.48139206270853,9.1197832850367,1.17353170275145e-17,0.0712201603320444,450,7.5,0,0,0,6.60162291510777,31.9434017817413
0.474444444444436,3.48193464718398,9.1188804834707,1.20035605651286e-17,0.0713255715637597,450,7.5,0,0,0,6.6033306411327,31.9434005315815
0.474999999999991,3.48252532572704,9.11810324846265,1.20035341012221e-17,0.0714310347054926,450,7.5,0,0,0,6.60503195262768,31.9433994779249
0.475555555555547,3.4831160896459,9.1173258808079,1.2003507635962e-17,0.0715375412853631,450,7.5,0,0,0,6.60336500061732,31.9433985550887
0.476111111111102,3.48370692769017,9.11654863169193,1.20034811693483e-17,0.0716441119428089,450,7.5,0,0,0,6.60169208270432,31.9433977548532
0.476666666666658,3.48429770091624,9.11577151751666,1.22720683074246e-17,0.0717507297806303,450,7.5,0,0,0,6.60001573246699,31.9433968064924
0.477222222222213,3.48488840024088,9.11499452010363,1.22720412457723e-17,0.0718573979347076,450,7.5,0,0,0,6.5983359681988,31.9433957014611
0.477777777777769,3.48547903572056,9.1142176163872,1.22720141827359e-17,0.0719641120543186,450,7.5,0,0,0,6.59665282702048,31.9433944681135
0.478333333333324,3.48602156287031,9.11331515597242,1.22718179445682e-17,0.0720708667240522,450,7.5,0,0,0,6.59496634719357,31.9433931384522
0.47888888888888,3.48656403649682,9.11241278005607,1.22716217111727e-17,0.0721766616203339,450,7.5,0,0,0,6.59668595605832,31.9433917721684
0.479444444444435,3.48710646345863,9.11151022987841,1.22714254825494e-17,0.0722824858226521,450,7.5,0,0,0,6.5984018369182,31.9433903674228
0.479999999999991,3.48764898688702,9.11060749539663,1.22711405962657e-17,0.0723883584642555,450,7.5,0,0,0,6.60011140424067,31.9433892018503
0.480555555555547,3.48819161234834,9.10970460185938,1.22709443786035e-17,0.0724942769783532,450,7.5,0,0,0,6.60181463605335,31.9433882757846
0.481111111111102,3.48878241667382,9.10892713413522,1.22708285882462e-17,0.0726002464351069,450,7.5,0,0,0,6.60351149354367,31.9433875523034
0.481666666666658,3.48937330778655,9.10814953326862,1.22708015196422e-17,0.072707275027553,450,7.5,0,0,0,6.60183473347219,31.9433869622318
0.482222222222213,3.48996427330234,9.10737205405758,1.22707744496538e-17,0.0728143678216637,450,7.5,0,0,0,6.60015195795811,31.9433864949505
0.482777777777769,3.49055517227928,9.10659471377443,1.2270747378281e-17,0.0729215079199184,450,7.5,0,0,0,6.59846570590867,31.9433858757815
0.483333333333324,3.49114599515257,9.10581749417554,1.22707203055236e-17,0.0730286986397505,450,7.5,0,0,0,6.59677598949065,31.9433850953333
0.48388888888888,3.49168862102409,9.10491487091843,1.22705240908604e-17,0.0731359356121477,450,7.5,0,0,0,6.59508284727671,31.9433841821471
0.484444444444435,3.49223117909205,9.1040123523009,1.22703278809682e-17,0.0732422036561353,450,7.5,0,0,0,6.59679333698734,31.943383198942
0.484999999999991,3.49277367935596,9.10310967411882,1.22701316758467e-17,0.073348505194808,450,7.5,0,0,0,6.59850009800879,31.9433821515016
0.485555555555546,3.49331626795904,9.1022068215515,1.22699354754957e-17,0.0734548582025107,450,7.5,0,0,0,6.60020056352107,31.9433813244548
0.486111111111102,3.49385895311084,9.10130381648428,1.22697392799149e-17,0.0735612590751645,450,7.5,0,0,0,6.60189472470046,31.9433807240612
0.486666666666657,3.49444988724307,9.10052611424595,1.22697122025813e-17,0.0736677121509546,450,7.5,0,0,0,6.60358255155653,31.9433803175248
0.487222222222213,3.49504090582456,9.09974828150391,1.22696851238629e-17,0.0737752397462838,450,7.5,0,0,0,6.60189889581655,31.9433800384861
0.487777777777768,3.49563199735203,9.09897057185657,1.22696580437597e-17,0.0738828319657379,450,7.5,0,0,0,6.60020914710966,31.9433798782324
0.488333333333324,3.49622302154729,9.09819300191405,1.22696309622714e-17,0.0739904716026947,450,7.5,0,0,0,6.59851602231773,31.94337956347
0.488888888888879,3.49681396921191,9.097415552774,1.22696038793982e-17,0.0740981618240518,450,7.5,0,0,0,6.59681935745064,31.9433790855591
0.489444444444435,3.49735664606854,9.09651282683115,1.22694076853951e-17,0.0742058981183323,450,7.5,0,0,0,6.59511925195305,31.9433784737535
0.489999999999991,3.49789925532974,9.09561020485906,1.22692114961617e-17,0.0743126505331742,450,7.5,0,0,0,6.59682074527307,31.9433777912731
0.490555555555546,3.49844180716021,9.09470742259526,1.22690153116977e-17,0.0744194360746115,450,7.5,0,0,0,6.59851856687396,31.9433770441704
0.491111111111102,3.49898444773539,9.09380446515304,1.22688191320028e-17,0.0745262727703718,450,7.5,0,0,0,6.60021015218738,31.9433765170883
0.491666666666657,3.49952718530133,9.09290135468954,1.22685338290726e-17,0.0746331570073757,450,7.5,0,0,0,6.60189549200215,31.9433762163049
0.492222222222213,3.50011824587738,9.09212341965763,1.2538340081021e-17,0.0747400931848211,450,7.5,0,0,0,6.60357455493894,31.9433761086837
0.492777777777768,3.50070939100531,9.09134535423511,1.25383123965943e-17,0.0748481183887807,450,7.5,0,0,0,6.6018839393426,31.9433761274663
0.493333333333324,3.50130060901943,9.09056741223463,1.25382847107517e-17,0.0749562081084956,450,7.5,0,0,0,6.60018720680308,31.9433762636197
0.493888888888879,3.50189175952306,9.08978961046621,1.25382570234934e-17,0.0750643451010029,450,7.5,0,0,0,6.59848710393347,31.9433762436185
0.494444444444435,3.50248283320722,9.08901192991662,1.2538229334819e-17,0.0751725325714874,450,7.5,0,0,0,6.59678343336519,31.9433760586226
0.49499999999999,3.50302556211398,9.08810910003851,1.25380288482912e-17,0.0752807659831436,450,7.5,0,0,0,6.59507630561732,31.9433757380259
0.495555555555546,3.50356822329193,9.08720637425194,1.25378283666366e-17,0.0753880006177595,450,7.5,0,0,0,6.59676909090191,31.9433753452463
0.496111111111101,3.50411082697568,9.08630348819056,1.25376278898548e-17,0.0754952681666125,450,7.5,0,0,0,6.59845825793969,31.9433748864714
0.496666666666657,3.50465351939807,9.08540042691132,1.25374274179458e-17,0.0756025867369071,450,7.5,0,0,0,6.60014124378991,31.943374646461
0.497222222222212,3.50519630883631,9.08449721282818,1.25372269509091e-17,0.0757099527083957,450,7.5,0,0,0,6.60181803882215,31.9433746315496
0.497777777777768,3.50578749490394,9.08371904747827,1.25371992575545e-17,0.0758173705377025,450,7.5,0,0,0,6.60348861032162,31.9433748083215
0.498333333333324,3.50637876523857,9.08294075249829,1.25371715627837e-17,0.0759258921366591,450,7.5,0,0,0,6.60179096397269,31.9433751097022
0.498888888888879,3.50697010804145,9.08216258196721,1.25371438665966e-17,0.0760344783024865,450,7.5,0,0,0,6.60008719856962,31.9433755264312
0.499444444444435,3.50756138276864,9.08138455282733,1.25371161689932e-17,0.0761431117319562,450,7.5,0,0,0,6.59838001446572,31.9433757847281
0.49999999999999,3.50815258003801,9.08060664587704,1.25370884699733e-17,0.0762517956541313,450,7.5,0,0,0,6.5966692576446,31.9433758756565
0.500555555555546,3.5086953582558,9.07970371754818,1.25368880045439e-17,0.0763605254887389,450,7.5,0,0,0,6.59495502442529,31.9433758288593
0.501111111111101,3.50923806834906,9.07880089383448,1.25366875439862e-17,0.0764682416700369,450,7.5,0,0,0,6.59663936477969,31.9433757080584
0.501666666666657,3.50978072066185,9.07789791008726,1.25364870883001e-17,0.0765759906235759,450,7.5,0,0,0,6.59832013795841,31.9433755196681
0.502222222222212,3.51032346158314,9.0769947512547,1.25362866374854e-17,0.0766837905330102,450,7.5,0,0,0,6.59999478239253,31.9433755487653
0.502777777777768,3.5108662994503,9.07609143997978,1.25360861915417e-17,0.0767916377593447,450,7.5,0,0,0,6.60166328816905,31.9433758017979
0.503333333333323,3.51140922173799,9.07518800384142,1.25358857504689e-17,0.0768995368103351,450,7.5,0,0,0,6.60332562132448,31.9433762450993
0.503888888888879,3.51200060564376,9.07440950161845,1.25358580461138e-17,0.0770074932682446,450,7.5,0,0,0,6.60498174857658,31.9433768415457
0.504444444444434,3.51259205896599,9.07363089073898,1.25358303403421e-17,0.0771165751038637,450,7.5,0,0,0,6.60327882551613,31.9433775271265
0.50499999999999,3.51318357315592,9.07285241715658,1.25358026331535e-17,0.0772257255585629,450,7.5,0,0,0,6.60156980445854,31.9433783005519
0.505555555555545,3.51377501216467,9.07207409293262,1.25357749245481e-17,0.0773349261626015,450,7.5,0,0,0,6.59985722127274,31.9433788979741
0.506111111111101,3.51436636931051,9.07129589524401,1.25357472145258e-17,0.0774441790802732,450,7.5,0,0,0,6.59814110514143,31.9433793164529
0.506666666666656,3.5149092245547,9.07039281962268,1.25355467750572e-17,0.0775534789405738,450,7.5,0,0,0,6.59642150514908,31.9433795899921
0.507222222222212,3.51545201070167,9.0694898486898,1.25353463404588e-17,0.077661749284405,450,7.5,0,0,0,6.59809121056804,31.9433797853579
0.507777777777768,3.51599473903079,9.06858671904063,1.25351459107304e-17,0.0777700524878285,450,7.5,0,0,0,6.59975742340412,31.9433799109033
0.508333333333323,3.51653755524299,9.06768341500432,1.25349454858717e-17,0.0778784064072586,450,7.5,0,0,0,6.60141760732584,31.9433802504473
0.508888888888879,3.51708046801799,9.06677995892422,1.25347450658825e-17,0.0779868072773236,450,7.5,0,0,0,6.60307174043536,31.9433808112115
0.509444444444434,3.51767193118591,9.06600128365879,1.28059040422484e-17,0.0780952595456313,450,7.5,0,0,0,6.60471979328561,31.9433815599242
0.50999999999999,3.51826347808726,9.06522247997653,1.28057818876045e-17,0.0782048463685354,450,7.5,0,0,0,6.60300962025951,31.9433824293382
0.510555555555545,3.51885509679122,9.06444380025266,1.28057535706065e-17,0.0783144974364059,450,7.5,0,0,0,6.60129338406384,31.9433834100213
0.511111111111101,3.5194466476964,9.06366526166328,1.28057252521606e-17,0.0784241954829072,450,7.5,0,0,0,6.59957360298869,31.9433842300664
0.511666666666656,3.52003812129145,9.06288684490992,1.28056969322667e-17,0.0785339437806777,450,7.5,0,0,0,6.59785029214716,31.9433848802739
0.512222222222212,3.52058102184992,9.06198367514967,1.28054921793584e-17,0.0786437377241643,450,7.5,0,0,0,6.59612349102993,31.9433853903904
0.512777777777767,3.52112385459164,9.06108060936733,1.28052874314243e-17,0.0787524864422117,450,7.5,0,0,0,6.59778539005359,31.9433858243432
0.513333333333323,3.5216666299121,9.0601773847896,1.28050826884641e-17,0.0788612675746022,450,7.5,0,0,0,6.59944385243061,31.9433861886214
0.513888888888878,3.52220949316281,9.05927398636706,1.28048779504776e-17,0.0789700993316453,450,7.5,0,0,0,6.60109632559368,31.9433867663092
0.514444444444434,3.52275245267971,9.05837043712825,1.3076251371129e-17,0.0790789780877064,450,7.5,0,0,0,6.60274279869325,31.9433875639356
0.514999999999989,3.52334403564557,9.05759154323557,1.30762224457014e-17,0.0791879084399363,450,7.5,0,0,0,6.60438323537741,31.9433885475013
0.515555555555545,3.52393570137635,9.05681252300837,1.30761935187947e-17,0.0792979886219582,450,7.5,0,0,0,6.60266585173777,31.9433896492304
0.516111111111101,3.52452743776075,9.0560336294394,1.3076164590409e-17,0.0794081334465499,450,7.5,0,0,0,6.60094235846952,31.9433908594087
0.516666666666656,3.52511910485582,9.05525487976695,1.3076135660544e-17,0.0795183255517157,450,7.5,0,0,0,6.59921533204672,31.9433919055401
0.517222222222212,3.52571069311587,9.05447625434227,1.30761067291999e-17,0.0796285682173402,450,7.5,0,0,0,6.59748472820714,31.9433927784565
0.517777777777767,3.52625363327329,9.05357300513413,1.30758976556112e-17,0.0797388567602848,450,7.5,0,0,0,6.59575060691787,31.943393508372
0.518333333333323,3.52679650451687,9.0526698615248,1.30756885871007e-17,0.0798480852202136,450,7.5,0,0,0,6.59740491409074,31.9433941597365
0.518888888888878,3.52733931744612,9.05176655993381,1.30754795236683e-17,0.0799573461367991,450,7.5,0,0,0,6.59905582855018,31.9433947394715
0.519444444444434,3.527882217859,9.05086308506759,1.30752704653137e-17,0.0800666577962169,450,7.5,0,0,0,6.60070079806494,31.9433955315499
0.519999999999989,3.52842521422651,9.04995946011857,1.30750614120366e-17,0.0801760165241497,450,7.5,0,0,0,6.60233981184804,31.9433965427443
0.520555555555545,3.52901690736906,9.04918036426058,1.30750324758021e-17,0.0802854269539892,450,7.5,0,0,0,6.60397283250975,31.9433977388543
0.5211111111111,3.52960868274403,9.04840114321737,1.3075003538088e-17,0.0803960023968093,450,7.5,0,0,0,6.60224810018332,31.943399051836
0.521666666666656,3.53020052813992,9.04762205065737,1.33471272147599e-17,0.0805066426918581,450,7.5,0,0,0,6.60051724799558,31.9434004717853
0.522222222222211,3.53079230324009,9.04684310389051,1.3347097671693e-17,0.0806173303600459,450,7.5,0,0,0,6.59878280352518,31.943401725489
0.522777777777767,3.53138399845921,9.04606428295403,1.33470681271156e-17,0.0807280686913,450,7.5,0,0,0,6.59704477078923,31.9434028037428
0.523333333333322,3.5319269709725,9.04516096667513,1.33468547241423e-17,0.080838852931266,450,7.5,0,0,0,6.5953031943665,31.9434037371359
0.523888888888878,3.53246987390648,9.04425775690036,1.33466413263516e-17,0.0809485619775771,450,7.5,0,0,0,6.59695012376589,31.9434045905398
0.524444444444433,3.53301271802903,9.04335438920248,1.33464279337432e-17,0.0810583033482574,450,7.5,0,0,0,6.59859370523385,31.9434053711978
0.524999999999989,3.53355564960644,9.04245084811695,1.33462145463169e-17,0.0811680954318978,450,7.5,0,0,0,6.60023138630537,31.9434063639768
0.525555555555545,3.53409867720433,9.04154715708895,1.33460011640723e-17,0.0812779345213993,450,7.5,0,0,0,6.60186315604313,31.9434075757793
0.5261111111111,3.53469047522711,9.04076786839168,1.36184704011824e-17,0.0813878253055974,450,7.5,0,0,0,6.60348897578127,31.9434089720794
0.526666666666656,3.5352823552312,9.03998845522529,1.36184402467245e-17,0.0814988962556978,450,7.5,0,0,0,6.60175676997062,31.9434104844522
0.527222222222211,3.53587430486323,9.03920917210658,1.36183095265803e-17,0.0816100321891812,450,7.5,0,0,0,6.60001842065498,31.9434121027054
0.527777777777767,3.53646618333737,9.03843003647239,1.36182793692616e-17,0.0817212155131595,450,7.5,0,0,0,6.59827644482479,31.9434135527129
0.528333333333322,3.53705798099807,9.03765102807247,1.36181486167022e-17,0.0818324495391962,450,7.5,0,0,0,6.59653085657332,31.9434148251717
0.528888888888878,3.53760098145344,9.03674765260997,1.36179308825553e-17,0.0819437294479947,450,7.5,0,0,0,6.59478169771666,31.9434159510178
0.529444444444433,3.53814391175117,9.0358443844175,1.36177131536953e-17,0.0820539189350702,450,7.5,0,0,0,6.59642147007271,31.943416995522
0.529999999999989,3.53868678281755,9.03494095812642,1.36174954301219e-17,0.0821641405651133,450,7.5,0,0,0,6.59805793860704,31.9434179662324
0.530555555555544,3.5392297414396,9.03403735811776,1.36172777118349e-17,0.0822744128436916,450,7.5,0,0,0,6.59968855022257,31.9434191490131
0.5311111111111,3.53977279626836,9.03313360812287,1.36169592781866e-17,0.0823847320344439,450,7.5,0,0,0,6.60131329377466,31.9434205508767
0.531666666666655,3.54031593417653,9.03222973708601,1.36167415720817e-17,0.0824951028887373,450,7.5,0,0,0,6.60293212923391,31.9434221369346
0.532222222222211,3.5409079069458,9.03145015438576,1.36167114078578e-17,0.0826055312899544,450,7.5,0,0,0,6.60454501699931,31.9434238686077
0.532777777777766,3.5414999463984,9.03067046861238,1.38897050214622e-17,0.0827171620985536,450,7.5,0,0,0,6.60280704731516,31.9434256807218
0.533333333333322,3.54209204364518,9.0298909264212,1.38896742492787e-17,0.0828288621296169,450,7.5,0,0,0,6.60106288632079,31.9434275714829
0.533888888888878,3.54268406224938,9.02911154008968,1.38896434755219e-17,0.0829406124884179,450,7.5,0,0,0,6.59931506043707,31.9434292764142
0.534444444444433,3.54327599540987,9.02833228548042,1.38896127001918e-17,0.0830524153615667,450,7.5,0,0,0,6.59756359731712,31.9434307925152
0.534999999999989,3.54381904846028,9.02742880721136,1.38893906306938e-17,0.0831642650850739,450,7.5,0,0,0,6.59580854897229,31.9434321553602
0.535555555555544,3.54436203039519,9.02652543616433,1.38891685665869e-17,0.0832750080604622,450,7.5,0,0,0,6.59743519663307,31.9434334334241
0.5361111111111,3.54490495312894,9.02562190752042,1.38889465078708e-17,0.083385783146544,450,7.5,0,0,0,6.59905861151134,31.9434346362705
0.536666666666655,3.54544796314449,9.02471820504241,1.38887244545452e-17,0.0834966085706662,450,7.5,0,0,0,6.6006762501256,31.9434360492143
0.537222222222211,3.54599106943481,9.02381435226978,1.38885024066098e-17,0.0836074804698567,450,7.5,0,0,0,6.60228810262612,31.9434376799794
0.537777777777766,3.54658310048913,9.02303463300843,1.38884716260776e-17,0.0837184035575759,450,7.5,0,0,0,6.60389412882787,31.9434394939005
0.538333333333322,3.54717521350353,9.02225478973276,1.38884408439717e-17,0.083830538283412,450,7.5,0,0,0,6.6021484000362,31.9434414220904
0.538888888888877,3.54776739590065,9.02147507658713,1.38884100602921e-17,0.0839427376962335,450,7.5,0,0,0,6.60039650103815,31.9434434539298
0.539444444444433,3.54835950710076,9.02069551133226,1.38883792750387e-17,0.0840549841559465,450,7.5,0,0,0,6.59864096113012,31.9434453156885
0.539999999999988,3.54895153726921,9.01991607349924,1.38883484882115e-17,0.0841672810342068,450,7.5,0,0,0,6.59688177347609,31.9434469977123
0.540555555555544,3.5494946159924,9.01901253735343,1.38881264420366e-17,0.0842796234618034,450,7.5,0,0,0,6.59511898676763,31.943448531181
0.541111111111099,3.55003762464117,9.0181091081271,1.38879044012513e-17,0.0843908431025788,450,7.5,0,0,0,6.59673904793863,31.943449981715
0.541666666666655,3.55058057426003,9.01720552100027,1.38876823658552e-17,0.0845020944038714,450,7.5,0,0,0,6.59835592088713,31.9434513570637
0.542222222222211,3.55112361133242,9.01630176030106,1.38874603358483e-17,0.0846133959907515,450,7.5,0,0,0,6.59996705739422,31.9434529424977
0.542777777777766,3.55166674453856,9.01539785028903,1.38872383112301e-17,0.0847247441268077,450,7.5,0,0,0,6.60157244543774,31.943454745094
0.543333333333322,3.552209960459,9.01449382052972,1.38870162920003e-17,0.0848361436816138,450,7.5,0,0,0,6.60317204231665,31.9434567294066
0.543888888888877,3.55280216465739,9.01371381205923,1.38869854992429e-17,0.0849476006757919,450,7.5,0,0,0,6.60476580569781,31.9434588562265
0.544444444444433,3.55339443454361,9.01293370261495,1.38869547049113e-17,0.085060292123973,450,7.5,0,0,0,6.60301415431662,31.9434610598864
0.544999999999988,3.5539867610691,9.01215373855451,1.38869239090055e-17,0.0851730528962819,450,7.5,0,0,0,6.60125628281331,31.9434633383799
0.545555555555544,3.55457900796188,9.01137393227082,1.38868931115253e-17,0.0852858639851975,450,7.5,0,0,0,6.59949471178161,31.9434654276262
0.546111111111099,3.55517116835702,9.01059425918473,1.38868623124706e-17,0.0853987275928569,450,7.5,0,0,0,6.59772946805188,31.9434673245716
0.546666666666655,3.5557142937015,9.00969063226664,1.38866402949981e-17,0.0855116379570468,450.318516566878,7.5,0,0,0,6.59596060452821,31.9434690653327
0.54722222222221,3.55625734741148,9.008787113141,1.38864182829133e-17,0.0856234092535887,450.858512552453,7.5,0,0,0,6.59756818861367,31.9434726223767
0.547777777777766,3.55680034161239,9.00788343707175,1.38861962762161e-17,0.0857352123388832,451.36279619811,7.5,0,0,0,6.59917264969179,31.9434792452693
0.548333333333321,3.55734342274127,9.00697958757337,1.38859742749062e-17,0.0858470655588972,451.83542497887,7.5,0,0,0,6.60077144844062,31.9434888654883
0.548888888888877,3.55788659992839,9.00607558859085,1.38857522789833e-17,0.0859589650338083,452.298084905196,7.5,0,0,0,6.60236474732216,31.9435011799292
0.549444444444432,3.55847885555507,9.00529528821882,1.38857214747225e-17,0.0860709155911785,452.709644845938,7.5,0,0,0,6.60395262311902,31.9435159892324
0.549999999999988,3.55907128499685,9.0045144143136,1.38855870475165e-17,0.0861840737548784,452.945414522823,7.5,0,0,0,6.60219426612485,31.9435329983099
0.550555555555543,3.55966403248187,9.0037329804466,1.38855562403361e-17,0.0862971990768227,452.923223740403,7.5,0,0,0,6.60043129521743,31.9435513505502
0.551111111111099,3.56025709051055,9.00295082989934,1.38855254315808e-17,0.0864102217433554,452.65157953582,7.5,0,0,0,6.59866687269182,31.9435694218156
0.551666666666655,3.56085054576467,9.00216782116063,1.38854946212506e-17,0.0865231073891929,452.174105293149,7.5,0,0,0,6.59690145870967,31.94358589843
0.55222222222221,3.56139544060435,9.00125993994961,1.38852726287386e-17,0.0866358249839693,451.552174559992,7.5,0,0,0,6.59513533688823,31.9435997804533
0.552777777777766,3.56194084236117,9.00035118192455,1.38850506416128e-17,0.0867471615593891,450.895028233905,7.5,0,0,0,6.59675032917692,31.9436104590264
0.553333333333321,3.56248672924026,8.9994414870425,1.38848286598731e-17,0.0868583166891623,450.365097686992,7.5,0,0,0,6.59836472548007,31.9436178343412
0.553888888888877,3.56303313444303,8.99853116672593,1.38846066835192e-17,0.0869693535945832,450.144352910695,7.5,0,0,0,6.59997522600888,31.9436229047114
0.554444444444432,3.5635798857047,8.99762064546758,1.38843847125507e-17,0.0870803395199117,450.402989388423,7.5,0,0,0,6.60158078235703,31.9436273049866
0.554999999999988,3.56412674820246,8.99671037259017,1.38841627469675e-17,0.0871913661733998,451.254353815158,7.5,0,0,0,6.60318020016807,31.9436334827612
0.555555555555543,3.56472254972226,8.99592458884875,1.38841319307025e-17,0.0873025306117279,452.711984855392,7.5,0,0,0,6.60477235041497,31.9436444332234
0.556111111111099,3.56531800908949,8.99513967054438,1.38841011128622e-17,0.0874151220472087,454.667456400096,7.5,0,0,0,6.60302132177752,31.9436631587828
0.556666666666654,3.56591299044931,8.99435586323871,1.38840702934467e-17,0.0875279927520515,456.887334042416,7.5,0,0,0,6.60126151803566,31.9436921432926
0.55722222222221,3.56650735796894,8.99357287591225,1.38840394724557e-17,0.08764112329066,459.030428284005,7.5,0,0,0,6.59949583244305,31.9437323830531
0.557777777777765,3.56710127262368,8.99279005464364,1.38840086498892e-17,0.0877544500548905,460.671477890667,7.5,0,0,0,6.59772553208939,31.9437833326604
0.558333333333321,3.56764597942719,8.99188267560007,1.38837866860569e-17,0.0878678309741845,461.377016128754,7.5,0,0,0,6.59595276600199,31.9438421911377
0.558888888888876,3.56819109778941,8.99097347468617,1.38835647276091e-17,0.087979851748822,460.81095553633,7.5,0,0,0,6.59755576375808,31.9439038383885
0.559444444444432,3.56873722401811,8.99006117088025,1.38833427745456e-17,0.0880914867162659,458.819796388663,7.5,0,0,0,6.5991624993073,31.9439613456028
0.559999999999988,3.56928506672516,8.98914499205959,1.38831208268661e-17,0.0882025340030627,455.500715572178,7.5,0,0,0,6.60077288074891,31.9440074519871
0.560555555555543,3.56983505303105,8.98822467612256,1.38828988845703e-17,0.0883128254713986,451.258867157969,7.5,0,0,0,6.60238832556196,31.9440355189577
0.561111111111099,3.57043647845313,8.98742430550828,1.38828680567936e-17,0.0884223033153593,450,7.5,0,0,0,6.60400867290547,31.9440414531565
0.561666666666654,3.57104000443694,8.98662118062614,1.38828372274412e-17,0.0885322652279287,450,7.5,0,0,0,6.60229550146625,31.9440440705358
0.56222222222221,3.57164505470203,8.98581721011422,1.38828063965128e-17,0.0886417213232269,450,7.5,0,0,0,6.60058149108605,31.9440499713938
0.562777777777765,3.57225057131613,8.98501454632749,1.38827755640072e-17,0.0887510139997709,450,7.5,0,0,0,6.59886394545841,31.944056961339
0.563333333333321,3.57285536805784,8.98421551462979,1.38827447299255e-17,0.0888606102459437,450,7.5,0,0,0,6.59713839952551,31.9440627022814
0.563888888888876,3.57340896673108,8.98329700358292,1.38825227893777e-17,0.0889710165298897,450.899782951751,7.5,0,0,0,6.59539894740488,31.9440647783712
0.564444444444432,3.57396023666017,8.98238221148907,1.38823008542131e-17,0.0890811251684632,457.98597308915,7.5,0,0,0,6.59702018110123,31.9440681825968
0.564999999999987,3.57450944928165,8.98147018083123,1.38820789244312e-17,0.0891920507201759,464.662669627847,7.5,0,0,0,6.59862835535003,31.9441111205976
0.565555555555543,3.57505713429619,8.98056022175489,1.38818570000318e-17,0.0893036605501476,470.2168414306,7.5,0,0,0,6.60022302233557,31.9441914773612
0.566111111111098,3.57560367336263,8.97965179082929,1.38816350810147e-17,0.0894158042740325,474.42545236,7.5,0,0,0,6.60180657785225,31.9443021294009
0.566666666666654,3.57619859047174,8.97886758267955,1.38816042417208e-17,0.0895283635247454,477.169369125672,7.5,0,0,0,6.6033838592018,31.9444342994725
0.567222222222209,3.57679317261791,8.97807990884444,1.38815734008507e-17,0.0896423774853603,477.122490307505,7.5,0,0,0,6.60162001749806,31.9445785015993
0.567777777777765,3.57738967250064,8.97728542866478,1.38815425584042e-17,0.0897557335865788,472.718606165054,7.5,0,0,0,6.59986325021987,31.9447199688172
0.56833333333332,3.57798993814646,8.97648198359157,1.38815117143812e-17,0.0898676333998673,463.974678650826,7.5,0,0,0,6.59812526829916,31.9448334907831
0.568888888888876,3.57854590604269,8.97554536205651,1.3881289797764e-17,0.0899776048116225,452.106694723785,7.5,0,0,0,6.5964110583851,31.944895498904
0.569444444444432,3.5791071908634,8.9745996546695,1.41569902260792e-17,0.0900842572872147,450,7.5,0,0,0,6.59808971248522,31.9448923959031
0.569999999999987,3.57967349968193,8.97364651520372,1.44327297288653e-17,0.0901889380917207,450,7.5,0,0,0,6.59978797581555,31.9448875509079
0.570555555555543,3.580243917773,8.97268955681968,1.4432499005928e-17,0.0902920806717232,450,7.5,0,0,0,6.60149515627105,31.9448918863217
0.571111111111098,3.58081645034856,8.97173388834868,1.44322682885855e-17,0.0903944742806541,450,7.5,0,0,0,6.60319859615085,31.9449011233975
0.571666666666654,3.58143756201059,8.97090903928445,1.44322362128245e-17,0.0904972404004267,450,7.5,0,0,0,6.60488881261578,31.9449095722529
0.572222222222209,3.58205462140786,8.9700927732392,1.4432204135424e-17,0.090602953164522,450,7.5,0,0,0,6.6032222572299,31.9449107768485
0.572777777777765,3.58266693312254,8.96928463648952,1.44320632193742e-17,0.0907106383452139,450,7.5,0,0,0,6.60152548557581,31.9449037466369
0.57333333333332,3.58327475027607,8.96848335153196,1.44320311389381e-17,0.0908201184562572,464.166081381728,7.5,0,0,0,6.59980348984275,31.9448893621451
0.573888888888876,3.583878775154,8.96768754627481,1.44319990568622e-17,0.0909311116480147,477.292830234244,7.5,0,0,0,6.59805996291194,31.9449565611745
0.574444444444431,3.58443043479342,8.96677256178649,1.44317683431467e-17,0.0910433146873933,487.366606360149,7.5,0,0,0,6.5962986385313,31.9451014045484
0.574999999999987,3.5849797401257,8.96586079052147,1.44315376350253e-17,0.0911551997247249,494.392515851345,7.5,0,0,0,6.59788969994523,31.9453049490229
0.575555555555542,3.58552726622086,8.96495115775688,1.4431306932422e-17,0.0912677911830623,498.752051059266,7.5,0,0,0,6.59947705135536,31.9455466422098
0.576111111111098,3.58607361128049,8.96403549684034,1.44310762354121e-17,0.0913809306546265,498.022594118465,7.5,0,0,0,6.60105960032175,31.9458075628803
0.576666666666653,3.58662329067887,8.96310683748933,1.44308455439953e-17,0.0914928505164138,488.843836294813,7.5,0,0,0,6.60266027233667,31.9460585907682
0.577222222222209,3.58722952827928,8.96228503759242,1.44308134564949e-17,0.0916020340550284,471.249698411721,7.5,0,0,0,6.60429610018019,31.9462471854885
0.577777777777765,3.58784489582578,8.9614464778943,1.44307813673544e-17,0.0917089747443963,450,7.5,0,0,0,6.60264556051021,31.9463264338236
0.57833333333332,3.58846953520913,8.96059308085436,1.44307492765739e-17,0.0918123422473388,450,7.5,0,0,0,6.60103492927706,31.9462885190555
0.578888888888876,3.58910238520082,8.95972847927667,1.44307171841547e-17,0.0919124711779691,450,7.5,0,0,0,6.59945813390557,31.946270152363
0.579444444444431,3.58974142897762,8.95885883333997,1.44306850900938e-17,0.0920101535978646,450,7.5,0,0,0,6.59790034564035,31.9462663391901
0.579999999999987,3.59033385526825,8.9578692837388,1.47072403263893e-17,0.0921067452884776,450,7.5,0,0,0,6.5963412992839,31.9462698396576
0.580555555555542,3.59092440026384,8.95689248846191,1.47070052176974e-17,0.092202841290143,450,7.5,0,0,0,6.59813134512244,31.9462713351995
0.581111111111098,3.59150788939859,8.95592887470267,1.47067701147049e-17,0.0923017708200689,450,7.5,0,0,0,6.59987847071709,31.9462609151177
0.581666666666653,3.59208408603122,8.95497755897099,1.47065350174116e-17,0.0924036936061945,450,7.5,0,0,0,6.60158151380232,31.9462386478779
0.582222222222209,3.59265348084427,8.95403684833678,1.47062999258941e-17,0.092508403237278,464.750257339874,7.5,0,0,0,6.6032439135502,31.9462060426391
0.582777777777764,3.59326645343268,8.9532281067854,1.47062672107195e-17,0.092615519990931,486.756244357191,7.5,0,0,0,6.60487110825189,31.946256279409
0.58333333333332,3.59387458992433,8.9524263381828,1.4706234493873e-17,0.0927259103707829,503.635329826818,7.5,0,0,0,6.60314555965276,31.9464432062179
0.583888888888875,3.59447886946603,8.95163020995631,1.49833097192184e-17,0.0928379112519951,515.452991975674,7.5,0,0,0,6.60139518824637,31.9467374224909
0.584444444444431,3.59508002726896,8.95083840950063,1.49832763824818e-17,0.0929511579585505,522.832149985128,7.5,0,0,0,6.59963442803901,31.9471041367926
0.584999999999986,3.59567879388001,8.95004203031071,1.49832430440415e-17,0.0930653627268159,523.554599575318,7.5,0,0,0,6.59787008091808,31.9475094174668
0.585555555555542,3.59623060614471,8.94910604937441,1.49830035245072e-17,0.0931785966826592,512.601675003435,7.5,0,0,0,6.59612602562912,31.9479083232356
0.586111111111097,3.59679150739706,8.94814732133348,1.49827640107785e-17,0.0932869918609036,488.217649600667,7.5,0,0,0,6.59779653862822,31.9482215104541
0.586666666666653,3.59736499155498,8.94716479048261,1.4982524502855e-17,0.0933904307506442,453.5101315541,7.5,0,0,0,6.59953265084823,31.9483665393
0.587222222222209,3.59795164275093,8.94616093201307,1.49822850007365e-17,0.0934887283162862,450,7.5,0,0,0,6.60132889695909,31.9483057368328
0.587777777777764,3.59855009379681,8.9451404966652,1.4982045504501e-17,0.0935824015173915,450,7.5,0,0,0,6.60317173000036,31.9482525213588
0.58833333333332,3.59920723403137,8.94423403118223,1.49820121604251e-17,0.0936724845751224,450,7.5,0,0,0,6.6050402682058,31.9482222606069
0.588888888888875,3.59986942437138,8.94332869287477,1.49819788146451e-17,0.0937619237839312,450,7.5,0,0,0,6.60358676540544,31.9482058732899
0.589444444444431,3.60053099124066,8.94243758736665,1.49818315713166e-17,0.0938517215229524,450,7.5,0,0,0,6.60211955803981,31.9481917153629
0.589999999999986,3.60118468466184,8.94156344436204,1.49817982223818e-17,0.0939447238566358,450,7.5,0,0,0,6.60060585945544,31.9481656622935
0.590555555555542,3.60182899415343,8.94070614702006,1.49817648717427e-17,0.0940415216716243,450,7.5,0,0,0,6.59904127016415,31.9481252956338
0.591111111111097,3.60246398442056,8.93986425022377,1.49817315193992e-17,0.0941420691549184,451.248645408197,7.5,0,0,0,6.59742701567406,31.9480713278866
0.591666666666653,3.60304088033995,8.93891279018345,1.49813780485966e-17,0.0942460294030611,485.534177923159,7.5,0,0,0,6.59576755987686,31.9480134238862
0.592222222222208,3.60361032971553,8.93797264667537,1.49811385628928e-17,0.0943516575952212,512.948635255934,7.5,0,0,0,6.59742945899776,31.9481681544058
0.592777777777764,3.60417351848247,8.93704145611067,1.49808990829925e-17,0.0944597687257328,532.936488640932,7.5,0,0,0,6.5990575123883,31.9485072347063
0.593333333333319,3.60473175250182,8.936117286659,1.4980659608817e-17,0.0945699182361735,546.101045016584,7.5,0,0,0,6.60065599015083,31.9489846197204
0.593888888888875,3.60528610433957,8.93519783770563,1.49804201404444e-17,0.0946816808816614,553.321150056622,7.5,0,0,0,6.60224741542863,31.9495475292968
0.59444444444443,3.6058874558224,8.93438682713414,1.49803867827168e-17,0.094794556111029,548.434935569803,7.5,0,0,0,6.60383372446812,31.9501460170143
0.594999999999986,3.606496831792,8.9335483420799,1.49803534232845e-17,0.0949056831925578,524.296900520654,7.5,0,0,0,6.60214578087066,31.9506910390138
0.595555555555542,3.60712140633547,8.9326787551225,1.52584010231794e-17,0.0950109113771878,482.127819971481,7.5,0,0,0,6.60053688798252,31.9510381322484
0.596111111111097,3.60776318646398,8.93178052033193,1.52583670410203e-17,0.0951093229024486,450,7.5,0,0,0,6.59901628406089,31.9510905518788
0.596666666666653,3.60842081473899,8.93085857504387,1.52583330571246e-17,0.0952014076711963,450,7.5,0,0,0,6.5975713246383,31.9509691875711
0.597222222222208,3.60904190509185,8.92979736066517,1.52580891453832e-17,0.0952882241974478,450,7.5,0,0,0,6.59617982705136,31.9508830668274
0.597777777777764,3.60967205812067,8.92873017096341,1.52578452395517e-17,0.0953700722378981,450,7.5,0,0,0,6.59816774742711,31.9508225585084
0.598333333333319,3.61030551587646,8.9276700663517,1.52576013396299e-17,0.0954505986298556,450,7.5,0,0,0,6.60014730755364,31.9507751704689
0.598888888888875,3.61093505333364,8.9266276915571,1.52573574456174e-17,0.0955328264345785,450,7.5,0,0,0,6.60209350071755,31.9507262347311
0.59944444444443,3.61160446777512,8.92572749631806,1.52573234567787e-17,0.0956191392089211,450,7.5,0,0,0,6.60397731262617,31.9506643647065
0.599999999999986,3.61226317140189,8.92484661446499,1.52572894662031e-17,0.0957112012543428,450,7.5,0,0,0,6.6024791636361,31.950588236373
0.600555555555541,3.61291119032483,8.92398406910337,1.52572554738905e-17,0.0958076609701896,455.597721713019,7.5,0,0,0,6.60092138861484,31.9504984468859
0.601111111111097,3.61354906748359,8.92313805989413,1.52572214798425e-17,0.0959082026380424,499.771752299984,7.5,0,0,0,6.599310362877,31.9504305336772
0.601666666666652,3.61417779413462,8.92230642772557,1.52571874840573e-17,0.0960124093486858,534.717596597986,7.5,0,0,0,6.5976513002178,31.9506487163867
0.602222222222208,3.6147488377148,8.92136413758114,1.5256943592025e-17,0.0961197890520326,560.057786608318,7.5,0,0,0,6.59595023676373,31.9511199729665
0.602777777777763,3.61531318618491,8.92043169130654,1.52565830003744e-17,0.0962285034907028,576.662506537142,7.5,0,0,0,6.59757141632117,31.9517836479574
0.603333333333319,3.61587209087507,8.91950386892544,1.52563391219446e-17,0.0963393741307606,584.803161864259,7.5,0,0,0,6.59918564790538,31.9525671365236
0.603888888888874,3.61642843730321,8.91855643754907,1.52560952494227e-17,0.0964513412594765,576.122031340638,7.5,0,0,0,6.60079866820076,31.9533935300367
0.60444444444443,3.61699562981614,8.91757449965039,1.52558513828085e-17,0.0965591354904058,542.128209099328,7.5,0,0,0,6.60247777880752,31.9541197768223
0.604999999999986,3.61763167433863,8.91667771779682,1.52558173815353e-17,0.0966594620943997,484.993951584189,7.5,0,0,0,6.60425700381331,31.9545396159054
0.605555555555541,3.61828847858285,8.91574763416217,1.52557833785246e-17,0.0967529184511034,450,7.5,0,0,0,6.60282195309905,31.954539747674
0.606111111111097,3.61896370552743,8.91479119724598,1.52557493737764e-17,0.0968390420985964,450,7.5,0,0,0,6.60147041985336,31.9543552712935
0.606666666666652,3.61965351116052,8.91381730800864,1.52557153672906e-17,0.0969192633499977,450,7.5,0,0,0,6.60017618136542,31.954213288707
0.607222222222208,3.62035297126785,8.91283771225477,1.52556813590671e-17,0.096995565425748,450,7.5,0,0,0,6.59890154643993,31.954101986424
0.607777777777763,3.62105558786725,8.91186707340313,1.52556473491058e-17,0.0970706088446851,450,7.5,0,0,0,6.59762006741534,31.9540071404588
0.608333333333319,3.62170342848134,8.91079289769702,1.52554034835866e-17,0.09714772728462,450,7.5,0,0,0,6.59630636223062,31.9539121386187
0.608888888888874,3.62234071970687,8.90973982686709,1.52551596239742e-17,0.0972278562865597,450,7.5,0,0,0,6.59828221635653,31.9538060871183
0.60944444444443,3.62296633409514,8.90870805494177,1.52549157702684e-17,0.097312763869544,450,7.5,0,0,0,6.60019159449146,31.9536871098423
0.609999999999985,3.62358016449675,8.90769689877598,1.52546719224689e-17,0.0974025408556027,450,7.5,0,0,0,6.60203234160752,31.953555395295
0.610555555555541,3.62423244046566,8.9068275429388,1.5254637907561e-17,0.0974970036938336,503.103738170379,7.5,0,0,0,6.60380778260065,31.9534120494302
0.611111111111096,3.62487406228911,8.905975607204,1.52546038909165e-17,0.0975971726189132,548.080197308663,7.5,0,0,0,6.60220886899507,31.9536150845455
0.611666666666652,3.62550604450867,8.90513915199473,1.52545698725339e-17,0.0977012785323988,581.435071436072,7.5,0,0,0,6.60055646055683,31.9541602465468
0.612222222222207,3.62612946074427,8.90431581914609,1.52545358524115e-17,0.0978088037967402,603.979089274197,7.5,0,0,0,6.59885918153994,31.9549814213826
0.612777777777763,3.62674562036078,8.90350321292875,1.52545018305508e-17,0.0979192195575698,617.311805367955,7.5,0,0,0,6.59715031055258,31.9559876642521
0.613333333333319,3.62730595256753,8.90254995058298,1.52542579846454e-17,0.0980319968217844,611.873262981995,7.5,0,0,0,6.59542950462225,31.9570863500598
0.613888888888874,3.62787633919138,8.90155848322305,1.52540141446456e-17,0.0981394887464685,575.492839074468,7.5,0,0,0,6.59713082545913,31.9580972739517
0.61444444444443,3.62846785905386,8.90052380719873,1.5253770310551e-17,0.0982386183805193,508.809024857225,7.5,0,0,0,6.59895046807414,31.9587286906054
0.614999999999985,3.62908328078745,8.89945078181023,1.52535264823614e-17,0.0983282634319163,450,7.5,0,0,0,6.60089061131154,31.9588039463779
0.615555555555541,3.62971991660959,8.89834701901182,1.52532826600765e-17,0.0984094095298835,450,7.5,0,0,0,6.60292773639731,31.9585244809439
0.616111111111096,3.63042348753926,8.89734434393987,1.52532486324648e-17,0.0984836997880872,450,7.5,0,0,0,6.60502747196072,31.9582984290499
0.616666666666652,3.63113884780268,8.89633234637811,1.52532146031145e-17,0.0985545983524281,450,7.5,0,0,0,6.6038411374427,31.9581126930661
0.617222222222207,3.6318593647686,8.89532587351134,1.52531805720255e-17,0.0986234804651458,450,7.5,0,0,0,6.60264369828244,31.9579522308729
0.617777777777763,3.6325768246833,8.89433792264731,1.52531465391977e-17,0.0986936722644329,450,7.5,0,0,0,6.60142411829361,31.9577997068851
0.618333333333318,3.63328403707826,8.89337119321478,1.5253112504631e-17,0.0987681369396398,450,7.5,0,0,0,6.60014543138584,31.9576406098915
0.618888888888874,3.63397950821552,8.89242701077901,1.52529607765199e-17,0.098847462532091,450,7.5,0,0,0,6.59880325987234,31.9574720827604
0.619444444444429,3.63466250498505,8.89150548030346,1.52529267387378e-17,0.0989319160135597,450,7.5,0,0,0,6.59739443336074,31.9572928657418
0.619999999999985,3.635282970819,8.89048374365996,1.55329332837619e-17,0.0990214859659433,486.433584062572,7.5,0,0,0,6.59591924462397,31.9571030559388
0.62055555555554,3.63589121375009,8.88948288121774,1.55326849898252e-17,0.0991146442715442,545.721986965153,7.5,0,0,0,6.59772467736422,31.9571395146651
0.621111111111096,3.63648790564925,8.88850086519244,1.55324367019005e-17,0.0992124498289578,591.293605541062,7.5,0,0,0,6.59946775957039,31.9576228036288
0.621666666666651,3.63707416896415,8.88753549928897,1.55321884199061e-17,0.099314506006372,623.611550542176,7.5,0,0,0,6.60115207366216,31.958503032755
0.622222222222207,3.63765122305094,8.88658435605382,1.55319401439232e-17,0.099420310116339,644.297783759411,7.5,0,0,0,6.60280333919082,31.9596807702945
0.622777777777763,3.63827044387698,8.88574932947644,1.55319054748771e-17,0.0995293180538757,647.587042127355,7.5,0,0,0,6.60443722312756,31.9610385146975
0.623333333333318,3.63889304242032,8.88487943681153,1.55318708040596e-17,0.0996384684791412,619.903583803576,7.5,0,0,0,6.6028006875924,31.9623852788965
0.623888888888874,3.63953492757992,8.88396333616144,1.55318361314706e-17,0.0997400806481241,555.134242376306,7.5,0,0,0,6.60127468110983,31.9633844170762
0.624444444444429,3.64020237448161,8.88300359455707,1.55318014571102e-17,0.0998314836549914,460.455025604197,7.5,0,0,0,6.59988623145711,31.9637330681149
0.624999999999985,3.64089396364088,8.88200822469139,1.55317667809783e-17,0.0999131294542984,450,7.5,0,0,0,6.5986201023002,31.9633978735796
0.62555555555554,3.64155518445688,8.88086477107681,1.55315185069986e-17,0.0999867296019734,450,7.5,0,0,0,6.59744293003419,31.9630622364347
0.626111111111096,3.64223073909645,8.87970682200102,1.55312702389483e-17,0.100053054033401,450,7.5,0,0,0,6.59964778855726,31.9627782966279
0.626666666666651,3.64291431408908,8.87854755178616,1.55310219769084e-17,0.100116074347879,450,7.5,0,0,0,6.60183987636553,31.9625314025841
0.627222222222207,3.64359861833577,8.87740343350385,1.55307737208785e-17,0.100178905563218,450,7.5,0,0,0,6.60401522268626,31.9623052971241
0.627777777777762,3.64432465343686,8.87640119563357,1.55307390397031e-17,0.100245339122249,450,7.5,0,0,0,6.60613089200113,31.9620810427733
0.628333333333318,3.64503973913139,8.875420963551,1.55307043567557e-17,0.100317804928845,450,7.5,0,0,0,6.60488442687417,31.9618531481324
0.628888888888873,3.6457426494456,8.87446395552753,1.55306696720364e-17,0.100395399761967,450,7.5,0,0,0,6.60356961409864,31.9616190607795
0.629444444444429,3.64643271065945,8.87353043695347,1.55306349855451e-17,0.100478289254971,450,7.5,0,0,0,6.60218684293821,31.9613773962055
0.629999999999984,3.64710977623059,8.87262001772781,1.58117623324207e-17,0.100566495947249,524.604893695521,7.5,0,0,0,6.60073595894365,31.961127853389
0.63055555555554,3.64777406474283,8.8717316720725,1.5811727014367e-17,0.100659895617467,585.18030390743,7.5,0,0,0,6.59921820626909,31.9613948087305
0.631111111111096,3.64842613869654,8.87086376547596,1.5811691694509e-17,0.100758226819382,630.513002061175,7.5,0,0,0,6.597636725001,31.9621813166913
0.631666666666651,3.6490167240047,8.86989218417713,1.5811316132092e-17,0.100861100184739,661.686322429979,7.5,0,0,0,6.59599622251151,31.9634093297737
0.632222222222207,3.64959717535829,8.86893642727721,1.58110633900671e-17,0.100966632747736,680.677048103926,7.5,0,0,0,6.59767829370101,31.9649497259022
0.632777777777762,3.65016887219298,8.86795810224296,1.58108106541599e-17,0.101075647998006,673.787159877468,7.5,0,0,0,6.59933991461956,31.9666596595948
0.633333333333318,3.6507530511258,8.86693288503716,1.58105579243701e-17,0.101179831686138,624.066544572017,7.5,0,0,0,6.60108607062227,31.9682272672149
0.633888888888873,3.65136316862215,8.86585693809241,1.58103052006972e-17,0.101273770198597,532.384994903006,7.5,0,0,0,6.60297363893138,31.9691613121648
0.634444444444429,3.65205156470136,8.8648596679372,1.58102698751418e-17,0.101356471463921,450,7.5,0,0,0,6.60500315664001,31.969208621774
0.634999999999984,3.6527638829067,8.86382882717012,1.58102345477816e-17,0.101430889049559,450,7.5,0,0,0,6.60384549471636,31.9687224585566
0.63555555555554,3.65349477236464,8.86277547237508,1.58101992186167e-17,0.101497740494095,450,7.5,0,0,0,6.60275975033674,31.9683058513658
0.636111111111095,3.65423811618104,8.8617121443235,1.58101638876469e-17,0.101559441105692,450,7.5,0,0,0,6.60169878662907,31.9679429794714
0.636666666666651,3.65498697634485,8.86065330743172,1.5810128554872e-17,0.101618877403716,450,7.5,0,0,0,6.60062175014806,31.9676172912026
0.637222222222206,3.65573335069845,8.85961185965813,1.58100932202922e-17,0.101679403467289,450,7.5,0,0,0,6.59952569925916,31.9673110495245
0.637777777777762,3.65647010364161,8.8585908039949,1.58100578839072e-17,0.101743997316878,450,7.5,0,0,0,6.59837345145274,31.9670090785843
0.638333333333317,3.65714528739867,8.8574703909019,1.60917390092386e-17,0.101813326992052,450,7.5,0,0,0,6.59715952416836,31.9667074780102
0.638888888888873,3.65780804309703,8.85637350639784,1.63734671995321e-17,0.101886426581214,450,7.5,0,0,0,6.59920718334708,31.966403613118
0.639444444444428,3.65845778050676,8.85530043026555,1.63732054743592e-17,0.101964901903534,463.101923464447,7.5,0,0,0,6.60118116311416,31.9660959602682
0.639999999999984,3.65909434513877,8.85425115343284,1.63729437555201e-17,0.102048856723056,545.43277539064,7.5,0,0,0,6.60307880690916,31.9658645835039
0.64055555555554,3.6597680630781,8.85334679059007,1.63729071533921e-17,0.102138249496786,610.751543803788,7.5,0,0,0,6.60490147210139,31.9662440868091
0.641111111111095,3.66042896292884,8.85246433810935,1.66550611162904e-17,0.102234314393184,659.412937991186,7.5,0,0,0,6.6033599326822,31.9672311346816
0.641666666666651,3.66107773904198,8.85160218736336,1.66550238795096e-17,0.102335338630978,692.803586122243,7.5,0,0,0,6.60175944194445,31.968734535558
0.642222222222206,3.66171528660286,8.85075201826891,1.66549866408264e-17,0.102440866494201,710.433723443993,7.5,0,0,0,6.60013980738121,31.9706024544441
0.642777777777762,3.66234620553016,8.84987379678947,1.6654949400241e-17,0.102549058429508,695.993796852549,7.5,0,0,0,6.59851259421497,31.9726331978481
0.643333333333317,3.66299264104941,8.84894530148494,1.66549121577531e-17,0.102651131750049,633.207433910734,7.5,0,0,0,6.59698955990414,31.9743960316928
0.643888888888873,3.66361651578406,8.84784371149449,1.66546459292962e-17,0.102742092172418,525.009843425401,7.5,0,0,0,6.59562275460676,31.9753202855191
0.644444444444428,3.66426883455768,8.84669961493435,1.66543797072814e-17,0.102820109286478,450,7.5,0,0,0,6.59774071446963,31.9751932386437
0.644999999999984,3.66494466718791,8.84552322257218,1.66541134917084e-17,0.102888475863562,450,7.5,0,0,0,6.59996874621471,31.974602843322
0.645555555555539,3.66563836482014,8.8443258412907,1.66538472825768e-17,0.102949521460594,450,7.5,0,0,0,6.60225680909612,31.9740871370097
0.646111111111095,3.66634367212049,8.84312013252716,1.66535810798864e-17,0.103005814894772,450,7.5,0,0,0,6.60454868407833,31.9736296494302
0.64666666666665,3.66710399876382,8.84204211964779,1.66535438311035e-17,0.103060288040059,450,7.5,0,0,0,6.60681213220361,31.9732133575591
0.647222222222206,3.66786094475975,8.84098099816015,1.66535065804178e-17,0.103117728136182,450,7.5,0,0,0,6.60576115228694,31.9728201675891
0.647777777777761,3.66860854435251,8.83993999517745,1.66534693278292e-17,0.103179215581496,450,7.5,0,0,0,6.60465325586581,31.9724368873653
0.648333333333317,3.66934501196222,8.83892120854747,1.66534320733377e-17,0.103245396970899,450,7.5,0,0,0,6.60348497167862,31.9720590033973
0.648888888888873,3.67006918720935,8.8379259554915,1.66533948169431e-17,0.103316723827121,450,7.5,0,0,0,6.60225088928624,31.9716834429422
0.649444444444428,3.67078034164146,8.83695513070108,1.66533575586453e-17,0.103393461388502,465.269780855363,7.5,0,0,0,6.6009477492735,31.9713081302783
0.649999999999984,3.67147798060845,8.83600912514983,1.66533202984443e-17,0.103475773759265,555.25446019466,7.5,0,0,0,6.59957327215847,31.9710259961752
0.650555555555539,3.6721618907493,8.83508773568943,1.66532830363417e-17,0.103563708248734,626.839668014101,7.5,0,0,0,6.59812663549418,31.9714305982798
0.651111111111095,3.67278168667209,8.83406864314264,1.66530168331493e-17,0.103657180647468,680.462362308504,7.5,0,0,0,6.59660866741298,31.9725345061632
0.65166666666665,3.67338833024502,8.833071762703,1.69359393765238e-17,0.103754534735294,717.586652860696,7.5,0,0,0,6.59835441691387,31.9742450161995
0.652222222222206,3.67398268747161,8.83208795312152,1.69356686594172e-17,0.103856819275198,737.398740060406,7.5,0,0,0,6.60007787128488,31.9763938420258
0.652777777777761,3.67456981277218,8.83107500395792,1.69353979488597e-17,0.103962084214263,721.941176736646,7.5,0,0,0,6.60178897459534,31.9787452263666
0.653333333333317,3.67522357686751,8.83013110745233,1.72186904983902e-17,0.104061047982322,653.433663926664,7.5,0,0,0,6.6036046759679,31.9807835784463
0.653888888888872,3.67590630354694,8.82913403793137,1.7218651961052e-17,0.104149915598001,534.877304664937,7.5,0,0,0,6.60228468184081,31.9818357978268
0.654444444444428,3.67661844544288,8.8280936575587,1.72186134217452e-17,0.1042269103545,450,7.5,0,0,0,6.60111536380796,31.9816685420653
0.654999999999983,3.67735454710461,8.827020963071,1.72185748804699e-17,0.104294051399547,450,7.5,0,0,0,6.60006178719231,31.9809603726069
0.655555555555539,3.67810852474912,8.82592746567735,1.72185363372259e-17,0.104353772230203,450,7.5,0,0,0,6.59907681197609,31.9803339301808
0.656111111111094,3.67887400985633,8.82482571234281,1.72184977920131e-17,0.104408697400808,450,7.5,0,0,0,6.59810313639034,31.9797720396364
0.65666666666665,3.67959347893844,8.82360851410106,1.72180869377873e-17,0.104461743003302,450,7.5,0,0,0,6.5971071444564,31.9792573582997
0.657222222222205,3.68030969290773,8.82240787660323,1.72178117082419e-17,0.104514768844683,450,7.5,0,0,0,6.59940716536123,31.9787718470935
0.657777777777761,3.68101674266533,8.82122644609954,1.72175364853538e-17,0.104571693801957,450,7.5,0,0,0,6.60164690035433,31.9783019679641
0.658333333333317,3.68171316395727,8.8200664392097,1.72172612691228e-17,0.104633191501624,450,7.5,0,0,0,6.603818799453,31.9778434416067
0.658888888888872,3.68244834800092,8.81905062414465,1.7217222718608e-17,0.104699743906103,450,7.5,0,0,0,6.60591785516428,31.9773926829395
0.659444444444428,3.68317083878589,8.81805897378278,1.7217184166124e-17,0.104773111703887,453.020026451326,7.5,0,0,0,6.60466419973459,31.9769469775353
0.659999999999983,3.6838799596675,8.81709256548994,1.72171456116708e-17,0.104852096612942,552.190318921467,7.5,0,0,0,6.60333688788555,31.9765223536089
0.660555555555539,3.68457511765203,8.81615168456059,1.72171070552501e-17,0.104936825609348,631.856924717783,7.5,0,0,0,6.60193634094401,31.9768398711426
0.661111111111094,3.68525614953449,8.81523594384535,1.721706849686e-17,0.105027321503359,692.374145072131,7.5,0,0,0,6.60046220715456,31.9779465401048
0.66166666666665,3.68592327036777,8.81434423017994,1.72170299364987e-17,0.105123459944126,735.133979061343,7.5,0,0,0,6.59891738873095,31.9797654698706
0.662222222222205,3.68657710154079,8.81347342361282,1.72169913741678e-17,0.105224958958553,761.835698693024,7.5,0,0,0,6.59735133329516,31.9821235167959
0.662777777777761,3.68716868443623,8.81245692297489,1.72167161582277e-17,0.105331103704436,753.789262910042,7.5,0,0,0,6.59575608718208,31.9847983091639
0.663333333333316,3.68777383853273,8.81138794527721,1.72164409489436e-17,0.105430436686183,688.70761421224,7.5,0,0,0,6.59758283971273,31.9872469925602
0.663888888888872,3.68840802037808,8.81026325372914,1.72161657463154e-17,0.105518134621137,567.241448520422,7.5,0,0,0,6.59957437491885,31.9886481993471
0.664444444444427,3.68907302182988,8.80909256581432,1.72158905503428e-17,0.105593378678919,450,7.5,0,0,0,6.60172385703812,31.9886384162517
0.664999999999983,3.68976346769253,8.80788719746072,1.72156153610252e-17,0.105658218022269,450,7.5,0,0,0,6.60399048785789,31.9877943203685
0.665555555555538,3.69052382113856,8.80677977591524,1.72155767921766e-17,0.105715150246845,450,7.5,0,0,0,6.6063247317127,31.9870425347249
0.666111111111094,3.69129696695867,8.80566162088514,1.7215538221358e-17,0.10576826649313,450,7.5,0,0,0,6.60539507353128,31.9863650806351
0.66666666666665,3.69207604926755,8.80454656535485,1.72154996485694e-17,0.105818996948755,450,7.5,0,0,0,6.60443299735283,31.9857441801491
0.667222222222205,3.69285341510928,8.80344703543059,1.72154610738107e-17,0.105870506889475,450,7.5,0,0,0,6.60345634872272,31.9851614536169
0.667777777777761,3.69362218983,8.80236604545343,1.72154224970817e-17,0.105925700103308,450,7.5,0,0,0,6.60242925467782,31.9846009745497
0.668333333333316,3.69438070540103,8.80130601493228,1.72153839183825e-17,0.105985260083425,450,7.5,0,0,0,6.60134616841591,31.9840576433844
0.668888888888872,3.6951276234836,8.80026866133921,1.72153453377128e-17,0.106049720930095,450,7.5,0,0,0,6.60020035080793,31.983527278919
0.669444444444427,3.69586199416936,8.79925546090125,1.72153067550726e-17,0.106119445922814,450,7.5,0,0,0,6.59898742179754,31.9830066830229
0.669999999999983,3.6965830010778,8.79826756049887,1.72152681704619e-17,0.106194735987145,534.04307634741,7.5,0,0,0,6.59770335368706,31.9824930985164
0.670555555555538,3.6972391970618,8.7971847645658,1.72149929797002e-17,0.106275810991422,624.229817604686,7.5,0,0,0,6.59634511378149,31.9825866064173
0.671111111111094,3.6978809824433,8.79612813747875,1.72145811094032e-17,0.106361327027243,693.932338550795,7.5,0,0,0,6.59822475739233,31.9835489663046
0.671666666666649,3.69850828732347,8.79509682754056,1.72141691938056e-17,0.106452731157751,744.406698854939,7.5,0,0,0,6.60002604182277,31.9853403718823
0.672222222222205,3.6991215878535,8.79408948053616,1.72138940272862e-17,0.10654987457292,777.971922815177,7.5,0,0,0,6.60179154508107,31.9877986839594
0.67277777777776,3.69977247725946,8.79318950137305,1.72138554376772e-17,0.106652424687599,779.637040190015,7.5,0,0,0,6.6035203754543,31.9906984374876
0.673333333333316,3.70043083386121,8.79224127721791,1.72138168460974e-17,0.106753587923047,725.824517095777,7.5,0,0,0,6.60203247170002,31.9935159818381
0.673888888888871,3.70111587765071,8.79123655582361,1.72137782525465e-17,0.10684415412965,611.075790318496,7.5,0,0,0,6.60069763589054,31.9953639733861
0.674444444444427,3.70183217519396,8.79018329170465,1.72137396570246e-17,0.106922038603708,450,7.5,0,0,0,6.59953205384698,31.9956823041921
0.674999999999983,3.70257532672332,8.78909294157213,1.72137010595315e-17,0.106988877224089,450,7.5,0,0,0,6.59850245097255,31.9947049225331
0.675555555555538,3.70328810223538,8.78785642337311,1.72134258952039e-17,0.10704718491645,450,7.5,0,0,0,6.59756181228352,31.993831142281
0.676111111111094,3.70401490245495,8.78660665436298,1.72131507374387e-17,0.10709813945775,450,7.5,0,0,0,6.59996151164354,31.9930399108164
0.676666666666649,3.70474903416051,8.78535619325987,1.72128755863258e-17,0.107146023800696,450,7.5,0,0,0,6.60231497520711,31.9923143636113
0.677222222222205,3.70548354623063,8.78412005352892,1.72126004418648e-17,0.107193869707597,450,7.5,0,0,0,6.60465407894509,31.9916369005805
0.67777777777776,3.70626106449111,8.7830220277605,1.72125618387588e-17,0.107245197708433,450,7.5,0,0,0,6.60693449360308,31.9909882503564
0.678333333333316,3.70702896124425,8.7819440326476,1.72125232336812e-17,0.107302189656792,450,7.5,0,0,0,6.60588966811605,31.9903627601738
0.678888888888871,3.7077857741606,8.78088821143246,1.7212484626632e-17,0.107363961852537,450,7.5,0,0,0,6.60478179926711,31.9897556495579
0.679444444444427,3.70853031777472,8.77985625298978,1.72124460176112e-17,0.107430902341084,450,7.5,0,0,0,6.60360858114782,31.9891629206692
0.679999999999982,3.70926165803798,8.77884957364668,1.72124074066185e-17,0.10750336340851,512.748582573556,7.5,0,0,0,6.60236546945621,31.9885812888121
0.680555555555538,3.70997901457079,8.7778692295559,1.72123687936557e-17,0.107581628027621,612.442862291651,7.5,0,0,0,6.6010486909901,31.9884382359212
0.681111111111093,3.71068179741681,8.77691576294932,1.7212330178721e-17,0.107665893079668,690.689225993792,7.5,0,0,0,6.59965547126254,31.9892142424755
0.681666666666649,3.71136970753259,8.77598903524385,1.72121540357729e-17,0.107756236122302,748.488121269269,7.5,0,0,0,6.59818457889497,31.9909143344312
0.682222222222204,3.71199181736928,8.77496753092888,1.72118788928766e-17,0.107852585363456,788.105141329667,7.5,0,0,0,6.59666881877245,31.993396994489
0.68277777777776,3.71259963468113,8.7739443116527,1.74978155732163e-17,0.107953214007567,799.124138167202,7.5,0,0,0,6.59842714335075,31.996434068506
0.683333333333315,3.71320839825859,8.77287845807403,1.74973959328257e-17,0.108053505617928,757.87578534835,7.5,0,0,0,6.60022199117295,31.9995448972751
0.683888888888871,3.71384074382546,8.77175530087772,1.74971162370978e-17,0.108144452598448,652.468195463941,7.5,0,0,0,6.6021574105941,32.0018286658211
0.684444444444427,3.71455582918844,8.77070095283977,1.74970769729473e-17,0.108222630686742,492.635278057219,7.5,0,0,0,6.60426054238177,32.0025302911982
0.684999999999982,3.71529953521589,8.76960644844686,1.74970377067916e-17,0.108290617299534,450,7.5,0,0,0,6.60323035671332,32.0017137888018
0.685555555555538,3.71606545571719,8.76848397385828,1.74969984386306e-17,0.108349451154692,450,7.5,0,0,0,6.60229669757774,32.0007164204331
0.686111111111093,3.71684684876444,8.76734549900111,1.74969591684642e-17,0.108401804662607,450,7.5,0,0,0,6.60140858141874,31.9998123953631
0.686666666666649,3.71763709194803,8.76620348569553,1.74969198962925e-17,0.108450451385748,450,7.5,0,0,0,6.60049770313494,31.9989831601258
0.687222222222204,3.71842929077903,8.7650720658167,1.74968806221151e-17,0.108498317658541,450,7.5,0,0,0,6.59956997353697,31.9982106591859
0.68777777777776,3.71921562698907,8.76395717870043,1.74968413459322e-17,0.108548727451425,450,7.5,0,0,0,6.59860547665546,31.9974760302976
0.688333333333315,3.71994169898577,8.76274119500361,1.74965616504812e-17,0.10860306211017,450,7.5,0,0,0,6.59758943268816,31.9967701074587
0.688888888888871,3.72065706773643,8.76154667696466,1.74962819617901e-17,0.10866045428862,450,7.5,0,0,0,6.59981321145882,31.9960876328044
0.689444444444426,3.72136055830993,8.76037516593518,1.74960022798586e-17,0.108722860241131,450,7.5,0,0,0,6.60196669467635,31.9954242775555
0.689999999999982,3.7220513182585,8.75922831601202,1.74957226046863e-17,0.10879068249406,476.766997017723,7.5,0,0,0,6.60404349244144,31.9947766086296
0.690555555555537,3.72277958317148,8.75822785831801,1.74956833227919e-17,0.108864260787754,587.555353067193,7.5,0,0,0,6.60604013190347,31.9943110670096
0.691111111111093,3.72349345009741,8.75725440383363,1.74956440388934e-17,0.108945366483525,676.092052699291,7.5,0,0,0,6.60469529583191,31.9947765223065
0.691666666666648,3.72419237396753,8.75630859332612,1.74956047529888e-17,0.109032680722323,743.24975829232,7.5,0,0,0,6.60326953851743,31.9962422078631
0.692222222222204,3.72487600125487,8.75539005226348,1.74955654650762e-17,0.10912622913275,790.803675584368,7.5,0,0,0,6.60177891597502,31.9986167645303
0.69277777777776,3.72554454497157,8.75448681508009,1.74955261751574e-17,0.109225886207185,815.964941267486,7.5,0,0,0,6.60026060407793,32.001684363468
0.693333333333315,3.72620462138113,8.75355172024554,1.74954868832322e-17,0.10932897833732,795.80286211783,7.5,0,0,0,6.59873229250098,32.0050800754749
0.693888888888871,3.72688231869957,8.75256012203051,1.74954475893006e-17,0.109425069625392,709.182836872976,7.5,0,0,0,6.59732417459098,32.007974762871
0.694444444444426,3.72754005659599,8.75139255137337,1.74951679144008e-17,0.109508556153486,559.74135023029,7.5,0,0,0,6.59609298947874,32.0093577861603
0.694999999999982,3.72822860776401,8.75018065281004,1.74948882462592e-17,0.109577917460928,450,7.5,0,0,0,6.59832908319879,32.0089675448827
0.695555555555537,3.72894168023863,8.74893625840414,1.74946085848757e-17,0.109637102927171,450,7.5,0,0,0,6.60067887596543,32.0078321070383
0.696111111111093,3.72967272809814,8.74767129307855,1.74943289302498e-17,0.109688836972539,450,7.5,0,0,0,6.60308515217948,32.006802625454
0.696666666666648,3.73046640582954,8.74651812433024,1.74942896306044e-17,0.10973586255246,450,7.5,0,0,0,6.60548302205855,32.0058598233269
0.697222222222204,3.73126472921381,8.74536975927001,1.74942503289521e-17,0.109782548428071,450,7.5,0,0,0,6.60457630193472,32.0049851565108
0.697777777777759,3.73206039293534,8.7442365478101,1.7494211025293e-17,0.109830499452476,450,7.5,0,0,0,6.60364690165511,32.0041600987453
0.698333333333315,3.73284767086638,8.74312142243024,1.74941717196268e-17,0.109882065018804,450,7.5,0,0,0,6.60266894214169,32.0033701199109
0.69888888888887,3.73362494037101,8.74202682013265,1.74941324119536e-17,0.109937913714547,450,7.5,0,0,0,6.60163635570886,32.002609348844
0.699444444444426,3.73439085342261,8.74095470670876,1.74940931022733e-17,0.109998587933068,450,7.5,0,0,0,6.60054254051168,32.0018727830276
0.699999999999981,3.73514432273451,8.7399069307091,1.74940537905856e-17,0.110064511726712,450,7.5,0,0,0,6.59938219143617,32.0011562141496
0.700555555555537,3.73588432594457,8.73888514477353,1.74940144768907e-17,0.110136073901201,547.381321701333,7.5,0,0,0,6.59815018749978,32.0004558071252
0.701111111111092,3.73655861625463,8.73777064308604,1.74937348216971e-17,0.110213610388506,648.960812869873,7.5,0,0,0,6.59684201565814,32.000485781357
0.701666666666648,3.73721776733754,8.73668433692734,1.74934551732602e-17,0.110295863829457,727.916313041252,7.5,0,0,0,6.59874863313822,32.0015667078969
0.702222222222204,3.73786131631738,8.7356261043735,1.74931755314882e-17,0.110384491036211,785.650789895604,7.5,0,0,0,6.60057079246784,32.00368014947
0.702777777777759,3.73848933586612,8.73459525387539,1.74928958964722e-17,0.110479500158065,824.661288075141,7.5,0,0,0,6.60235563602757,32.0066479459044
0.703333333333315,3.73915357333016,8.73367065237522,1.74928565770606e-17,0.11058069687086,827.458184117325,7.5,0,0,0,6.60409737041673,32.0102022172361
0.70388888888887,3.73982541793352,8.73269495804309,1.74928172556414e-17,0.110680502423946,767.096959944397,7.5,0,0,0,6.60264478363973,32.0136707438204
0.704444444444426,3.74052552489046,8.73166010031198,1.74926362561523e-17,0.110769049145105,637.371976995228,7.5,0,0,0,6.60135447076285,32.0159102441027
0.704999999999981,3.74125836045409,8.730575310859,1.74925969310359e-17,0.110844269836139,453.152445857924,7.5,0,0,0,6.60024136753126,32.0162293315864
0.705555555555537,3.742018818365,8.72945297964776,1.74925576039115e-17,0.110908084752551,450,7.5,0,0,0,6.59926783173332,32.0149724304462
0.706111111111092,3.74280004750855,8.72830525082376,1.74925182747809e-17,0.110963228272146,450,7.5,0,0,0,6.59838371069637,32.0138161751311
0.706666666666648,3.74354389137087,8.7270243656944,1.74922386432205e-17,0.111012466043209,450,7.5,0,0,0,6.59753029390102,32.0127571586862
0.707222222222203,3.74429505904657,8.72574277233528,1.74919590184151e-17,0.111057099565248,450,7.5,0,0,0,6.59992026569799,32.0117778810459
0.707777777777759,3.74504661573404,8.72447462124326,1.77803874050442e-17,0.111101609045274,450,7.5,0,0,0,6.60229725662517,32.0108597943644
0.708333333333314,3.74579073297485,8.72322315443877,1.77801031786383e-17,0.111149410996565,450,7.5,0,0,0,6.60461793334817,32.009983656805
0.70888888888887,3.74657708167416,8.72211091833485,1.77800631945479e-17,0.111201251326029,450,7.5,0,0,0,6.60687715646437,32.0091428378841
0.709444444444425,3.74735270145397,8.72102014809276,1.77800232084158e-17,0.111259274916402,450,7.5,0,0,0,6.60582255709479,32.0083315858289
0.709999999999981,3.74811644324886,8.7199531316904,1.77799832202422e-17,0.111322408032962,450,7.5,0,0,0,6.6047015281425,32.0075452579809
0.710555555555537,3.74886704158976,8.71891174042818,1.77799432300268e-17,0.111391067370341,502.907807086552,7.5,0,0,0,6.60351092907344,32.0067792411504
0.711111111111092,3.74960346153599,8.71789761245781,1.77799032377695e-17,0.111465642046392,616.958046268556,7.5,0,0,0,6.60224570381797,32.0063847274593
0.711666666666648,3.75032480002545,8.71691197588729,1.77797186454288e-17,0.111546459645155,707.358559518178,7.5,0,0,0,6.60090155383208,32.0070456167227
0.712222222222203,3.75103037200058,8.71595545559927,1.77796786494147e-17,0.11163375230163,775.342012087999,7.5,0,0,0,6.59947518225113,32.0088222956669
0.712777777777759,3.75171983275396,8.71502787990429,1.77796386513567e-17,0.111727614282152,822.945918682976,7.5,0,0,0,6.59799292704598,32.011596293856
0.713333333333314,3.75234173922586,8.7139873697187,1.77793544265823e-17,0.11182796116567,842.280838917473,7.5,0,0,0,6.59647639636737,32.0151143498409
0.71388888888887,3.75295988694065,8.71290702556105,1.77790702086729e-17,0.111928322412455,807.565596807632,7.5,0,0,0,6.59826636811892,32.018865039049
0.714444444444425,3.75360006707677,8.71176699771654,1.7778785997628e-17,0.112019881345118,701.395984819542,7.5,0,0,0,6.60019698337826,32.0217962262907
0.714999999999981,3.7542732618884,8.71057181527376,1.77785017934472e-17,0.112098135040006,531.322825346196,7.5,0,0,0,6.60230486650158,32.0228808558597
0.715555555555536,3.7550285440159,8.70945356497163,1.77784617895734e-17,0.112163913559052,450,7.5,0,0,0,6.60456322939489,32.0220713223045
0.716111111111092,3.75580746199931,8.70830511011264,1.80679604328455e-17,0.112221472237504,450,7.5,0,0,0,6.60366729597785,32.0207852580982
0.716666666666647,3.75660308851568,8.70713884812696,1.80679197733187e-17,0.112272093544323,450,7.5,0,0,0,6.60282153427652,32.0196101656914
0.717222222222203,3.75740856462376,8.70596698120062,1.80678791117159e-17,0.112318571761248,450,7.5,0,0,0,6.60196010680227,32.0185258790451
0.717777777777758,3.75821713939736,8.7048028677877,1.80678384480372e-17,0.112363778996876,450,7.5,0,0,0,6.60106935727123,32.0175135671165
0.718333333333314,3.7590214223738,8.70365426600583,1.80677977822823e-17,0.112410870197063,450,7.5,0,0,0,6.60015054550086,32.0165542010495
0.718888888888869,3.75981712116758,8.70252406309662,1.80677571144512e-17,0.112461664607217,450,7.5,0,0,0,6.59918280450564,32.0156357229657
0.719444444444425,3.7606026383332,8.70141465303369,1.80677164445439e-17,0.112516820247562,450,7.5,0,0,0,6.59815938001591,32.0147519148608
0.719999999999981,3.76132498650297,8.70020863232482,1.8067427611129e-17,0.112576869575101,450,7.5,0,0,0,6.59707375811652,32.0138974504233
0.720555555555536,3.7620346519532,8.69902755558477,1.80669911120675e-17,0.112640718774082,450,7.5,0,0,0,6.59920372081835,32.0130676834584
0.721111111111092,3.76273051516553,8.6978730096278,1.8066702294963e-17,0.112710341902026,570.457858285531,7.5,0,0,0,6.60125499410004,32.0122582497211
0.721666666666647,3.76341170114462,8.69674659512151,1.80664134849273e-17,0.112786139350187,674.244135296517,7.5,0,0,0,6.60322114545822,32.0123960322825
0.722222222222203,3.7641290174043,8.69576886868081,1.80663728094409e-17,0.112868426424139,754.499930497473,7.5,0,0,0,6.60509909175318,32.0136919973179
0.722777777777758,3.76483015835208,8.69482081062403,1.8066332131876e-17,0.112958962138009,812.868061254257,7.5,0,0,0,6.60364066632952,32.0161132904119
0.723333333333314,3.76551488839685,8.69390221081564,1.80662914522344e-17,0.113056246761787,851.998600841829,7.5,0,0,0,6.60215278565046,32.0194544517058
0.723888888888869,3.76618332118452,8.69296245011036,1.8066250770516e-17,0.113160112923812,849.626762750646,7.5,0,0,0,6.60061929653013,32.0234160280265
0.724444444444425,3.76686345708269,8.69196602476412,1.80662100867206e-17,0.113259357094544,776.356882886186,7.5,0,0,0,6.59918060513802,32.027173676112
0.72499999999998,3.7675749377256,8.69090848623858,1.80661694008482e-17,0.11334599841568,629.522520814265,7.5,0,0,0,6.5979232421572,32.0293975810545
0.725555555555536,3.76826847125082,8.68968204494434,1.80658805919353e-17,0.113418831550719,450,7.5,0,0,0,6.59684800810411,32.0294487452785
0.726111111111091,3.76898940203172,8.68841913119281,1.80655917899957e-17,0.113478749322587,450,7.5,0,0,0,6.59919396079525,32.0280110292335
0.726666666666647,3.76973051111591,8.68713182442787,1.80653029951237e-17,0.113530207975986,450,7.5,0,0,0,6.60161740150163,32.0267011169985
0.727222222222202,3.77048510624788,8.68583238156089,1.80650142071297e-17,0.113576054163946,450,7.5,0,0,0,6.60405156014747,32.0254948967833
0.727777777777758,3.77129820807271,8.68465268734699,1.80649735153418e-17,0.113619156084152,450,7.5,0,0,0,6.60642375928764,32.0243743801807
0.728333333333314,3.77211105959986,8.68348668127065,1.80649328214764e-17,0.113664058409248,450,7.5,0,0,0,6.60553867933618,32.0233204726358
0.728888888888869,3.77291633595779,8.68233770186049,1.83557488537724e-17,0.113712324321851,450,7.5,0,0,0,6.60460523898441,32.0223145365609
0.729444444444425,3.77371218967342,8.68120848364161,1.86466259430277e-17,0.113764644975508,450,7.5,0,0,0,6.60362034157381,32.0213494314557
0.72999999999998,3.77449710808682,8.68010119135312,1.8646583932192e-17,0.113821637676544,450,7.5,0,0,0,6.60257644485506,32.0204190798338
0.730555555555536,3.77526989382013,8.67901797545141,1.86465419192116e-17,0.113883777246028,450,7.5,0,0,0,6.60146796373123,32.0195183711767
0.731111111111091,3.77602935747679,8.6779609043976,1.86464999040865e-17,0.113951526159371,511.022801952541,7.5,0,0,0,6.60028877169696,32.0186425166455
0.731666666666647,3.77677435506501,8.67693187693206,1.86464578868164e-17,0.114025318537264,630.236779648387,7.5,0,0,0,6.59903317832593,32.0182038179865
0.732222222222202,3.77750383941384,8.67593242472938,1.89376302801189e-17,0.114105540148428,724.638813669864,7.5,0,0,0,6.59769602672681,32.0189120066068
0.732777777777758,3.77816507101907,8.67484437064534,1.89373275346651e-17,0.114192489942828,795.621316461601,7.5,0,0,0,6.59627324782404,32.0208409993264
0.733333333333313,3.77880939417738,8.67378701288141,1.89370247964206e-17,0.114284762757261,845.350693119836,7.5,0,0,0,6.59807532184815,32.023866165052
0.733888888888869,3.77943673708411,8.67273490526394,1.89367220654844e-17,0.114383906444036,864.420371700032,7.5,0,0,0,6.59983861990344,32.0277122073158
0.734444444444424,3.78006117296342,8.67163981884399,1.89364193418559e-17,0.114484340973494,825.335587710406,7.5,0,0,0,6.60161884539312,32.0317925441836
0.73499999999998,3.78070938081432,8.67048287549855,1.8936116625535e-17,0.114575346520096,710.782542351894,7.5,0,0,0,6.60354425895133,32.0349148607599
0.735555555555535,3.78144373178526,8.66938896931883,1.89360739426615e-17,0.114652537691875,529.430405479247,7.5,0,0,0,6.60565168180924,32.0359725262199
0.736111111111091,3.78220908331183,8.66825224086118,1.8936031257609e-17,0.114718611835387,450,7.5,0,0,0,6.60467095615028,32.0349846414428
0.736666666666646,3.78299812404087,8.66708589288179,1.89359885703776e-17,0.114774884940077,450,7.5,0,0,0,6.60379474525425,32.0335449767613
0.737222222222202,3.78380354955666,8.66590218203634,1.89359458809671e-17,0.114824264960562,450,7.5,0,0,0,6.60296923025424,32.0322232374247
0.737777777777758,3.78461857873423,8.66471330878588,1.89357467597341e-17,0.114869599378909,450,7.5,0,0,0,6.60212261490689,32.0309989236058
0.738333333333313,3.78543646159911,8.66353259880829,1.89357040663178e-17,0.114913765497778,450,7.5,0,0,0,6.60124592720897,32.0298527504113
0.738888888888869,3.78624982581065,8.66236740707796,1.8935661370722e-17,0.114959915254559,450,7.5,0,0,0,6.600340036408,32.028765300414
0.739444444444424,3.78705460199232,8.66122065894196,1.89356186729468e-17,0.11500977519498,450,7.5,0,0,0,6.59938543549058,32.0277245495986
0.73999999999998,3.78784917164116,8.66009482090605,1.89355759729919e-17,0.115064013350976,450,7.5,0,0,0,6.59837513810574,32.0267238520545
0.740555555555535,3.78858014652832,8.65887322611715,1.89352732574173e-17,0.115123179959802,450,7.5,0,0,0,6.59730243479847,32.0257574458817
0.741111111111091,3.78929829724382,8.6576770163551,1.8934970549149e-17,0.11518617910328,450,7.5,0,0,0,6.59943324899707,32.0248202098159
0.741666666666646,3.7900024015672,8.6565080144709,1.89346678481867e-17,0.115255062179872,576.634786195215,7.5,0,0,0,6.60148417759382,32.0239072815333
0.742222222222202,3.79069145397232,8.65536810714733,1.89343651546291e-17,0.115330283026635,685.275385194103,7.5,0,0,0,6.60344812838485,32.0240051231757
0.742777777777757,3.79141646481653,8.65437756911817,1.89343224484682e-17,0.115412220037076,769.402912039154,7.5,0,0,0,6.60532125148004,32.025351753818
0.743333333333313,3.79212459179388,8.6534183003389,1.89342797401254e-17,0.115502735667698,830.718818763733,7.5,0,0,0,6.60386576283542,32.0279243108493
0.743888888888868,3.79281542218454,8.65249036686008,1.89342370296025e-17,0.11560036340892,871.952472019273,7.5,0,0,0,6.60237947786899,32.0315077565429
0.744444444444424,3.79348891683547,8.65154035790653,1.89341943168995e-17,0.115704991946612,869.646760153183,7.5,0,0,0,6.60084381857552,32.0357795002202
0.744999999999979,3.79417462032276,8.65053120200053,1.89341516020162e-17,0.115804798308509,792.890202118526,7.5,0,0,0,6.59940665603083,32.0398323903295
0.745555555555535,3.79489304163652,8.649458927161,1.89341088849525e-17,0.115891443993061,638.84936898102,7.5,0,0,0,6.59815802733164,32.0422037790737
0.746111111111091,3.79559426375759,8.64821731588018,1.89338061925572e-17,0.115963815956008,450,7.5,0,0,0,6.59709684332806,32.0422078624348
0.746666666666646,3.79632345507489,8.64693882051302,1.89335035074666e-17,0.116022987642394,450,7.5,0,0,0,6.59944789014215,32.0406158734953
0.747222222222202,3.79707305240587,8.64563583155264,1.89332008297794e-17,0.116073593362019,450,7.5,0,0,0,6.60187694432434,32.0391598786512
0.747777777777757,3.79783619123712,8.64432070871081,1.8932898159297e-17,0.116118555285025,450,7.5,0,0,0,6.60431555902014,32.0378145982575
0.748333333333313,3.79865819754321,8.64312472095675,1.89326980290331e-17,0.116160769828182,450,7.5,0,0,0,6.60668819353963,32.0365616070259
0.748888888888868,3.79947996036763,8.64194236668751,1.89326553039335e-17,0.116204816778968,450,7.5,0,0,0,6.6058147047465,32.0353813810001
0.749444444444424,3.80029417810229,8.64077702155029,1.89326125766531e-17,0.116252219056319,450,7.5,0,0,0,6.60489312728954,32.0342549153655
0.749999999999979,3.80109898273742,8.63963149784647,1.89325698471917e-17,0.116303677542242,450,7.5,0,0,0,6.6039202536623,32.0331746453192
0.750555555555535,3.80189281858349,8.63850807633171,1.89323695100892e-17,0.116359828819878,450,7.5,0,0,0,6.60288830892266,32.0321340546001
0.75111111111109,3.80267442407886,8.63740906716414,1.89323267766214e-17,0.116421175393848,450,7.5,0,0,0,6.60179142267314,32.0311275819254
0.751666666666646,3.80344252147805,8.63633674741843,1.89322840409724e-17,0.116488216973645,510.018166551192,7.5,0,0,0,6.60062297407848,32.0301499697305
0.752222222222201,3.80419585138483,8.63529327568485,1.92255115988078e-17,0.116561435273817,635.008526556185,7.5,0,0,0,6.59937669421775,32.0296053195393
0.752777777777757,3.80493322292548,8.63428048830255,1.95187970947207e-17,0.116641274076965,734.198701664621,7.5,0,0,0,6.59804669915544,32.0302751587679
0.753333333333312,3.80560136487547,8.63318113790747,1.95184850497167e-17,0.116728098770038,809.007399670127,7.5,0,0,0,6.59662808200257,32.0322594038308
0.753888888888868,3.80625180386453,8.63211423033571,1.95181730121395e-17,0.11682053976051,861.638970214535,7.5,0,0,0,6.59841835700841,32.0354392597229
0.754444444444423,3.80688429637763,8.631054710785,1.98113410456943e-17,0.116920243920311,882.98672238084,7.5,0,0,0,6.60016781540193,32.0395260712899
0.754999999999979,3.80751269913981,8.62995126163606,1.98110243314514e-17,0.117021714096729,844.490463429654,7.5,0,0,0,6.60192956918524,32.0439011141796
0.755555555555535,3.80821768062332,8.62890206986211,1.98109795981014e-17,0.117113549296019,727.158199395989,7.5,0,0,0,6.60384036270375,32.0472805837623
0.75611111111109,3.80895819388002,8.62779492501386,1.98109348624682e-17,0.117192653118704,539.377949021374,7.5,0,0,0,6.60270235432653,32.0484410980785
0.756666666666646,3.80973076675312,8.62664413947116,1.98108901245517e-17,0.117258624791861,450,7.5,0,0,0,6.60172535121574,32.0473871532708
0.757222222222201,3.81052748157922,8.62546311845362,1.98108453843517e-17,0.117314520283397,450,7.5,0,0,0,6.60085973071939,32.0458016986369
0.757777777777757,3.81134092187105,8.62426432747209,1.98108006418682e-17,0.117363371524293,450,7.5,0,0,0,6.60004691923166,32.0443418720147
0.758333333333312,3.81216419094691,8.62306001830069,1.9810755897101e-17,0.117408076175539,450,7.5,0,0,0,6.59921339544942,32.0429864426465
0.758888888888868,3.81299051042296,8.621863447918,1.98107111500501e-17,0.117451526438878,450,7.5,0,0,0,6.59834596222486,32.0417156098479
0.759444444444423,3.81376018893157,8.62056396405301,1.98103944360626e-17,0.117496861821342,450,7.5,0,0,0,6.59745052359951,32.0405096035921
0.759999999999979,3.81452130778993,8.61928294076986,1.98100777297155e-17,0.117544277081059,450,7.5,0,0,0,6.5997694534308,32.0393556924245
0.760555555555534,3.81527221008018,8.61802265239116,1.98097610310084e-17,0.117596070275664,450,7.5,0,0,0,6.60202529708833,32.0382467747533
0.76111111111109,3.81601163777722,8.61678547369878,1.9809444339941e-17,0.117652830574574,450,7.5,0,0,0,6.60420952967472,32.0371769650393
0.761666666666645,3.816790671911,8.61569208347605,1.9809399586385e-17,0.1177150771331,450,7.5,0,0,0,6.60631660891684,32.0361406288206
0.762222222222201,3.81755560323709,8.61462655371146,1.98093548305448e-17,0.117784944250654,575.024543146493,7.5,0,0,0,6.6051190774601,32.0351323841894
0.762777777777756,3.81830512235743,8.61359135384102,1.98093100724224e-17,0.117861314114377,689.370215273344,7.5,0,0,0,6.60383783406462,32.0351222593166
0.763333333333312,3.81903785715879,8.61258826167037,1.98092653120156e-17,0.117944619237401,778.283349302017,7.5,0,0,0,6.60246949026131,32.0364367283585
0.763888888888868,3.81975282518259,8.6116183449062,1.98092205493223e-17,0.118035206971164,843.409687939918,7.5,0,0,0,6.60100950626415,32.0390760723202
0.764444444444423,3.82044944204839,8.6106816670713,1.98091757843445e-17,0.118133259966503,887.486872159658,7.5,0,0,0,6.59951637790466,32.0428258698275
0.764999999999979,3.8211276699829,8.60972482042136,2.0103709563634e-17,0.118238736762206,887.475224289132,7.5,0,0,0,6.59797075604715,32.0473457805409
0.765555555555534,3.8217645892385,8.60858927750279,2.01033881633564e-17,0.118339816258323,811.430709808796,7.5,0,0,0,6.59651951245065,32.0516838266657
0.76611111111109,3.82243497145328,8.60738833263584,2.01030667708309e-17,0.118425809675493,654.753427415148,7.5,0,0,0,6.59852779566053,32.0542738694466
0.766666666666645,3.82314153238572,8.60613475281645,2.01027453860574e-17,0.118497005549995,450,7.5,0,0,0,6.60072740014333,32.0543326424872
0.767222222222201,3.82387721008593,8.6048429032458,2.01024240090352e-17,0.118556195268171,450,7.5,0,0,0,6.60306330114998,32.0525983624813
0.767777777777756,3.82468655956751,8.6036439842374,2.0102378569443e-17,0.118606574411449,450,7.5,0,0,0,6.60547671873541,32.0510085256071
0.768333333333312,3.82550983989917,8.60243237281342,2.01023331275296e-17,0.118652775775933,450,7.5,0,0,0,6.60467653210732,32.0495362339535
0.768888888888867,3.82634014363496,8.60122097183737,2.01022876832971e-17,0.118696103454424,450,7.5,0,0,0,6.60381417976185,32.0481626159324
0.769444444444423,3.8271703283538,8.60002346899991,2.01022422367452e-17,0.118739534852745,450,7.5,0,0,0,6.60294603892336,32.0468674632691
0.769999999999978,3.82799282145292,8.598842995206,2.01021967878741e-17,0.118786307403187,450,7.5,0,0,0,6.60203215801572,32.0456308501115
0.770555555555534,3.82880589027703,8.59768246513044,2.01021513366834e-17,0.118837144768278,450,7.5,0,0,0,6.60106686722799,32.044445149037
0.771111111111089,3.82960792251954,8.5965442747846,2.01021058831731e-17,0.118892708342254,450,7.5,0,0,0,6.60004198558336,32.0433034221673
0.771666666666645,3.83039759285584,8.59543088931582,2.01018909879417e-17,0.118953527851586,450,7.5,0,0,0,6.59895118496476,32.0421996998849
0.7722222222222,3.83117353779975,8.59434478478956,2.01018455301751e-17,0.11902013886045,506.081842889461,7.5,0,0,0,6.59778750413859,32.041128299626
0.772777777777756,3.83188179072986,8.59317041895977,2.01015241539668e-17,0.119093068186637,636.569002159782,7.5,0,0,0,6.59654403854795,32.0404628875351
0.773333333333312,3.8325736023677,8.5920279016227,2.0101202785614e-17,0.119171178575898,740.383055064251,7.5,0,0,0,6.59847402956317,32.0410647497103
0.773888888888867,3.83324778981043,8.59091853930459,2.0100881425011e-17,0.119256532252383,818.930178045832,7.5,0,0,0,6.60030895728302,32.0430628132696
0.774444444444423,3.83390363133096,8.58984308031986,2.01005600720524e-17,0.119349447665128,874.418676688956,7.5,0,0,0,6.60207382693538,32.0463486429656
0.774999999999978,3.83459334862961,8.58889604037024,2.01005146076777e-17,0.119450031597757,898.624594847717,7.5,0,0,0,6.60379378237051,32.0506242775651
0.775555555555534,3.83527724998119,8.58790453997857,2.01004691409828e-17,0.119554719264446,862.240967115389,7.5,0,0,0,6.60229010516346,32.0552571838448
0.776111111111089,3.83598574343393,8.58684650478306,2.01004236719677e-17,0.119649673798127,744.166870687869,7.5,0,0,0,6.6009386578627,32.0588974747674
0.776666666666645,3.83673104244855,8.58572847120035,2.01003782006321e-17,0.119729704646276,552.102832916564,7.5,0,0,0,6.59978968208313,32.0601985665196
0.7772222222222,3.83750953253523,8.58456532591206,2.03961705165556e-17,0.119796059658579,450,7.5,0,0,0,6.59881240421067,32.0591205344254
0.777777777777756,3.83826029759175,8.58325322122502,2.03958444363296e-17,0.119851995306755,450,7.5,0,0,0,6.5979514704675,32.0574017267829
0.778333333333311,3.83902827700897,8.58192273566612,2.03955183639661e-17,0.11989902127726,450,7.5,0,0,0,6.60040052154191,32.0558158851444
0.778888888888867,3.83980642234239,8.58058590948571,2.03951922994648e-17,0.119941742861422,450,7.5,0,0,0,6.60282314350961,32.0543409858373
0.779444444444422,3.84064078246066,8.57937372511353,2.03951461509057e-17,0.119983087619051,450,7.5,0,0,0,6.60519628650342,32.0529570255201
0.779999999999978,3.84147134315369,8.57817662803172,2.03950999999915e-17,0.120027840574131,450,7.5,0,0,0,6.60431243385879,32.0516437933142
0.780555555555533,3.84229355399742,8.57699801145886,2.03950538467222e-17,0.120076291776813,450,7.5,0,0,0,6.60337792834067,32.0503875904743
0.781111111111089,3.84310553760331,8.57584060118533,2.03950076910976e-17,0.120129140942308,450,7.5,0,0,0,6.60238802666569,32.0491805966298
0.781666666666645,3.84390578616109,8.57470690843023,2.03949615331177e-17,0.120187000447845,450,7.5,0,0,0,6.60133540954749,32.0480161680215
0.7822222222222,3.84469291065283,8.57359950981779,2.03949153727823e-17,0.120250422006422,450,7.5,0,0,0,6.60021321383566,32.0468882891149
0.782777777777756,3.8454654859476,8.57252098310913,2.03948692100914e-17,0.120319961308661,572.207979294496,7.5,0,0,0,6.59901422024004,32.0457912356023
0.783333333333311,3.84622208938822,8.57147376737182,2.03948230450469e-17,0.120396161995958,691.87204619587,7.5,0,0,0,6.59773130841046,32.0456673711717
0.783888888888867,3.84690856925374,8.5703423014294,2.03944969798065e-17,0.120479524729971,785.149020019761,7.5,0,0,0,6.59635786365862,32.0469341971106
0.784444444444422,3.84757656809787,8.5692456030871,2.03941709223204e-17,0.120568801053013,853.675620909445,7.5,0,0,0,6.5981442432797,32.0496146651954
0.784999999999978,3.84822533415809,8.56818372797998,2.03938448726949e-17,0.120665889325051,900.258701859992,7.5,0,0,0,6.59989064987452,32.0534955680952
0.785555555555533,3.84885483441327,8.56710352283465,2.03935188309297e-17,0.120770821341922,902.547193371322,7.5,0,0,0,6.60157900885856,32.0582210686523
0.786111111111089,3.84949447064282,8.56596110407173,2.03931927970244e-17,0.120871836607599,827.760232109984,7.5,0,0,0,6.60335343637583,32.0628075962808
0.786666666666644,3.8502213560626,8.564868047007,2.03931466241784e-17,0.120959098507616,669.46975753576,7.5,0,0,0,6.60532111484309,32.0656029500285
0.7872222222222,3.85098597050589,8.56372042463593,2.03931004489763e-17,0.121032685083204,450,7.5,0,0,0,6.60426486972893,32.0657263056992
0.787777777777755,3.8517807706404,8.56253365372323,2.03930542714179e-17,0.121093830591612,450,7.5,0,0,0,6.60335372860057,32.0638647231486
0.788333333333311,3.85259723091423,8.56132127562332,2.03930080915053e-17,0.121145887219148,450,7.5,0,0,0,6.60253278549356,32.0621545324431
0.788888888888866,3.85342784839983,8.560095969826,2.03929619092342e-17,0.121191957463898,450,7.5,0,0,0,6.60173677977417,32.0605677491665
0.789444444444422,3.85426561939973,8.5588703755998,2.03927419474511e-17,0.121235015057437,450,7.5,0,0,0,6.6008775620033,32.0590850204153
0.789999999999977,3.855103547251,8.55765870854049,2.03926957608602e-17,0.121278057481236,450,7.5,0,0,0,6.60001409116842,32.0576860630841
0.790555555555533,3.85593376732862,8.55646417376266,2.03924756998696e-17,0.121324449898233,450,7.5,0,0,0,6.59910452389525,32.0563500464125
0.791111111111089,3.85675450588945,8.55528980524496,2.03924295089589e-17,0.121374934149682,450,7.5,0,0,0,6.59814307672899,32.0550689721192
0.791666666666644,3.85751114846671,8.55402074051304,2.03921034786698e-17,0.121430199982191,450,7.5,0,0,0,6.59712118441425,32.0538355076097
0.7922222222222,3.85825521755601,8.55277702444372,2.03917774562393e-17,0.121489138588927,450,7.5,0,0,0,6.59928106636437,32.0526433573497
0.792777777777755,3.85898525987065,8.55156103536818,2.03912773653096e-17,0.121553988270255,503.298565124324,7.5,0,0,0,6.60136085718987,32.051486417968
0.793333333333311,3.85969996001398,8.55037543292565,2.03909513613781e-17,0.121625334770474,638.526129442942,7.5,0,0,0,6.60335183079285,32.0507173428742
0.793888888888866,3.86045082241052,8.54933996316366,2.03909051641499e-17,0.121703732084903,746.310515348174,7.5,0,0,0,6.60524796049034,32.05126338977
0.794444444444422,3.86118353865775,8.54833920283569,2.03908589645643e-17,0.121791346066397,828.053447869982,7.5,0,0,0,6.60383212952453,32.053279521481
0.794999999999977,3.86189704896692,8.54737446471315,2.03908127626193e-17,0.121886877500636,885.978454870623,7.5,0,0,0,6.60234342518532,32.0566660226297
0.795555555555533,3.86259063336956,8.54642310495542,2.03905921699585e-17,0.121990476373173,912.461694012512,7.5,0,0,0,6.60081088225501,32.0611162112167
0.796111111111088,3.86327681472365,8.54542631539404,2.03905459636936e-17,0.122097095753447,877.41309851934,7.5,0,0,0,6.59928014606053,32.0659822683086
0.796666666666644,3.86398812418384,8.54435997170505,2.0390499755071e-17,0.122193702627182,757.973268528227,7.5,0,0,0,6.59791005083503,32.0698490033197
0.797222222222199,3.86468487888305,8.5431139496738,2.03901737552479e-17,0.122274718821476,561.387584851513,7.5,0,0,0,6.5967519645627,32.071259510104
0.797777777777755,3.86541616405296,8.54182140915837,2.03898477632814e-17,0.122339821900182,450,7.5,0,0,0,6.59902314154966,32.0701430250352
0.79833333333331,3.86617318222301,8.54049660188378,2.03895217791712e-17,0.122394167645208,450,7.5,0,0,0,6.60140947053768,32.0683040041533
0.798888888888866,3.86694804864872,8.53915257150671,2.03891958029169e-17,0.122441059957539,450,7.5,0,0,0,6.60384416131926,32.0666047124587
0.799444444444422,3.8677866158007,8.53791897947406,2.03891495875778e-17,0.122483529737486,450,7.5,0,0,0,6.60625036944899,32.0650223944135
0.799999999999977,3.86862891002937,8.53669195114392,2.03891033698805e-17,0.122526215467977,450,7.5,0,0,0,6.60539654816879,32.0635360979808
0.800555555555533,3.86946757015949,8.53548038681053,2.03890571498251e-17,0.122570592464376,450,7.5,0,0,0,6.60451506703648,32.0621252874331
0.801111111111088,3.87029767193542,8.53428746467151,2.03890109274115e-17,0.1226186785074,450,7.5,0,0,0,6.60358513159746,32.0607752112667
0.801666666666644,3.87111745687309,8.53311603078874,2.03889647026394e-17,0.122671203864389,450,7.5,0,0,0,6.60259948743801,32.0594780257364
0.802222222222199,3.87192535064531,8.53196873830255,2.03889184755088e-17,0.122728809303141,450,7.5,0,0,0,6.60155052739739,32.0582267137175
0.802777777777755,3.87271988572257,8.53084834634518,2.03888722460196e-17,0.122792079304859,450,7.5,0,0,0,6.6004308488433,32.0570148864168
0.80333333333331,3.8734995360129,8.52975765990252,2.03888260141717e-17,0.122861610922839,571.2577360219,7.5,0,0,0,6.59923278159026,32.0558364256027
0.803888888888866,3.87426275319553,8.52869938874777,2.03887797799671e-17,0.122937998282421,695.451093027345,7.5,0,0,0,6.59794857997238,32.0556242272579
0.804444444444421,3.87495486476462,8.52755889030978,2.03884538018648e-17,0.123021800900199,792.431321611974,7.5,0,0,0,6.59657089428688,32.0568649179099
0.804999999999977,3.87562771778958,8.52645486106068,2.03881278315105e-17,0.123111799491882,863.819526557033,7.5,0,0,0,6.59833908336865,32.0596011354299
0.805555555555532,3.87628039667436,8.52538759579939,2.03878018690106e-17,0.123209988026104,912.459944994135,7.5,0,0,0,6.60006293841222,32.0636196568777
0.806111111111088,3.87691273610247,8.52430299208877,2.03874759143646e-17,0.12331644543411,916.248482807719,7.5,0,0,0,6.60172549238382,32.0685485654614
0.806666666666643,3.87760786203538,8.52327083652213,2.03874296734377e-17,0.123419210636876,841.517063073953,7.5,0,0,0,6.60347257707166,32.0733658140313
0.807222222222199,3.87833867459069,8.5221677309248,2.03873834301517e-17,0.123509425755806,680.536403892327,7.5,0,0,0,6.60220373517361,32.0763311387191
0.807777777777755,3.87910873605365,8.52100850538389,2.06863825365732e-17,0.123583692321916,451.977234656937,7.5,0,0,0,6.60113883995665,32.076484818024
0.80833333333331,3.87990984326774,8.51980911148767,2.06863356101938e-17,0.123645080860235,450,7.5,0,0,0,6.60022804124942,32.0745164702509
0.808888888888866,3.88073317479691,8.51858353542518,2.09854585546945e-17,0.123697139600911,450,7.5,0,0,0,6.599410812983,32.0726937848929
0.809444444444421,3.88157098149808,8.5173446656005,2.09854109447972e-17,0.12374307291788,450,7.5,0,0,0,6.59862035780253,32.0710001426512
0.809999999999977,3.88236287973166,8.51598840420013,2.09850754271576e-17,0.123785904506596,450,7.5,0,0,0,6.59776455015954,32.069415706878
0.810555555555532,3.88315506335047,8.5146460822029,2.09847399176014e-17,0.123826957077386,450,7.5,0,0,0,6.60014347522556,32.0679198096083
0.811111111111088,3.88393953181158,8.51332075349133,2.09844044161281e-17,0.123871354100705,450,7.5,0,0,0,6.60246827843084,32.0664910209227
0.811666666666643,3.88476788918719,8.51213234438786,2.09843568004337e-17,0.123919886765147,450,7.5,0,0,0,6.60473088689082,32.0651212268681
0.812222222222199,3.88558511701267,8.51096671708861,2.098430918231e-17,0.123974973418373,450,7.5,0,0,0,6.60371630747233,32.0638026514477
0.812777777777754,3.88638973811427,8.50982697957282,2.09842615617569e-17,0.124035507426612,450,7.5,0,0,0,6.60263172791293,32.0625285782178
0.81333333333331,3.88718003339649,8.50871603998285,2.09842139387742e-17,0.124102091840561,501.338070679293,7.5,0,0,0,6.60147170749923,32.0612922073238
0.813888888888865,3.88795439434892,8.50763681365992,2.12838934922908e-17,0.124175350215766,641.143813086932,7.5,0,0,0,6.60022832466858,32.060430863341
0.814444444444421,3.88871121157684,8.50659200724561,2.12838451841592e-17,0.124255892889729,752.732569961487,7.5,0,0,0,6.59889359286299,32.0609330579677
0.814999999999976,3.88944898178286,8.50558380538693,2.1283796873563e-17,0.124344271819118,837.448208598324,7.5,0,0,0,6.59746027983317,32.0629797438127
0.815555555555532,3.89011313024706,8.50449680882606,2.1283456580182e-17,0.124440912003755,897.501790451677,7.5,0,0,0,6.59595066121294,32.0664784610451
0.816111111111087,3.89075631203557,8.50342536713668,2.15830623363232e-17,0.124544315461559,925.70556553801,7.5,0,0,0,6.5976382219779,32.0711111397467
0.816666666666643,3.89139088622338,8.50230647332162,2.15827172637635e-17,0.124651206410345,891.187741328016,7.5,0,0,0,6.5993230230405,32.0762072060216
0.817222222222199,3.89205170603882,8.50111449983433,2.15823721995158e-17,0.124747720988279,769.591725963094,7.5,0,0,0,6.60117132304522,32.0802819479428
0.817777777777754,3.89275295062362,8.49985739853427,2.15820271435797e-17,0.124827935658216,567.96580701362,7.5,0,0,0,6.60323494272715,32.0817501360708
0.81833333333331,3.89354363223967,8.49866873402209,2.15819781438571e-17,0.124893379505192,450,7.5,0,0,0,6.60547551827995,32.0805345484383
0.818888888888865,3.89436096408376,8.49744708363594,2.15819291416347e-17,0.124949483911444,450,7.5,0,0,0,6.60462700171438,32.0784346966585
0.819444444444421,3.89519654284632,8.49620611706196,2.15818801369124e-17,0.124997970355247,450,7.5,0,0,0,6.60383455491841,32.076409598176
0.819999999999976,3.89604280558603,8.49495851898437,2.15818311296901e-17,0.125041935256091,450,7.5,0,0,0,6.60302470675967,32.0742181148217
0.820555555555532,3.89689273433811,8.49371769657563,2.15817821199677e-17,0.125084376661056,450,7.5,0,0,0,6.60217070031932,32.0719272830942
0.821111111111087,3.89773891160616,8.49249248525103,2.1581733107745e-17,0.125128474193079,450,7.5,0,0,0,6.6012917851219,32.0690761330924
0.821666666666643,3.8985764490164,8.49128616474838,2.1581684093022e-17,0.125176310676317,450,7.5,0,0,0,6.60036396217502,32.0658406100084
0.822222222222198,3.89940353191925,8.49010171313742,2.15816350757986e-17,0.125228634693923,450,7.5,0,0,0,6.59937972225055,32.0615555800962
0.822777777777754,3.90021851295999,8.48894195822336,2.15815860560746e-17,0.125286113726411,450,7.5,0,0,0,6.59833094659377,32.0565306662276
0.823333333333309,3.90096631710861,8.48769343497268,2.15812409980487e-17,0.125349362197702,450,7.5,0,0,0,6.59721000932446,32.0501060226774
0.823888888888865,3.90169879849032,8.48647566939982,2.15807082833616e-17,0.125417294705901,571.855473009122,7.5,0,0,0,6.59924313435785,32.0426650908625
0.82444444444442,3.90241426382319,8.48529135927354,2.15803632450694e-17,0.125492268824778,699.992133898799,7.5,0,0,0,6.60118337289002,32.0346436656729
0.824999999999976,3.90311121537238,8.48414317963636,2.15800182150868e-17,0.125574910855057,800.117115515223,7.5,0,0,0,6.60302164810588,32.027151160899
0.825555555555532,3.90384172057922,8.48314944937453,2.15799691886646e-17,0.125665744045031,873.853904157566,7.5,0,0,0,6.60475254336425,32.0199283574973
0.826111111111087,3.90455116929623,8.48219458834885,2.15799201597415e-17,0.125766853333063,924.094798020109,7.5,0,0,0,6.60323278956802,32.0131100515429
0.826666666666643,3.90523911425817,8.48122307588566,2.15798711283173e-17,0.125876609289889,928.658333968274,7.5,0,0,0,6.60164902709982,32.0063563838857
0.827222222222198,3.90593626715211,8.48018500964478,2.15798220943918e-17,0.125982662787034,852.983022053898,7.5,0,0,0,6.60015356602434,31.9988337316389
0.827777777777754,3.9066702344438,8.4790740547331,2.1579773057965e-17,0.126073846900406,688.477506409705,7.5,0,0,0,6.59887136929654,31.9890245400572
0.828333333333309,3.90744452306102,8.47790585762322,2.15797240190368e-17,0.126148453314938,454.064434447684,7.5,0,0,0,6.597804829774,31.9760143045697
0.828888888888865,3.90819687235755,8.47658091835789,2.15793789903131e-17,0.12620980034789,450,7.5,0,0,0,6.59689741519921,31.9614789410465
0.82944444444442,3.9089715964317,8.47522991874304,2.15790339700108e-17,0.126259883591405,450,7.5,0,0,0,6.5993223306227,31.94761892926
0.829999999999976,3.90976072830851,8.47386556722853,2.15786889579035e-17,0.126303734892995,450,7.5,0,0,0,6.60176792594799,31.9348767350697
0.830555555555531,3.91055724708118,8.47250060378811,2.15783439541037e-17,0.126344426886203,450,7.5,0,0,0,6.60413613379372,31.9230867486596
0.831111111111087,3.91140774667605,8.4712656072736,2.15782949080484e-17,0.12638499243964,450,7.5,0,0,0,6.60648839255221,31.9121887569252
0.831666666666642,3.9122506373934,8.470047787867,2.15782458594912e-17,0.126430585644642,450,7.5,0,0,0,6.60559339242615,31.9021016835993
0.832222222222198,3.91308402161152,8.46885057345494,2.15781968084319e-17,0.126480276570242,450,7.5,0,0,0,6.60464488088891,31.892765936986
0.832777777777753,3.91390600310705,8.46767660901835,2.15781477548706e-17,0.126534775215775,450,7.5,0,0,0,6.60363651360285,31.8841251227517
0.833333333333309,3.91471511880741,8.46652867722845,2.1578098698807e-17,0.12659467656582,450,7.5,0,0,0,6.60256134548296,31.8761276606146
0.833888888888864,3.91550982957856,8.46540967010772,2.1578049640241e-17,0.126660595656436,493.799523380598,7.5,0,0,0,6.6014115961782,31.8687253007149
0.83444444444442,3.91628853585006,8.46432251721886,2.15780005791726e-17,0.126733159119207,636.843839168258,7.5,0,0,0,6.60017908979737,31.8621613431063
0.834999999999976,3.91704962037596,8.46326997008351,2.1577951515604e-17,0.126812986902104,751.093499300557,7.5,0,0,0,6.5988557948309,31.8574583021497
0.835555555555531,3.9177915550088,8.46225428962083,2.15779024495326e-17,0.12690064661525,837.938376559359,7.5,0,0,0,6.59743428707367,31.8547736772025
0.836111111111087,3.91845934807183,8.46116081210004,2.15773692246103e-17,0.126996586361733,899.645980536004,7.5,0,0,0,6.59593265227561,31.8539875459698
0.836666666666642,3.91910596818327,8.46008681917826,2.15770242300229e-17,0.12709930335561,930.641859271941,7.5,0,0,0,6.59762115238661,31.8547633996785
0.837222222222198,3.91974180694306,8.45896765647755,2.15766792437414e-17,0.127206339740128,900.158692763276,7.5,0,0,0,6.5992966733619,31.8564320206032
0.837777777777753,3.92040262862015,8.45777528349776,2.15763342657654e-17,0.127303474089844,781.796695742029,7.5,0,0,0,6.60113058254567,31.8574940977915
0.838333333333309,3.92110394711343,8.45651682442394,2.15759892960943e-17,0.127384257160943,581.371216241846,7.5,0,0,0,6.6031810403984,31.8562823492583
0.838888888888864,3.92189560744992,8.45532540716352,2.15759402221609e-17,0.127450028239296,450,7.5,0,0,0,6.60541185884311,31.8525995812287
0.83944444444442,3.92271434395885,8.45410040489069,2.15758911457242e-17,0.127506291401771,450,7.5,0,0,0,6.60456520460136,31.8482715559961
0.839999999999975,3.92355165881153,8.45285553029121,2.15756533913344e-17,0.127554770044434,450,7.5,0,0,0,6.60377787315934,31.8443423520974
0.840555555555531,3.92439996528527,8.4516034281605,2.15756043103203e-17,0.127598570854203,450,7.5,0,0,0,6.60297755409637,31.8407702302064
0.841111111111086,3.92525226749032,8.45035732840049,2.15755552268028e-17,0.127640685523454,450,7.5,0,0,0,6.60212959674215,31.8375171838669
0.841666666666642,3.92610124600454,8.44912654792555,2.15755061407816e-17,0.127684258250057,450,7.5,0,0,0,6.60125934748846,31.8345469366098
0.842222222222197,3.92694174610943,8.44791430484478,2.15754570522567e-17,0.127731492164818,450,7.5,0,0,0,6.60034109093549,31.8318295878107
0.842777777777753,3.92777198721557,8.44672354575599,2.1575407961228e-17,0.127783130784834,450,7.5,0,0,0,6.59936760222871,31.8293435842687
0.843333333333309,3.92859033937796,8.44555701893775,2.15753588676953e-17,0.127839841873583,450,7.5,0,0,0,6.59833076440249,31.8270690821596
0.843888888888864,3.92934139646807,8.44430182821629,2.15750138989294e-17,0.127902235114702,450,7.5,0,0,0,6.59722305625775,31.8249877565453
0.84444444444442,3.93007741900122,8.44307681721322,2.15746689384672e-17,0.12796918847669,559.215376250668,7.5,0,0,0,6.59926176782442,31.8230823804105
0.844999999999975,3.93079674519782,8.4418846790853,2.15743239864212e-17,0.128043098229276,689.993391520193,7.5,0,0,0,6.6012087923609,31.8221643931883
0.845555555555531,3.93149787984705,8.4407281326622,2.15739790426782e-17,0.12812460325153,792.630232776622,7.5,0,0,0,6.60305488337849,31.8228632962427
0.846111111111086,3.93223324142549,8.43972501167786,2.15737406872648e-17,0.128214254175113,868.690283705656,7.5,0,0,0,6.60479426002763,31.8252530302955
0.846666666666642,3.93294776673855,8.43876059035366,2.15736915845239e-17,0.128314214799313,921.058277716395,7.5,0,0,0,6.6032864757603,31.8291334148133
0.847222222222197,3.93364088204612,8.4377859062487,2.15736424792786e-17,0.128422886406092,930.292457424743,7.5,0,0,0,6.60171627825563,31.8341204372987
0.847777777777753,3.93433967134049,8.43674801106917,2.15735933715286e-17,0.128529361774806,862.439707276096,7.5,0,0,0,6.60021499138842,31.8392094545914
0.848333333333308,3.93507342559616,8.4356368746994,2.1573544261274e-17,0.128621831121884,705.822223344878,7.5,0,0,0,6.59891743202082,31.8426087834343
0.848888888888864,3.93584769590244,8.43446678586153,2.15734951485146e-17,0.128697780468351,477.102342755498,7.5,0,0,0,6.59783579629706,31.8431680084283
0.849444444444419,3.93660059747886,8.43313888240563,2.15731502090398e-17,0.128760214989797,450,7.5,0,0,0,6.59691731322193,31.8414679095187
0.849999999999975,3.93737681036902,8.43178338028592,2.15728052778667e-17,0.128811090662895,450,7.5,0,0,0,6.5993268189935,31.8398168103145
0.85055555555553,3.93816828872667,8.43041304227476,2.15722705955268e-17,0.128855495781918,450,7.5,0,0,0,6.60176319459038,31.8383647895782
0.851111111111086,3.93896797143881,8.42904062365365,2.157192568399e-17,0.128896510149142,450,7.5,0,0,0,6.60413224313651,31.8370848195003
0.851666666666641,3.93982282300296,8.42779593409133,2.15718765645254e-17,0.128937158997863,450,7.5,0,0,0,6.6064754658952,31.8359514783018
0.852222222222197,3.94067095720816,8.42656796207075,2.15718274425556e-17,0.128982591540204,450,7.5,0,0,0,6.60558344873189,31.8349391779895
0.852777777777753,3.9415098391668,8.42536027526024,2.15717783180804e-17,0.129032110546511,450,7.5,0,0,0,6.60463773175103,31.8340341481025
0.853333333333308,3.94233749525092,8.42417571593618,2.15717291910997e-17,0.129086453047906,450,7.5,0,0,0,6.60363198933462,31.8332245245073
0.853888888888864,3.94315235323472,8.42301722662025,2.15716800616135e-17,0.129146254485178,450,7.5,0,0,0,6.6025587683882,31.8324999583984
0.854444444444419,3.94395278554446,8.42188789721079,2.15716309296216e-17,0.129212161307661,482.060798502154,7.5,0,0,0,6.60140995885541,31.8318506487258
0.854999999999975,3.94473708314124,8.42079089585376,2.1875686471715e-17,0.129284839909312,628.72900248053,7.5,0,0,0,6.60017692062924,31.831473076439
0.85555555555553,3.94550349681545,8.41972926065795,2.18756366420063e-17,0.129364958522944,746.5228706829,7.5,0,0,0,6.59885103225568,31.8324876642962
0.856111111111086,3.94625033984106,8.41870556884481,2.18755868097563e-17,0.129453141945747,836.603118704941,7.5,0,0,0,6.59742416540078,31.8351265901622
0.856666666666641,3.94692206942413,8.4176060981402,2.18752370336852e-17,0.129549901198987,901.075260114772,7.5,0,0,0,6.59590752090258,31.8393324083464
0.857222222222197,3.94757185672339,8.4165323958331,2.18748872660307e-17,0.129653759786748,936.647361944594,7.5,0,0,0,6.59757142156114,31.8447980786272
0.857777777777752,3.9482073867445,8.41541530325559,2.18745375067924e-17,0.129763365247892,912.779607576184,7.5,0,0,0,6.59920541549915,31.8509299587387
0.858333333333308,3.94886691501267,8.41422215126767,2.21786134036986e-17,0.129863530684001,800.00694891274,7.5,0,0,0,6.6009944269532,31.8562829395186
0.858888888888863,3.94956851592549,8.41295926086827,2.24827369487041e-17,0.129946787800323,602.203273210771,7.5,0,0,0,6.60300859089738,31.8590881912754
0.859444444444419,3.95036285525223,8.41176010841646,2.24826857206274e-17,0.13001426624614,450,7.5,0,0,0,6.60521346293121,31.8590178429937
0.859999999999974,3.95118575134409,8.41052544124718,2.24826344899381e-17,0.130071702367299,450,7.5,0,0,0,6.60435649846255,31.8578275620774
0.86055555555553,3.95202829333952,8.40926941135879,2.24825832566361e-17,0.130120942215297,450,7.5,0,0,0,6.60356536493838,31.8568044715779
0.861111111111086,3.95288265145231,8.40800493940569,2.24825320207212e-17,0.130165184648952,450,7.5,0,0,0,6.60276826763768,31.8559224680552
0.861666666666641,3.95374167715802,8.40674537145159,2.24824807821934e-17,0.130207482175991,450,7.5,0,0,0,6.60191788826222,31.8551582671528
0.862222222222197,3.95459798674589,8.40550112020247,2.24824295410524e-17,0.130251004948588,450,7.5,0,0,0,6.60104797054927,31.8544894629982
0.862777777777752,3.95544581930249,8.40427554994622,2.24823782972983e-17,0.130298215210794,450,7.5,0,0,0,6.60012947589718,31.8538980239219
0.863333333333308,3.95628331330324,8.40307180834521,2.24823270509308e-17,0.130349889349262,450,7.5,0,0,0,6.59915506328285,31.853374432406
0.863888888888863,3.95710872757063,8.40189282216688,2.24822758019498e-17,0.130406740256321,450,7.5,0,0,0,6.59811604723794,31.8529099879388
0.864444444444419,3.95786618029824,8.40062654500742,2.2481916321589e-17,0.130469416679062,450,7.5,0,0,0,6.5970044787233,31.8524967592732
0.864999999999974,3.95860818676196,8.39939145567746,2.27867304245895e-17,0.130536809736711,553.486982991292,7.5,0,0,0,6.59902931340187,31.8521271309788
0.86555555555553,3.95933293912277,8.39819055442397,2.278636608215e-17,0.130611407002539,688.705462670213,7.5,0,0,0,6.60095960325196,31.8525668533273
0.866111111111085,3.96003877225735,8.39702689853971,2.27860017484755e-17,0.130693912498028,795.110768622769,7.5,0,0,0,6.60278532887115,31.8545454771152
0.866666666666641,3.96077829461796,8.39601801600033,2.27859497962722e-17,0.130784945756743,874.157361845698,7.5,0,0,0,6.60449990589267,31.8581747685723
0.867222222222196,3.96149588683215,8.39505005275165,2.27858978414196e-17,0.130886769450607,928.711286391469,7.5,0,0,0,6.60296713547986,31.8632684718766
0.867777777777752,3.96219084113275,8.39407452974397,2.27858458839174e-17,0.13099779438116,940.51148503722,7.5,0,0,0,6.60136849778507,31.8694400998515
0.868333333333307,3.96288997411953,8.39303338127372,2.27857939237656e-17,0.131107233918138,875.094090013055,7.5,0,0,0,6.59983207624941,31.8756879846944
0.868888888888863,3.96362540739682,8.39191507907795,2.2785741960964e-17,0.13120217176962,718.662365637757,7.5,0,0,0,6.59850719274721,31.8801763343687
0.869444444444418,3.96434917336477,8.39061988479481,2.27853776298094e-17,0.131279739844427,487.2599725576,7.5,0,0,0,6.59740901862048,31.8816537884403
0.869999999999974,3.96510714447178,8.3892808078368,2.27850133074185e-17,0.13134134217065,450,7.5,0,0,0,6.59969816518105,31.8806771456929
0.87055555555553,3.96588939017824,8.38791273809212,2.27846489937911e-17,0.13139275636274,450,7.5,0,0,0,6.60208738395826,31.8796173135153
0.871111111111085,3.96668767256105,8.38652911565388,2.27842846889265e-17,0.131437464732293,450,7.5,0,0,0,6.60450362026979,31.8787015324612
0.871666666666641,3.96754894314447,8.38525786235077,2.27842327185741e-17,0.131478618018236,450,7.5,0,0,0,6.60685535175362,31.877905956251
0.872222222222196,3.96841165503347,8.38399840750975,2.27841807455714e-17,0.131521097237235,450,7.5,0,0,0,6.60600301565851,31.8772085464267
0.872777777777752,3.96926783648008,8.38275620722993,2.27841287699184e-17,0.131566518658879,450,7.5,0,0,0,6.60510783532393,31.8765870546218
0.873333333333307,3.97011446849659,8.38153467882131,2.2784076791615e-17,0.131616078932103,450,7.5,0,0,0,6.60416051560973,31.8760299497674
0.873888888888863,3.97094966058022,8.38033685401451,2.27840248106609e-17,0.131670559800264,450,7.5,0,0,0,6.60315214004512,31.8755285482172
0.874444444444418,3.97177173571812,8.37916588504297,2.27839728270561e-17,0.131730639777029,450,7.5,0,0,0,6.60207464411025,31.8750751038823
0.874999999999974,3.97257895032664,8.37802512003342,2.27839208408005e-17,0.131797012037641,478.248036791599,7.5,0,0,0,6.60091928137421,31.8746622127436
0.875555555555529,3.97336945252327,8.37691803464933,2.2783868851894e-17,0.131870399556384,629.436066986067,7.5,0,0,0,6.59967678897943,31.8744625686115
0.876111111111085,3.97414132301538,8.37584801435256,2.27838168603388e-17,0.131951536591585,751.029377138405,7.5,0,0,0,6.59833769498402,31.8756595238812
0.87666666666664,3.97483819563106,8.37470319251768,2.27834525533257e-17,0.132041120403852,844.108257786966,7.5,0,0,0,6.59689296231601,31.8785180979116
0.877222222222196,3.97551292094912,8.37360038383992,2.2783088254955e-17,0.13213792176608,910.748287474811,7.5,0,0,0,6.59856434628271,31.8829956122427
0.877777777777751,3.97616440538011,8.37252664864548,2.27827239653455e-17,0.132244107468874,948.43054679676,7.5,0,0,0,6.60018638525968,31.8887782683279
0.878333333333307,3.97679980424597,8.37140741638093,2.27823596844968e-17,0.132356838257078,925.942170830979,7.5,0,0,0,6.60176747288716,31.8952667669051
0.878888888888863,3.9775148858335,8.37032211397113,2.27823076853844e-17,0.132459688189099,811.96581024502,7.5,0,0,0,6.60351064382091,31.9009652170854
0.879444444444418,3.97827467986054,8.36916344107204,2.27822556836205e-17,0.132546414389235,609.931878328034,7.5,0,0,0,6.60230560170047,31.9039900633252
0.879999999999974,3.97907506237109,8.36795147599094,2.27822036792049e-17,0.132616556012684,450,7.5,0,0,0,6.60130362794524,31.9039723927282
0.880555555555529,3.97990492621804,8.36670324677754,2.27821516721375e-17,0.132674408013479,450,7.5,0,0,0,6.6004405082439,31.9027362211461
0.881111111111085,3.98075485053398,8.36543306142573,2.27820996624183e-17,0.132723805597449,450,7.5,0,0,0,6.59964989590755,31.9016566934013
0.88166666666664,3.98161691917546,8.36415410913724,2.2782047650047e-17,0.132768063675489,450,7.5,0,0,0,6.59885475436354,31.9007083512182
0.882222222222196,3.98242924833221,8.36276530531926,2.27816833706017e-17,0.132810298815719,450,7.5,0,0,0,6.59800366117313,31.899868388652
0.882777777777751,3.9832389124538,8.36139206649859,2.27813190999159e-17,0.132851907119995,450,7.5,0,0,0,6.6003408221674,31.8991149658904
0.883333333333307,3.98403996159117,8.36003755489047,2.27807501281808e-17,0.132897252671225,450,7.5,0,0,0,6.60262098444545,31.8984303433514
0.883888888888862,3.98488526300539,8.35881964580802,2.30878958610153e-17,0.132947149340698,450,7.5,0,0,0,6.60483468419168,31.8978058717086
0.884444444444418,3.98571838811368,8.35762686689162,2.30878431386261e-17,0.133004170472167,450,7.5,0,0,0,6.60379736754883,31.8972332293643
0.884999999999973,3.98653760713803,8.35646289380526,2.30877904135486e-17,0.133067188095861,450,7.5,0,0,0,6.60268378421098,31.8967048654582
0.885555555555529,3.98734088697308,8.35533130965159,2.30877376857827e-17,0.133136927776005,554.475746178932,7.5,0,0,0,6.60148700525022,31.8962130751753
0.886111111111084,3.98812624893426,8.35423576264358,2.30876849553307e-17,0.133214156974905,693.867876505222,7.5,0,0,0,6.60019730434384,31.8965327448642
0.88666666666664,3.98889166852776,8.35317968506819,2.308763222219e-17,0.133299639619269,803.619073833755,7.5,0,0,0,6.59880484384608,31.8984479055604
0.887222222222195,3.98963524822805,8.35216583255692,2.3087579486358e-17,0.133394072965977,885.130624018953,7.5,0,0,0,6.59730059812785,31.9020914803444
0.887777777777751,3.99030077919219,8.35108123135434,2.30872103158509e-17,0.133497989318102,941.268778145688,7.5,0,0,0,6.595731370062,31.9072758088107
0.888333333333307,3.99094211262424,8.34998892125789,2.30868411542198e-17,0.133609795914328,953.548998534226,7.5,0,0,0,6.59730830870667,31.9135941552338
0.888888888888862,3.99158770644088,8.34882640848465,2.30864720014642e-17,0.133719976053623,886.460235077145,7.5,0,0,0,6.59895064582019,31.9199932998326
0.889444444444418,3.99227213127071,8.34758245776303,2.30861028575838e-17,0.133814731572419,725.407262450296,7.5,0,0,0,6.60081434754778,31.9245361354706
0.889999999999973,3.9930016052957,8.34627413622325,2.30857337225781e-17,0.133891231479842,486.999906033059,7.5,0,0,0,6.60290945856691,31.925904158799
0.890555555555529,3.99382142263694,8.34503494969296,2.30856809778401e-17,0.13395306267523,450,7.5,0,0,0,6.60517244900196,31.9247111646031
0.891111111111084,3.99466627984207,8.34376630651212,2.30856282304127e-17,0.134006307762121,450,7.5,0,0,0,6.6043588018237,31.9234396378405
0.89166666666664,3.99552743111455,8.34248226440761,2.3085575480296e-17,0.134052741847564,450,7.5,0,0,0,6.60357882791343,31.9223138677869
0.892222222222195,3.99639709880154,8.34119599795606,2.30855227274896e-17,0.134095580755764,450,7.5,0,0,0,6.60274295151942,31.9213093064875
0.892777777777751,3.99726799392769,8.33992211321755,2.30854699719936e-17,0.134137950974892,450,7.5,0,0,0,6.60188764566868,31.9204037443791
0.893333333333306,3.99813203580733,8.33866580125102,2.30854172138078e-17,0.134183319598268,450,7.5,0,0,0,6.60099115043879,31.9195746953538
0.893888888888862,3.9989863520594,8.33743060069487,2.33936490401159e-17,0.134232902135132,450,7.5,0,0,0,6.60004140175906,31.9188109193708
0.894444444444417,3.99982898508499,8.33621969986075,2.33935955719394e-17,0.13428750851219,450,7.5,0,0,0,6.59902903561082,31.9181035987397
0.894999999999973,4.00065817125258,8.3350364570982,2.33935421010368e-17,0.134347852926532,450,7.5,0,0,0,6.59794551010304,31.9174448221899
0.895555555555528,4.00141721502027,8.33377027390354,2.37016414655464e-17,0.13441467479005,480.175491229034,7.5,0,0,0,6.59678145388838,31.9168269753793
0.896111111111084,4.00215893826552,8.33253918872986,2.37012624752063e-17,0.134486911353968,635.313308908808,7.5,0,0,0,6.59873271881928,31.9164356270363
0.89666666666664,4.00288124431464,8.33134665916895,2.37008834941003e-17,0.134567207128114,760.034370941275,7.5,0,0,0,6.60057956598283,31.9174965130188
0.897222222222195,4.00358221520752,8.33019600048194,2.37005045221038e-17,0.134656353015058,855.424859872338,7.5,0,0,0,6.60231120663891,31.920298085129
0.897777777777751,4.004314891596,8.32920369461072,2.37004503382369e-17,0.134755010106227,923.596217036387,7.5,0,0,0,6.6039377056332,31.9248009120738
0.898333333333306,4.00502312555613,8.32824159794003,2.37003961516075e-17,0.134865454389363,961.697821507074,7.5,0,0,0,6.60233289902247,31.9306752448975
0.898888888888862,4.00571464599753,8.32723038419654,2.37003419622154e-17,0.134982689522824,937.470422943319,7.5,0,0,0,6.60068435615639,31.9372803214548
0.899444444444417,4.00643333310303,8.32613399352774,2.37002877700605e-17,0.135089192169328,818.860397874139,7.5,0,0,0,6.59921182443431,31.9430242073833
0.899999999999973,4.00719913760172,8.32496188804306,2.37002335751427e-17,0.135176714369251,609.750205695709,7.5,0,0,0,6.59799464601369,31.9459293967605
0.900555555555528,4.00795190420136,8.32362131248244,2.36998546057432e-17,0.135247032814449,450,7.5,0,0,0,6.59699165575384,31.9456556038426
0.901111111111084,4.00873474967716,8.32224412995255,2.36994756454522e-17,0.135302940158891,450,7.5,0,0,0,6.59933642043312,31.9441716509628
0.901666666666639,4.00953784436763,8.32084467958819,2.36990966942691e-17,0.135350294914555,450,7.5,0,0,0,6.60174790747192,31.9428494901356
0.902222222222195,4.0103532549564,8.31943635234522,2.36987177521935e-17,0.135392507544517,450,7.5,0,0,0,6.60414205279816,31.9416633394237
0.90277777777775,4.01122853683398,8.31814686090392,2.36984478156072e-17,0.135432743737458,450,7.5,0,0,0,6.60646828805418,31.9405899100324
0.903333333333306,4.01210114815804,8.31687287586855,2.36983936105452e-17,0.135476124818069,450,7.5,0,0,0,6.60560049039703,31.939606818033
0.903888888888861,4.01296517724215,8.31561831160475,2.36983394027197e-17,0.135523323151447,450,7.5,0,0,0,6.60468064074799,31.9386962448051
0.904444444444417,4.01381845824954,8.3143866230173,2.36982851921306e-17,0.135575162344697,450,7.5,0,0,0,6.60370323821973,31.9378485451709
0.904999999999972,4.01465908001635,8.31318111619382,2.36982309787778e-17,0.135632426069666,450,7.5,0,0,0,6.60265883623218,31.9370551452863
0.905555555555528,4.01548521380039,8.31200539725664,2.3698176762661e-17,0.135695848980311,450,7.5,0,0,0,6.60153878043969,31.9363081476393
0.906111111111084,4.01629486497112,8.31086333414158,2.36981225437803e-17,0.135766219384915,560.708808107503,7.5,0,0,0,6.60033276529473,31.935599809055
0.906666666666639,4.01708589732835,8.3097589257955,2.3698068322138e-17,0.135844366648054,703.347253428667,7.5,0,0,0,6.59903026930259,31.9357619313863
0.907222222222195,4.01785609232213,8.30869598823428,2.36980140977314e-17,0.135931129236333,815.488718912782,7.5,0,0,0,6.59762051108871,31.9375975436947
0.90777777777775,4.01854827631352,8.30756381259033,2.36974188533736e-17,0.136027283899705,898.582954570827,7.5,0,0,0,6.59609346368873,31.9412494119401
0.908333333333306,4.0192157753369,8.30647799737369,2.3697039924916e-17,0.136131569888139,955.557183492755,7.5,0,0,0,6.5977027289545,31.9465186109988
0.908888888888861,4.01985762619855,8.30538142059607,2.3696661005564e-17,0.136246133627085,966.611816390002,7.5,0,0,0,6.59923809022219,31.9529719093564
0.909444444444417,4.02050542587052,8.30420907282157,2.36962820953171e-17,0.136358485682641,894.918913031829,7.5,0,0,0,6.60084481376159,31.9594724049234
0.909999999999972,4.02119513674434,8.30295164491102,2.36959031941748e-17,0.136454191482091,726.313253531494,7.5,0,0,0,6.60268760371169,31.9639538881281
0.910555555555528,4.02198701759879,8.30174213295695,2.36958489611038e-17,0.136530815580164,478.832825875979,7.5,0,0,0,6.60477012565341,31.965076958305
0.911111111111083,4.02281533213627,8.30048693776418,2.36957947252681e-17,0.136594297926438,450,7.5,0,0,0,6.60385465017426,31.9635756117775
0.911666666666639,4.02366891827861,8.29920264261319,2.36957404866675e-17,0.136647251579583,450,7.5,0,0,0,6.60304257292054,31.9620610476969
0.912222222222194,4.024538601082,8.29790323092245,2.36956862453019e-17,0.13669338866027,450,7.5,0,0,0,6.60226549475093,31.960697213883
0.91277777777775,4.02541664394148,8.29660205147436,2.36956320011712e-17,0.136735993635779,450,7.5,0,0,0,6.6014265812595,31.9594593439125
0.913333333333305,4.02629566151265,8.29531396568802,2.36955777542751e-17,0.136778236677541,450,7.5,0,0,0,6.60057123067822,31.958324762493
0.913888888888861,4.02716743183614,8.29404386680693,2.36955235046137e-17,0.13682364661011,450,7.5,0,0,0,6.59967244422622,31.9572704595392
0.914444444444417,4.02802924726684,8.29279541858167,2.36954692521867e-17,0.13687336793075,450,7.5,0,0,0,6.59871939881639,31.9562852905362
0.914999999999972,4.02882388172754,8.29145835668081,2.36950903499179e-17,0.136928239255497,450,7.5,0,0,0,6.59770217732303,31.955360083475
0.915555555555528,4.02960466938184,8.29014989788238,2.36947114567525e-17,0.136987130609102,450,7.5,0,0,0,6.59980621935191,31.9544866188226
0.916111111111083,4.03036962928734,8.28887362416136,2.369433257269e-17,0.137052706524948,487.765051699608,7.5,0,0,0,6.60182197069665,31.9536568367107
0.916666666666639,4.03111678023451,8.28763368126553,2.369395369773e-17,0.137125822552177,645.942529761212,7.5,0,0,0,6.60373751311318,31.9531086851129
0.917222222222194,4.03189906947112,8.28654776088959,2.36938994374234e-17,0.137207356653162,772.862225040141,7.5,0,0,0,6.60554300241861,31.9540888086265
0.91777777777775,4.03265896609488,8.28550604768868,2.36938451743508e-17,0.137300051916329,869.703474098781,7.5,0,0,0,6.60406922013152,31.9568986970742
0.918333333333305,4.03339440224282,8.28451148098123,2.36937909085096e-17,0.13740277684474,938.632100294687,7.5,0,0,0,6.6024903185608,31.9614920858424
0.918888888888861,4.03410375845077,8.28354567279825,2.36937366399021e-17,0.137516001102004,975.296173061504,7.5,0,0,0,6.60085102020923,31.967514830668
0.919444444444416,4.03479720345405,8.28252459384336,2.36934643877811e-17,0.137635606977057,945.99841873507,7.5,0,0,0,6.59917693449442,31.9742487514153
0.919999999999972,4.03552121906467,8.28141368873461,2.369341011414e-17,0.137743136441505,819.150143394025,7.5,0,0,0,6.59769625757289,31.9799629018383
0.920555555555527,4.0362396275035,8.28011194447976,2.36930312440912e-17,0.137830639365912,600.124324414551,7.5,0,0,0,6.5964830455169,31.9826214672534
0.921111111111083,4.03700083619654,8.27875554637506,2.40038691657018e-17,0.137898646824843,450,7.5,0,0,0,6.59868723122866,31.9819992997398
0.921666666666638,4.03779227852098,8.27736249762186,2.40034853374153e-17,0.137954015774188,450,7.5,0,0,0,6.60102806821781,31.9802823897423
0.922222222222194,4.03860399413184,8.27594771376575,2.40031015183486e-17,0.138000897998962,450,7.5,0,0,0,6.60342925727608,31.9787327905679
0.922777777777749,4.03948306757511,8.27463809416163,2.40030465238029e-17,0.138042758845996,450,7.5,0,0,0,6.60580706829344,31.977323777356
0.923333333333305,4.04036668816269,8.2733342107712,2.4002991526454e-17,0.138084696475097,450,7.5,0,0,0,6.60495964766229,31.9760315635985
0.923888888888861,4.04124713185438,8.2720465584093,2.40029365263016e-17,0.138128140155659,450,7.5,0,0,0,6.6040868682912,31.9748333552493
0.924444444444416,4.04211859226936,8.27077884378429,2.40028815233456e-17,0.138175489705607,450,7.5,0,0,0,6.60316343496273,31.9737112877637
0.924999999999972,4.04297901846374,8.26953463565329,2.40026048490769e-17,0.138227601164824,450,7.5,0,0,0,6.60218105758201,31.9726557213579
0.925555555555527,4.04382643631359,8.26831743883104,2.40025498410214e-17,0.138285283842983,450,7.5,0,0,0,6.60112998211414,31.9716577497185
0.926111111111083,4.04465890714872,8.26713111368507,2.40024948301619e-17,0.138349316953513,450,7.5,0,0,0,6.60000067005096,31.9707090726871
0.926666666666638,4.04547429569957,8.26597984611833,2.40024398164984e-17,0.138420544844944,572.342314996018,7.5,0,0,0,6.59878238238326,31.9698015083101
0.927222222222194,4.04627028989893,8.26486800852563,2.40023848000332e-17,0.138499865571382,717.018910554593,7.5,0,0,0,6.59746363041146,31.9698767459255
0.927777777777749,4.04698902501866,8.26368661650829,2.40020009821851e-17,0.138588196233325,830.4331299156,7.5,0,0,0,6.59603263133179,31.9717151927964
0.928333333333305,4.04768359246021,8.26255238693199,2.40016171734296e-17,0.138684495490551,914.116966759738,7.5,0,0,0,6.59767471985891,31.9754572309606
0.92888888888886,4.04835207021834,8.2614669930882,2.43133288096827e-17,0.138791336078319,971.054762160109,7.5,0,0,0,6.59924730693414,31.9808820598435
0.929444444444416,4.04899353053917,8.26036478634396,2.43129400288188e-17,0.138909058169927,978.954820860086,7.5,0,0,0,6.60073610819777,31.9875235611929
0.929999999999971,4.04964428679788,8.25917978294467,2.43125512572916e-17,0.139023247481753,899.450928158998,7.5,0,0,0,6.60231439648242,31.9941248869155
0.930555555555527,4.05039632134495,8.258019573722,2.43124955160171e-17,0.139119238439976,720.16910835022,7.5,0,0,0,6.60414663755018,31.9984675986392
0.931111111111082,4.05119723081657,8.25679285606626,2.43124397719014e-17,0.139197306931548,461.525271770445,7.5,0,0,0,6.60306228341849,31.9992542139763
0.931666666666638,4.05203493316801,8.25552096442777,2.43123840249443e-17,0.139260196346968,450,7.5,0,0,0,6.6021523328384,31.9974100967712
0.932222222222194,4.05289762910983,8.25422048544271,2.43123282751484e-17,0.13931257967097,450,7.5,0,0,0,6.60134715391542,31.9956791733145
0.932777777777749,4.05377613006769,8.25290558827957,2.43122725225083e-17,0.139358260541785,450,7.5,0,0,0,6.60057267166574,31.9941009583303
0.933333333333305,4.05466260875878,8.25158980011893,2.43122167670264e-17,0.139400569277619,450,7.5,0,0,0,6.5997259960282,31.9926529759315
0.93388888888886,4.05554957697488,8.25028832842137,2.43121610087026e-17,0.139442723097612,450,7.5,0,0,0,6.5988698205152,31.9913120902112
0.934444444444416,4.05637305892288,8.24889241939525,2.43117722373117e-17,0.139488333392036,450,7.5,0,0,0,6.59796662504033,31.990054686965
0.934999999999971,4.05718625327796,8.24751889265882,2.43111575566517e-17,0.139536475324817,450,7.5,0,0,0,6.60019388940315,31.988870174264
0.935555555555527,4.05798706067236,8.24617090184558,2.46236020981222e-17,0.139589927113762,450,7.5,0,0,0,6.60234836786631,31.9877489886489
0.936111111111082,4.05882932928962,8.24496520435131,2.49364444733226e-17,0.139649477539657,450,7.5,0,0,0,6.60441944599515,31.9866828535665
0.936666666666638,4.05965536746156,8.24379305447674,2.49363872704958e-17,0.139717884400582,502.033687531599,7.5,0,0,0,6.60324040607489,31.9856632259199
0.937222222222193,4.06046284316915,8.2426592780182,2.49363300647534e-17,0.13979414809913,662.00122190686,7.5,0,0,0,6.60196225768459,31.9850305504649
0.937777777777749,4.0612490903337,8.24156844978112,2.49362728560979e-17,0.139879214732351,789.891428534074,7.5,0,0,0,6.60057527985925,31.9860221062988
0.938333333333304,4.06201156912606,8.24052467797476,2.4936215644524e-17,0.139974030440024,886.986321028573,7.5,0,0,0,6.59906749839341,31.9889415748482
0.93888888888886,4.06274801730465,8.23953084540289,2.49359261423161e-17,0.140079412436335,955.643595821545,7.5,0,0,0,6.59745732756039,31.9937158580396
0.939444444444415,4.06340118233096,8.23844715480702,2.49355273924246e-17,0.14019588641904,988.320692277818,7.5,0,0,0,6.59577744188919,31.9999600730037
0.939999999999971,4.06404161652484,8.23729940537469,2.49351286521071e-17,0.140315541993853,949.767985419069,7.5,0,0,0,6.59727432728395,32.0068266906816
0.940555555555527,4.06471748161234,8.23605732320316,2.49347299213631e-17,0.140421179965823,810.482806676985,7.5,0,0,0,6.59899011997832,32.0124014051578
0.941111111111082,4.06544552807117,8.23473716692303,2.4934331200192e-17,0.140505829193648,578.610440302677,7.5,0,0,0,6.60097876848611,32.0146575725993
0.941666666666638,4.06621676427662,8.23336273968583,2.49339324885934e-17,0.140572762937664,450,7.5,0,0,0,6.60317658325683,32.0135975874896
0.942222222222193,4.06707372256902,8.23206542992548,2.49338752649758e-17,0.14062721060124,450,7.5,0,0,0,6.6055024256784,32.0116795223309
0.942777777777749,4.06795040612556,8.23074750734597,2.49338180384418e-17,0.140675325932941,450,7.5,0,0,0,6.60472870965439,32.0099323925444
0.943333333333304,4.06883849048999,8.22942295294372,2.49337608089911e-17,0.140718689636853,450,7.5,0,0,0,6.60392847754274,32.0083291322937
0.94388888888886,4.06973024048702,8.22810603224496,2.49337035766237e-17,0.140760531804022,450,7.5,0,0,0,6.60307759537655,32.0068453408397
0.944444444444415,4.07061776369408,8.22680594221828,2.49336463413393e-17,0.140804246457612,450,7.5,0,0,0,6.60219926968579,32.0054576986374
0.944999999999971,4.07149597167699,8.22552649862077,2.49335891031379e-17,0.140852007583912,450,7.5,0,0,0,6.60126897805305,32.0041495752135
0.945555555555526,4.0723627532604,8.22427138528545,2.49335318620193e-17,0.140904695534091,450,7.5,0,0,0,6.60027767589077,32.0029110123124
0.946111111111082,4.0732160706673,8.22304433489462,2.49332412142454e-17,0.140963144666504,450,7.5,0,0,0,6.59921530131276,32.0017327981076
0.946666666666637,4.07405385918403,8.22184949522521,2.49331839678279e-17,0.141028184551502,450,7.5,0,0,0,6.59807163357316,32.0006062250499
0.947222222222193,4.07481801858922,8.22057882509887,2.493278525739e-17,0.141100721946067,591.648267677106,7.5,0,0,0,6.59683512406431,31.9995226630131
0.947777777777748,4.07556182734838,8.21934971575995,2.49323865566536e-17,0.141179796261756,736.586839986979,7.5,0,0,0,6.59867831168995,31.9996165909382
0.948333333333304,4.07628263796437,8.21816649082751,2.52462357610057e-17,0.141268339134857,849.59552073337,7.5,0,0,0,6.6004010151872,32.0015777870687
0.948888888888859,4.07697805997789,8.21703296675804,2.5245832054213e-17,0.141367308624201,932.334976310359,7.5,0,0,0,6.60199045543105,32.0055239586243
0.949444444444415,4.07770182922173,8.21606374659243,2.52457740778291e-17,0.141477440561267,987.874023924014,7.5,0,0,0,6.60351012109624,32.0111953422312
0.949999999999971,4.07839696136248,8.21506642845012,2.52457160984904e-17,0.141601009457765,989.756471174098,7.5,0,0,0,6.60177993193189,32.0180822461645
0.950555555555526,4.07910763233331,8.21397740794,2.5245658116197e-17,0.141718595506672,897.726219838995,7.5,0,0,0,6.60016959340517,32.0247577720327
0.951111111111082,4.07986902891701,8.21279772844379,2.52456001309485e-17,0.141815930766779,703.213624677377,7.5,0,0,0,6.59883913738215,32.0288262850192
0.951666666666637,4.08068057762451,8.21155229630628,2.5245542142745e-17,0.141892801057991,450,7.5,0,0,0,6.59776643157014,32.0291377376169
0.952222222222193,4.08147260828355,8.21015027554867,2.52451384388079e-17,0.141954554634803,450,7.5,0,0,0,6.59686982343209,32.0270193113995
0.952777777777748,4.08228904922632,8.20872083623317,2.52444974161956e-17,0.142004074714558,450,7.5,0,0,0,6.59925944724756,32.0250927975866
0.953333333333304,4.08312064851225,8.20727793202277,2.52440937354321e-17,0.142047147851362,450,7.5,0,0,0,6.60166469580459,32.0233227297153
0.953888888888859,4.08395969686706,8.20583531689881,2.52436900643569e-17,0.142087148865613,450,7.5,0,0,0,6.60398110516451,32.0216867167796
0.954444444444415,4.08485451605794,8.20452007078912,2.52436320682749e-17,0.142127350955592,450,7.5,0,0,0,6.60627981754337,32.0201611375228
0.95499999999997,4.08574104027882,8.20322366208167,2.52435740692372e-17,0.142173199739775,450,7.5,0,0,0,6.60537552337175,32.0187226073311
0.955555555555526,4.08661713876465,8.20195031605738,2.52435160672439e-17,0.142223643488851,450,7.5,0,0,0,6.60441223738639,32.0173606956831
0.956111111111081,4.0874804741828,8.2007036866856,2.52434580622946e-17,0.142279566975158,450,7.5,0,0,0,6.60338152820701,32.016065185839
0.956666666666637,4.08832902529765,8.19948786480275,2.52434000543894e-17,0.14234178801536,450,7.5,0,0,0,6.60227379140331,32.0148270830131
0.957222222222192,4.08916052932749,8.19830738064442,2.55585798028179e-17,0.142411208175324,519.371349161182,7.5,0,0,0,6.60107772265202,32.0136374686047
0.957777777777748,4.08997248049875,8.19716714061465,2.55585210645262e-17,0.142488807965665,680.679088297502,7.5,0,0,0,6.59978081471763,32.0129699900655
0.958333333333304,4.09076216816687,8.19607212267949,2.58738263742861e-17,0.142575626219878,808.998420391562,7.5,0,0,0,6.59836985764489,32.0140368341603
0.958888888888859,4.09147080434142,8.19491461887962,2.58734126178314e-17,0.142672691623731,905.77109541665,7.5,0,0,0,6.59683171862968,32.0171334884826
0.959444444444415,4.09215191560553,8.19381000878594,2.58727546439725e-17,0.142778942448411,973.519009021822,7.5,0,0,0,6.59837381399894,32.0221547945952
0.95999999999997,4.09280376438788,8.19272004050572,2.58723409112808e-17,0.142896898474012,1001.15646442799,7.5,0,0,0,6.59983813253716,32.0286728562931
0.960555555555526,4.09344750994349,8.19155587556563,2.61875003328543e-17,0.143018200937029,951.494033469057,7.5,0,0,0,6.60130729824645,32.0356894849535
0.961111111111081,4.0941322944161,8.19029371704094,2.61870815737506e-17,0.143123334969489,797.897380965362,7.5,0,0,0,6.60301644166254,32.0410852301001
0.961666666666637,4.09492735302826,8.18906594720004,2.61870213727283e-17,0.143206621050371,551.935845233512,7.5,0,0,0,6.60500413570321,32.042884779741
0.962222222222192,4.09576543288981,8.18778503430163,2.61869611686382e-17,0.143274194448297,450,7.5,0,0,0,6.60404901555422,32.0413744688901
0.962777777777748,4.09663291146838,8.18647008758717,2.61869009614802e-17,0.143329529546684,450,7.5,0,0,0,6.60322072901399,32.0392743863943
0.963333333333303,4.09751921626836,8.18513621479901,2.61868407512541e-17,0.143376891401012,450,7.5,0,0,0,6.60244824230841,32.0373481973882
0.963888888888859,4.0984159885568,8.18379717680211,2.61867805379598e-17,0.143419812343149,450,7.5,0,0,0,6.60163975464062,32.035568544217
0.964444444444414,4.09931561492691,8.1824675810356,2.61867203215972e-17,0.143461558784968,450,7.5,0,0,0,6.60078792074605,32.0339110773716
0.96499999999997,4.10021001383783,8.18115547749731,2.6186660102166e-17,0.14350560678496,450,7.5,0,0,0,6.59990332642269,32.0323519311293
0.965555555555525,4.1010947313386,8.17986480235195,2.61865998796662e-17,0.143553856358687,450,7.5,0,0,0,6.59896518539839,32.0308755433366
0.966111111111081,4.10191142707944,8.17848738181091,2.65024003002871e-17,0.143607214497452,450,7.5,0,0,0,6.59796371997006,32.0294716277628
0.966666666666636,4.1027141397009,8.17713921041461,2.65019764931758e-17,0.143664573579128,450,7.5,0,0,0,6.60006163069745,32.0281307198894
0.967222222222192,4.10350066677269,8.17582443653114,2.65015526962326e-17,0.143728783535201,450,7.5,0,0,0,6.60206964190351,32.0268436545654
0.967777777777748,4.10432490597145,8.17465990951584,2.65014917390812e-17,0.143800832287692,613.810031032902,7.5,0,0,0,6.60397425807258,32.0256016591484
0.968333333333303,4.10512795925285,8.17353891837912,2.65011790599303e-17,0.143883746117089,758.35642706918,7.5,0,0,0,6.60261686829866,32.0257764761935
0.968888888888859,4.10590692154519,8.17246683046075,2.68176501762011e-17,0.143976652768384,870.359512603392,7.5,0,0,0,6.60113398502242,32.0279297759213
0.969444444444414,4.10665882510373,8.17144782284036,2.6817588482127e-17,0.144080568459679,951.649764707878,7.5,0,0,0,6.59951508020572,32.0321463378412
0.96999999999997,4.10738136597663,8.1704839959265,2.68175267849093e-17,0.144196293650539,1005.33832030442,7.5,0,0,0,6.5978298708189,32.0381206349351
0.970555555555525,4.10801713700104,8.16936631712394,2.68170979331825e-17,0.14432414853314,1000.04591108482,7.5,0,0,0,6.59604265116779,32.0452952688778
0.971111111111081,4.10867612379654,8.16814720457196,2.68166690917437e-17,0.144440940750313,893.471470465547,7.5,0,0,0,6.59760177856405,32.0520450767717
0.971666666666636,4.10939121846748,8.16683510238843,2.68162402605924e-17,0.144535296628049,681.725637978691,7.5,0,0,0,6.59946650542775,32.05579001715
0.972222222222192,4.11015775371002,8.16545788825096,2.6815811439728e-17,0.144608691852447,450,7.5,0,0,0,6.6015865255924,32.0555891728072
0.972777777777747,4.11096030838415,8.16403752802452,2.681538262915e-17,0.144667161896007,450,7.5,0,0,0,6.60386951094181,32.0532835629846
0.973333333333303,4.11184301990283,8.16270249003928,2.68153209215157e-17,0.144715636657739,450,7.5,0,0,0,6.60623617450271,32.0511716708455
0.973888888888858,4.11274036634792,8.16135536861911,2.68152592107372e-17,0.144759958862546,450,7.5,0,0,0,6.60546629917023,32.049223189973
0.974444444444414,4.11364439440484,8.1600105042434,2.68151974968142e-17,0.144801544193956,450,7.5,0,0,0,6.6046181519312,32.0474121525608
0.974999999999969,4.11454717010805,8.15868140149485,2.68151357797467e-17,0.144843722888306,450,7.5,0,0,0,6.6037579460709,32.0457140911776
0.975555555555525,4.11544122203893,8.15737197991886,2.68148181204355e-17,0.144889701553656,450,7.5,0,0,0,6.60284771065867,32.0441068031048
0.976111111111081,4.11632438130328,8.15608621520571,2.68147563976675e-17,0.144940390483956,450,7.5,0,0,0,6.6018793243047,32.0425795200866
0.976666666666636,4.11719444864468,8.15482794184923,2.71320923571074e-17,0.144996697805992,450,7.5,0,0,0,6.60084203096416,32.0411220742042
0.977222222222192,4.11804930299096,8.15360149998888,2.71320298973805e-17,0.145059481924695,450,7.5,0,0,0,6.59972529467465,32.039725063891
0.977777777777747,4.11888654365512,8.15241174712815,2.71319674344712e-17,0.145129699608792,534.433070397323,7.5,0,0,0,6.59851710439628,32.0383791142674
0.978333333333303,4.11964708740001,8.15115241195359,2.71315335494872e-17,0.145208402478433,697.374702068456,7.5,0,0,0,6.59720410199212,32.0376809998895
0.978888888888858,4.12038437596328,8.14994055283327,2.71308403036655e-17,0.145294726057925,826.507236510275,7.5,0,0,0,6.59894300617901,32.0388235789469
0.979444444444414,4.12109539191311,8.14878084482361,2.71304064436418e-17,0.145391781704641,923.401855956403,7.5,0,0,0,6.60054702565889,32.0420983418246
0.979999999999969,4.12177755828989,8.1476767658836,2.71299725940236e-17,0.145500573866739,990.683895955592,7.5,0,0,0,6.60204895904124,32.0473731326247
0.980555555555525,4.12248537994557,8.14669152231022,2.71299101226387e-17,0.145621730031465,1014.14560773924,7.5,0,0,0,6.60346199319125,32.0541800398092
0.98111111111108,4.12318916411381,8.14562331646613,2.71298476480707e-17,0.145746626807362,954.820485148852,7.5,0,0,0,6.6017551506349,32.0613771061217
0.981666666666636,4.12393883733623,8.14445414283206,2.71297851703197e-17,0.145853433500691,788.486862800466,7.5,0,0,0,6.60030878205191,32.0666507561441
0.982222222222191,4.12474436437885,8.14320766694248,2.71297226893853e-17,0.145937619817116,529.68304502695,7.5,0,0,0,6.59915233235394,32.0680700739285
0.982777777777747,4.12559265562257,8.1419092409586,2.71296602052674e-17,0.146004126181297,450,7.5,0,0,0,6.5982061814267,32.0661769087297
0.983333333333302,4.12641320071795,8.14046637919028,2.712922635869e-17,0.146058567791308,450,7.5,0,0,0,6.59738728250716,32.0639003137865
0.983888888888858,4.12725198187899,8.1390057170424,2.71287925225167e-17,0.146103265367287,450,7.5,0,0,0,6.59979009057543,32.0618017928066
0.984444444444413,4.12810060691488,8.13754078017254,2.74465958132249e-17,0.146143773454032,450,7.5,0,0,0,6.60213782888414,32.059853619197
0.984999999999969,4.12895159262906,8.13608648685634,2.74461569088607e-17,0.146183394944407,450,7.5,0,0,0,6.60443819753666,32.0580314386301
0.985555555555525,4.1298532131828,8.13476132298694,2.74460936825724e-17,0.146225679625823,450,7.5,0,0,0,6.6066913583865,32.0563108044443
0.98611111111108,4.13074501025364,8.13345798150251,2.74460304530628e-17,0.146274312663727,450,7.5,0,0,0,6.60575077956554,32.0546768451301
0.986666666666636,4.13162473013633,8.13218072128046,2.74459672203317e-17,0.146328230313387,450,7.5,0,0,0,6.60474315084903,32.0531189120924
0.987222222222191,4.13249001695465,8.13093379337901,2.74459039843789e-17,0.14638831418603,450,7.5,0,0,0,6.60366030469653,32.0516267811685
0.987777777777747,4.13333851923737,8.12972199560551,2.74458407452044e-17,0.146455508422299,454.244086453992,7.5,0,0,0,6.60249068520502,32.0501908488537
0.988333333333302,4.13416758316805,8.12855067090116,2.77644853397485e-17,0.146530860731848,633.180285615509,7.5,0,0,0,6.60122110746022,32.0488271434034
0.988888888888858,4.13497425669245,8.12742550918472,2.77644213597076e-17,0.146615514587466,778.085300018127,7.5,0,0,0,6.5998370982837,32.0490769604517
0.989444444444413,4.1357553858541,8.12635203632155,2.7764357376407e-17,0.146710658087894,889.706205526579,7.5,0,0,0,6.59832359998732,32.0514168895333
0.989999999999969,4.13645129777027,8.1252235400046,2.77639133739485e-17,0.146817411946052,969.979013179059,7.5,0,0,0,6.59666891137608,32.0559039714712
0.990555555555524,4.13711611094638,8.12415095411423,2.77634693821357e-17,0.146934620248673,1021.25633879394,7.5,0,0,0,6.59811472338103,32.0621870247735
0.99111111111108,4.13774999330875,8.12302301843093,2.77630254009683e-17,0.147064072882902,1008.39634957963,7.5,0,0,0,6.59945897927857,32.0696353985859
0.991666666666635,4.13841448755946,8.12178537627832,2.77625814304457e-17,0.14718162055431,888.283256752626,7.5,0,0,0,6.60100362454712,32.0764235897913
0.992222222222191,4.13913966634999,8.12045347149968,2.77618696192951e-17,0.147274957378827,661.002740948158,7.5,0,0,0,6.60286781458072,32.0798409557553
0.992777777777746,4.13997365075059,8.11916852643702,2.77618056258071e-17,0.147347003987927,450,7.5,0,0,0,6.60498648892433,32.0791726290254
0.993333333333302,4.140843148105,8.11784161970695,2.7761741629059e-17,0.14740633490883,450,7.5,0,0,0,6.60412692345634,32.0766941548803
0.993888888888858,4.14173585780909,8.11648980527075,2.77616776290504e-17,0.14745594107007,450,7.5,0,0,0,6.60335018116544,32.0744134712233
0.994444444444413,4.14264234433563,8.11512752766738,2.77616136257812e-17,0.147499689253598,450,7.5,0,0,0,6.60257551155801,32.0722997072464
0.994999999999969,4.1435546159289,8.11376903897681,2.77612812744811e-17,0.147540998657797,450,7.5,0,0,0,6.60172846547527,32.0703265503574
0.995555555555524,4.14446478752569,8.1124267664655,2.77612172653091e-17,0.147583265334832,450,7.5,0,0,0,6.60086504865708,32.068469403548
0.99611111111108,4.14536598368098,8.11110471810239,2.77611532528761e-17,0.147629439423112,450,7.5,0,0,0,6.59995053525774,32.0667069980665
0.996666666666635,4.14625598666179,8.10980695846798,2.77610892371821e-17,0.147680451222372,450,7.5,0,0,0,6.59897627509623,32.0650282195091
0.997222222222191,4.14707579065035,8.10842655677111,2.77606452844515e-17,0.147737228508525,450,7.5,0,0,0,6.59793101497785,32.0634225751042
0.997777777777746,4.14787989766348,8.10707913306472,2.77602013423635e-17,0.147798652539258,450,7.5,0,0,0,6.59996450628455,32.0618802903182
0.998333333333302,4.1486657563313,8.10576958885249,2.77597574109175e-17,0.147867761437151,550.073783302668,7.5,0,0,0,6.60189858925326,32.0603914838242
0.998888888888857,4.14943065555333,8.10450368551863,2.77590445469102e-17,0.147945698223282,714.271317241251,7.5,0,0,0,6.60371796805754,32.0596887255488
0.999444444444413,4.15022820793368,8.10339828783602,2.77589805225417e-17,0.148033682308888,843.916100935123,7.5,0,0,0,6.60540882628907,32.060934633821
0.999999999999968,4.1509983232189,8.10234797438832,2.77589164949085e-17,0.148134975927973,940.702699945226,7.5,0,0,0,6.60382898551952,32.0644127360976
1.00055555555552,4.15173796696756,8.10135687126798,2.77588524640135e-17,0.148248645004242,1007.35866120708,7.5,0,0,0,6.60214772932332,32.06996046174
1.00111111111108,4.1524448542188,8.10036489469879,2.77587884298566e-17,0.148375362832755,1026.352832948,7.5,0,0,0,6.60036901300695,32.0770685437762
1.00166666666664,4.15315222066167,8.09928099489959,2.77587243924376e-17,0.148501969691874,956.87838000312,7.5,0,0,0,6.59864174239461,32.0844425675439
1.00222222222219,4.15391043325955,8.0980930381274,2.77586603517563e-17,0.148608431231952,777.370231293072,7.5,0,0,0,6.59720293377106,32.0895721488457
1.00277777777775,4.15466935205071,8.09671724018473,2.77582164368368e-17,0.148691543341161,505.520504854615,7.5,0,0,0,6.59606140931795,32.0905983709724
1.0033333333333,4.15547086909584,8.09529044167392,2.77577725325573e-17,0.148754969013043,450,7.5,0,0,0,6.59829742357617,32.0883382997977
1.00388888888886,4.15630059848025,8.09383136244576,2.77573286389172e-17,0.148806520979366,450,7.5,0,0,0,6.60065128902683,32.0859002083148
1.00444444444441,4.15714818311838,8.09235522791859,2.7756884755916e-17,0.148850567814981,450,7.5,0,0,0,6.60303907800081,32.0836444284071
1.00499999999997,4.15806209821399,8.09098674940342,2.77568207059335e-17,0.148890686874309,450,7.5,0,0,0,6.60535580870433,32.0815411157435
1.00555555555552,4.15897772333785,8.08963044915302,2.77567566526881e-17,0.148932245437933,450,7.5,0,0,0,6.60450498622852,32.0795657121057
1.00611111111108,4.1598866070778,8.08829286461413,2.77566925961798e-17,0.148976841676044,450,7.5,0,0,0,6.60361039861813,32.0776811524936
1.00666666666664,4.16078513218825,8.08697820114704,2.77566285364083e-17,0.149025928047369,450,7.5,0,0,0,6.60265983649206,32.0758774374178
1.00722222222219,4.16167097217234,8.08569053549574,2.77565644733736e-17,0.149080471700134,450,7.5,0,0,0,6.60164235143863,32.0741079984573
1.00777777777775,4.16254187191584,8.08443438027249,2.77565004070755e-17,0.149141392402946,450,7.5,0,0,0,6.60054703133951,32.0723765294387
1.0083333333333,4.16339533529116,8.08321487827695,2.77564363375138e-17,0.149209691363517,473.53099113401,7.5,0,0,0,6.59936138004849,32.0705826710193
1.00888888888886,4.16422851765,8.08203780719584,2.77563722646884e-17,0.149286490465538,653.170268391069,7.5,0,0,0,6.59807124129854,32.0689016412775
1.00944444444441,4.16498123273516,8.08079877920336,2.77559283803901e-17,0.149373023689994,797.915780004548,7.5,0,0,0,6.59666096884194,32.0686477999031
1.00999999999997,4.16570702466271,8.07961443806406,2.77554845065839e-17,0.149468534765377,908.712556418094,7.5,0,0,0,6.59827538035774,32.0704056071899
1.01055555555553,4.16640256405962,8.07848934925724,2.77550406434145e-17,0.149576282864081,987.755277208924,7.5,0,0,0,6.59975165294418,32.0737674305185
1.01111111111108,4.16706532324718,8.0774114081649,2.77545967908815e-17,0.149697206071219,1033.2930216982,7.5,0,0,0,6.60114630593002,32.078522357919
1.01166666666664,4.16770199857104,8.07626567661878,2.77541529489843e-17,0.149828514287062,1008.33225139261,7.5,0,0,0,6.60246150977906,32.0832451663958
1.01222222222219,4.16843320273087,8.07511658931286,2.77540888653427e-17,0.14994518467912,872.942772270022,7.5,0,0,0,6.60400887721368,32.0861763340392
1.01277777777775,4.16922739878277,8.07387453630146,2.77540247784368e-17,0.150038695072833,631.020144868278,7.5,0,0,0,6.60275055984792,32.0839876891532
1.0133333333333,4.17007302406259,8.07257066906537,2.77539606882663e-17,0.150111132730447,450,7.5,0,0,0,6.60174248281522,32.0766898604805
1.01388888888886,4.17095284543688,8.07122719884712,2.77538965948313e-17,0.150169225472646,450,7.5,0,0,0,6.60089243683735,32.0664967789859
1.01444444444441,4.17185457411351,8.06986081328456,2.77538324981314e-17,0.15021798502851,450,7.5,0,0,0,6.6001208973042,32.0554075103833
1.01499999999997,4.17276897719358,8.06848597322691,2.77534968558909e-17,0.150261276785594,450,7.5,0,0,0,6.5993391600093,32.0431980776104
1.01555555555553,4.17368805392384,8.06711723068647,2.77534327532881e-17,0.150302518275514,450,7.5,0,0,0,6.59849094890982,32.0301662575989
1.01611111111108,4.17454663461148,8.06565540300146,2.77529889157927e-17,0.15034516466209,450,7.5,0,0,0,6.59762093648571,32.016313201056
1.01666666666664,4.17539563374549,8.06421501865563,2.77525450889316e-17,0.150389797828552,450,7.5,0,0,0,6.59985428947895,32.0018621106179
1.01722222222219,4.17623276474672,8.06279990272406,2.77521012727042e-17,0.150439422319875,450,7.5,0,0,0,6.60201910770473,31.9870809493837
1.01777777777775,4.17705591172059,8.06141429286324,2.775165746711e-17,0.150494987870145,450,7.5,0,0,0,6.60410264092889,31.9720807184089
1.0183333333333,4.17791989107258,8.06017331594519,2.77515933551975e-17,0.150557436690581,450,7.5,0,0,0,6.60609455870774,31.957703028151
1.01888888888886,4.17876487803763,8.05897213000908,2.77515292400193e-17,0.15062989434037,572.944766534792,7.5,0,0,0,6.60486465884385,31.9437982696772
1.01944444444442,4.17958784839178,8.05781705376367,2.77514651215754e-17,0.150711487253547,735.292200002607,7.5,0,0,0,6.60352115006614,31.931948105209
1.01999999999997,4.18038531029461,8.05671422949406,2.77514009998686e-17,0.150803475571122,862.544783397602,7.5,0,0,0,6.6020505172012,31.9230214164402
1.02055555555553,4.18115385697228,8.05566915925452,2.77513368748927e-17,0.150907133946529,956.510677832702,7.5,0,0,0,6.60043686063946,31.9171883055122
1.02111111111108,4.18189045529093,8.05468537951869,2.77512727466505e-17,0.151023549609645,1020.05562207418,7.5,0,0,0,6.59872964756093,31.9141852009429
1.02166666666664,4.18259314654023,8.05368595710245,2.7751208615142e-17,0.151153342258049,1030.77351187616,7.5,0,0,0,6.59691664833948,31.9133973730094
1.02222222222219,4.18324725336327,8.05247513774723,2.77507648095999e-17,0.151279728522319,946.196503614276,7.5,0,0,0,6.5951976160955,31.9132890266176
1.02277777777775,4.18395733641183,8.05116045066417,2.77503210146895e-17,0.151381732593587,749.964574743925,7.5,0,0,0,6.59695587934173,31.911133247283
1.02333333333331,4.18472487696218,8.04977139208491,2.77498772304104e-17,0.151460280021877,464.382911812085,7.5,0,0,0,6.59900799821965,31.9052753569169
1.02388888888886,4.18553355940356,8.04833360808244,2.77494334567619e-17,0.151521754763087,450,7.5,0,0,0,6.60125164617906,31.8968705282252
1.02444444444442,4.18636919538741,8.04686573699916,2.77489896937436e-17,0.151571885134131,450,7.5,0,0,0,6.60359973238225,31.8890800458238
1.02499999999997,4.1872787559041,8.04549287243943,2.77489255514094e-17,0.151614953179428,450,7.5,0,0,0,6.60597038678175,31.8819292952259
1.02555555555553,4.18819666370607,8.04411892897256,2.77488614058081e-17,0.151656581996024,450,7.5,0,0,0,6.60513184630399,31.8753583184736
1.02611111111108,4.18911516453781,8.04275987088765,2.77487972569397e-17,0.151698039671164,450,7.5,0,0,0,6.6042797645022,31.8693122076902
1.02666666666664,4.19002542629962,8.04142026667436,2.7748733104804e-17,0.151743043747315,450,7.5,0,0,0,6.60338025657847,31.8637374389271
1.02722222222219,4.19092492094064,8.04010430777874,2.77486689494008e-17,0.151792666201013,450,7.5,0,0,0,6.60242401149438,31.8585959574043
1.02777777777775,4.19181132980609,8.03881600496217,2.77486047907301e-17,0.15184787291001,450,7.5,0,0,0,6.60139950159317,31.8538526378948
1.02833333333331,4.19268243430088,8.03755992304467,2.77485406287915e-17,0.151909569750297,450,7.5,0,0,0,6.60029603164347,31.8494748808172
1.02888888888886,4.19353570944008,8.03634126254284,2.77484764635851e-17,0.151978771388681,497.081039449579,7.5,0,0,0,6.59910089361042,31.8454316582802
1.02944444444442,4.19436827866629,8.0351658527465,2.77484122951105e-17,0.152056613242841,672.731827401067,7.5,0,0,0,6.59779977175747,31.8420056834082
1.02999999999997,4.19511953066108,8.03392998541561,2.77479685292566e-17,0.152144341082115,813.205655110479,7.5,0,0,0,6.59637689288907,31.8406354985922
1.03055555555553,4.19584340192058,8.03274954767295,2.77475247738859e-17,0.152241163368258,919.788199641114,7.5,0,0,0,6.59797006691661,31.8417114565451
1.03111111111108,4.1965366098863,8.03162887975232,2.77470810291433e-17,0.152350359738118,994.92343560758,7.5,0,0,0,6.59943685144104,31.8451807435924
1.03166666666664,4.19719675153404,8.03054091657595,2.77466372950282e-17,0.152472819784504,1032.13521271368,7.5,0,0,0,6.60081505774116,31.8505914523849
1.0322222222222,4.19783879834016,8.02937578091738,2.774619357154e-17,0.152602528287255,993.125100398477,7.5,0,0,0,6.60215280586264,31.8569739019726
1.03277777777775,4.19858096078489,8.0282086898817,2.77461293922339e-17,0.152715511827648,843.422759709139,7.5,0,0,0,6.60374386971088,31.8620878226494
1.03333333333331,4.19938496936626,8.02695346290158,2.77457916723896e-17,0.152805758782025,591.360157615421,7.5,0,0,0,6.60252643903647,31.8634747223702
1.03388888888886,4.20023773533212,8.02563980216762,2.77457274871787e-17,0.152876001260531,450,7.5,0,0,0,6.60154369520673,31.861152013945
1.03444444444442,4.20112282701507,8.02428889630577,2.77456632986989e-17,0.152932695386398,450,7.5,0,0,0,6.60070710621851,31.8579953876321
1.03499999999997,4.20202852138174,8.02291690819043,2.774559910695e-17,0.152980649237843,450,7.5,0,0,0,6.59993806614517,31.8551557653987
1.03555555555553,4.20294587589668,8.02153809611228,2.77455349119318e-17,0.153023635658636,450,7.5,0,0,0,6.59914422293408,31.8525945376892
1.03611111111109,4.20380949859723,8.02005749937345,2.77450911943663e-17,0.153065041214298,450,7.5,0,0,0,6.59829416399609,31.8502774546224
1.03666666666664,4.20466871446702,8.01859447979566,2.77446474874264e-17,0.153106285518076,450,7.5,0,0,0,6.60056123195893,31.8481718744977
1.0372222222222,4.20551820128325,8.01715287886609,2.77442037911114e-17,0.153151740393817,450,7.5,0,0,0,6.60276715689741,31.846252444558
1.03777777777775,4.20641336902806,8.01584652181646,2.7744139588284e-17,0.153202381853808,450,7.5,0,0,0,6.6049003884584,31.844501528649
1.03833333333331,4.20729438764538,8.01457015020424,2.77440753821869e-17,0.153261258291894,450,7.5,0,0,0,6.60383455183475,31.8429022028629
1.03888888888886,4.20815881340448,8.01332915130683,2.77440111728198e-17,0.15332726125238,450,7.5,0,0,0,6.60267987544711,31.8414384611031
1.03944444444442,4.20900366639157,8.01212929782311,2.77439469601827e-17,0.153401494824971,597.666367339151,7.5,0,0,0,6.60142485044943,31.8400942471656
1.03999999999997,4.20982575685471,8.01097691821619,2.77438827442784e-17,0.153485203762866,754.860313645575,7.5,0,0,0,6.60005396854136,31.8400616504277
1.04055555555553,4.21062157746511,8.00987845455279,2.77438185251037e-17,0.153579721278571,877.40727996672,7.5,0,0,0,6.59855042458543,31.8421937612875
1.04111111111109,4.21138756606587,8.00883956888048,2.77437543026555e-17,0.153686366834462,966.918646088062,7.5,0,0,0,6.59689759182094,31.8466648960873
1.04166666666664,4.21206298498675,8.00775413891924,2.80680275956626e-17,0.153806243839862,1026.49048505672,7.5,0,0,0,6.59515541980812,31.8531926321402
1.0422222222222,4.21270354434526,8.00663536331782,2.80675787169549e-17,0.153937816449796,1028.22695273029,7.5,0,0,0,6.59645376455035,31.8611764670797
1.04277777777775,4.21336254385633,8.00540584114663,2.80671298489946e-17,0.15406222469376,928.363669856844,7.5,0,0,0,6.59789785501971,31.8689582702781
1.04333333333331,4.21408280179516,8.00407233748114,2.8066680991781e-17,0.154162346136431,716.890990028678,7.5,0,0,0,6.59967118793747,31.8737528298553
1.04388888888886,4.2148605806617,8.00266685109832,2.80662321453136e-17,0.154239095695745,450,7.5,0,0,0,6.60172843842658,31.8742725583072
1.04444444444442,4.21567817996818,8.00121450282209,2.80657833095919e-17,0.15429936474931,450,7.5,0,0,0,6.60396634973655,31.8722083172778
1.04499999999998,4.21657937362701,7.99984295410819,2.80657183229668e-17,0.154348778960341,450,7.5,0,0,0,6.60629903889694,31.8703895495906
1.04555555555553,4.21749640421851,7.99845781299116,2.80656533330291e-17,0.154393656239424,450,7.5,0,0,0,6.60553246018946,31.8687733182353
1.04611111111109,4.21842095535452,7.99707374034582,2.80655883397817e-17,0.154435437889733,450,7.5,0,0,0,6.60467962705575,31.867333633376
1.04666666666664,4.21934491142578,7.99570578463522,2.80655233432246e-17,0.154477533636533,450,7.5,0,0,0,6.60381802702867,31.8660427189546
1.0472222222222,4.22025994693748,7.99435814462296,2.80654583433574e-17,0.154523521095526,450,7.5,0,0,0,6.60290523427214,31.8648739922886
1.04777777777775,4.22116373844451,7.99303521414597,2.80653933401802e-17,0.154574377496297,450,7.5,0,0,0,6.6019328477636,31.8638139223934
1.04833333333331,4.22205385537377,7.99174129262275,2.83908097884352e-17,0.154631109101114,450,7.5,0,0,0,6.60088875835963,31.8628496164473
1.04888888888886,4.22292791946031,7.99048135251973,2.83907440247005e-17,0.154694681105939,450,7.5,0,0,0,6.59976146668041,31.8619690780336
1.04944444444442,4.22378318023119,7.98926109180966,2.83906782576169e-17,0.154766192800862,527.400147857013,7.5,0,0,0,6.59853720870111,31.8611603286556
1.04999999999998,4.22455870931081,7.98797766898373,2.83902242135424e-17,0.154846881246357,699.893734693141,7.5,0,0,0,6.59720041104979,31.8609590121169
1.05055555555553,4.22530872535177,7.9867471319223,2.83897701804852e-17,0.154935986680362,836.818574571782,7.5,0,0,0,6.59887651169838,31.8627121833053
1.05111111111109,4.22602947602715,7.98557558563643,2.83893161581476e-17,0.155037027397424,939.598642443892,7.5,0,0,0,6.60040427941995,31.8667828038235
1.05166666666664,4.22671759353428,7.98446770687307,2.83888621466776e-17,0.155151296576562,1010.78763639947,7.5,0,0,0,6.60181012000164,31.8730583904372
1.0522222222222,4.22742830021753,7.9834829810713,2.83887963700436e-17,0.155279645102586,1037.54354765569,7.5,0,0,0,6.60311250867982,31.8810347179474
1.05277777777775,4.22813128656954,7.98240374990698,2.83887305900602e-17,0.155413310166575,979.230539200919,7.5,0,0,0,6.60130698934081,31.8895159030411
1.05333333333331,4.22888654643932,7.98121006124508,2.8388664806727e-17,0.155526472952821,807.952924622832,7.5,0,0,0,6.59979470512926,31.896015877329
1.05388888888887,4.22970512230929,7.97993146478197,2.8388599020044e-17,0.155614074506221,538.242824544366,7.5,0,0,0,6.59860628356631,31.8983528967216
1.05444444444442,4.23051281611433,7.97848823763936,2.83881450132387e-17,0.155682283376654,450,7.5,0,0,0,6.59764592160697,31.8970906638684
1.05499999999998,4.23135120416822,7.97701029962307,2.83876910172998e-17,0.155735474264069,450,7.5,0,0,0,6.59996308967285,31.8953901374615
1.05555555555553,4.23220879188079,7.97551333617219,2.83872370322267e-17,0.155780511785041,450,7.5,0,0,0,6.6023284067078,31.8938850570288
1.05611111111109,4.23307690095517,7.97401176529334,2.83867830580187e-17,0.155821161488553,450,7.5,0,0,0,6.6046361980958,31.8925457373798
1.05666666666664,4.23400545168157,7.97263005867593,2.83867172617826e-17,0.155860850828984,450,7.5,0,0,0,6.6068930944115,31.8913455674194
1.0572222222222,4.23492801963876,7.97126686894647,2.8386651462196e-17,0.155905391849422,450,7.5,0,0,0,6.60600091103325,31.8902583080953
1.05777777777776,4.23584033885041,7.96992696095729,2.83865856592589e-17,0.155954471526346,450,7.5,0,0,0,6.60504993913423,31.8892675157993
1.05833333333331,4.23673977324361,7.96861476527211,2.83862352597505e-17,0.15600910519299,450,7.5,0,0,0,6.60403135542223,31.8883608231687
1.05888888888887,4.23762387195109,7.96733515207634,2.83861694507716e-17,0.156070295379903,450,7.5,0,0,0,6.60293333095379,31.887526970165
1.05944444444442,4.23848994103724,7.96609375328861,2.83861036384416e-17,0.156139125398472,452.258520868418,7.5,0,0,0,6.60174274120775,31.8867549097138
1.05999999999998,4.2393348652884,7.96489699299972,2.83857529905992e-17,0.156216826843337,639.806118894565,7.5,0,0,0,6.60044401681463,31.8860470292433
1.06055555555553,4.24015509464057,7.96375189373592,2.83856871722304e-17,0.156304776006059,791.598986271886,7.5,0,0,0,6.59901994268261,31.8870473218953
1.06111111111109,4.24094673493279,7.96266546219034,2.83856213505071e-17,0.156404439523648,908.27263152997,7.5,0,0,0,6.59745208428087,31.8903034976474
1.06166666666664,4.24164791988388,7.96153463772836,2.83851673823095e-17,0.156517235413228,991.820283848364,7.5,0,0,0,6.59572396717191,31.8958898066948
1.0622222222222,4.24231342007518,7.96046953660014,2.83847134249753e-17,0.156642125788802,1044.67304806333,7.5,0,0,0,6.59705531981424,31.9034270917656
1.06277777777776,4.24294256148844,7.95933703844356,2.8384259478504e-17,0.156781314261904,1029.94705720157,7.5,0,0,0,6.59826307882581,31.9122154441612
1.06333333333331,4.24360897802843,7.95807729570408,2.83838055428951e-17,0.156906079801881,901.629272245084,7.5,0,0,0,6.59970763161697,31.92025405281
1.06388888888887,4.24434578048837,7.95671390007512,2.83833516181479e-17,0.157002849100249,660.386829844275,7.5,0,0,0,6.60151711746063,31.9245730097183
1.06444444444442,4.24513992305725,7.95528258825733,2.87101603927772e-17,0.157076225541575,450,7.5,0,0,0,6.60360267947622,31.9244868556219
1.06499999999998,4.24602969129441,7.95391666169898,2.87100937993038e-17,0.157134004120777,450,7.5,0,0,0,6.60585322146547,31.9226123871188
1.06555555555553,4.24694346881618,7.95252506338035,2.87100272024396e-17,0.157183868426253,450,7.5,0,0,0,6.60507841585025,31.9209459095154
1.06611111111109,4.24787144558319,7.9511231657239,2.87099606021845e-17,0.157227781604843,450,7.5,0,0,0,6.6042993258342,31.9194549366455
1.06666666666665,4.24880511650725,7.94972582885762,2.87098939985382e-17,0.157269300217945,450,7.5,0,0,0,6.60344654878345,31.918111346566
1.0672222222222,4.24973626011,7.9483455702926,2.87098273915007e-17,0.157311967379544,450,7.5,0,0,0,6.60257506196368,31.9168891787247
1.06777777777776,4.25065795100122,7.94698674309285,2.87097607810718e-17,0.157358755160382,450,7.5,0,0,0,6.60165046678697,31.9157664339134
1.06833333333331,4.25156778055798,7.94565385500581,2.87096941672513e-17,0.157410674099553,450,7.5,0,0,0,6.60066316004935,31.9147310473812
1.06888888888887,4.25246325520305,7.94435154608063,2.8709627550039e-17,0.15746875337612,450,7.5,0,0,0,6.59960076920215,31.913771530428
1.06944444444442,4.25334180825844,7.94308522941976,2.87095609294349e-17,0.157534032679065,450,7.5,0,0,0,6.59845077899363,31.9128769492749
1.06999999999998,4.25414228024803,7.94175258513679,2.87091017786517e-17,0.157607706005858,562.741969626537,7.5,0,0,0,6.59719821576819,31.9120361998902
1.07055555555553,4.25491935256732,7.94046929721351,2.87086426388533e-17,0.1576889726819,733.02641303744,7.5,0,0,0,6.59896065056499,31.9120962601065
1.07111111111109,4.25566911963295,7.93924252108656,2.87081835101896e-17,0.157781481169021,866.947468399497,7.5,0,0,0,6.60058278294149,31.9142711730585
1.07166666666665,4.25638761556412,7.93807920711319,2.87077243923594e-17,0.157886786841912,966.147107896667,7.5,0,0,0,6.60204491217627,31.9188693168243
1.0722222222222,4.25712920651874,7.93709265272556,2.87076577620816e-17,0.15800625854737,1033.38290984438,7.5,0,0,0,6.60339163532633,31.9256950339765
1.07277777777776,4.25783305727684,7.93609593381364,2.87075911284114e-17,0.158142902974052,1048.26000382239,7.5,0,0,0,6.60150853584543,31.9341626495315
1.07333333333331,4.25854252623547,7.93498708559199,2.87075244913486e-17,0.1582775213976,967.184856947934,7.5,0,0,0,6.5997012544711,31.9427720117058
1.07388888888887,4.25931401849953,7.9337624681644,2.8707457850893e-17,0.158387648474525,769.959911553457,7.5,0,0,0,6.59823434599097,31.9487192085027
1.07444444444442,4.26009131100469,7.93234840014017,2.87069987377632e-17,0.158471812054811,478.345860014392,7.5,0,0,0,6.59709039456856,31.9501574346362
1.07499999999998,4.26091339516195,7.93088232685489,2.87065396356159e-17,0.158535238035949,450,7.5,0,0,0,6.599297307623,31.9482643092827
1.07555555555554,4.26176424735596,7.92938409732402,2.87060805444504e-17,0.15858654660037,450,7.5,0,0,0,6.60162131865214,31.9464049520747
1.07611111111109,4.26263288568929,7.9278695341684,2.87053301246397e-17,0.158630375679433,450,7.5,0,0,0,6.60397369949688,31.9447335124294
1.07666666666665,4.26356884139797,7.92646157093535,2.87052634751841e-17,0.158670451983124,450,7.5,0,0,0,6.60623949213045,31.943220702984
1.0772222222222,4.26450578716032,7.92506801754556,2.87051968223351e-17,0.158712416266836,450,7.5,0,0,0,6.60537997117468,31.9418401985343
1.07777777777776,4.2654347566636,7.92369467665743,2.87051301660927e-17,0.158757956499374,450,7.5,0,0,0,6.60447045575832,31.9405655250158
1.07833333333331,4.2663525391103,7.92234622484006,2.87050635064566e-17,0.15880834700472,450,7.5,0,0,0,6.60350143538378,31.939382726525
1.07888888888887,4.26725654741524,7.92102729324935,2.87049968434267e-17,0.158864662058166,450,7.5,0,0,0,6.60246038351781,31.9382798846249
1.07944444444443,4.26814421978368,7.91974322340812,2.87049301770029e-17,0.158927945049665,450,7.5,0,0,0,6.60133507995652,31.9372458512552
1.07999999999998,4.26901260157322,7.91850023685911,2.8704863507185e-17,0.158999380447733,500.246799545844,7.5,0,0,0,6.60011073307194,31.9362693901007
1.08055555555554,4.2698582514305,7.91730546762428,2.87047968339728e-17,0.159080323474214,683.781586933495,7.5,0,0,0,6.59877042181676,31.935674692836
1.08111111111109,4.2706772265852,7.91616667674655,2.87047301573693e-17,0.159172294665775,830.536985287076,7.5,0,0,0,6.59729505911542,31.9370151682734
1.08166666666665,4.27140683246221,7.91498327521704,2.87042710786834e-17,0.159276905694462,941.584004260917,7.5,0,0,0,6.59566439677806,31.9407688479925
1.0822222222222,4.2721012444785,7.91386940529531,2.87038120109771e-17,0.159393499369656,1019.24822148867,7.5,0,0,0,6.59702513567313,31.946899429204
1.08277777777776,4.27275719034453,7.91279099547766,2.87033529542499e-17,0.159525344011338,1056.22565655812,7.5,0,0,0,6.59827968857567,31.9549182329935
1.08333333333331,4.27339351708918,7.9116171583865,2.87028939085011e-17,0.159665000682547,1011.78935293105,7.5,0,0,0,6.59949093462997,31.9637461818337
1.08388888888887,4.27408262487818,7.91031499254127,2.87021420488586e-17,0.15978408885964,849.899676301276,7.5,0,0,0,6.60100768137924,31.970908093999
1.08444444444443,4.27484271989496,7.908917380377,2.9031237032871e-17,0.159874741355794,580.921185823336,7.5,0,0,0,6.60288319759464,31.9737711772121
1.08499999999998,4.27571406018847,7.90756647800512,2.90311695783965e-17,0.159943731095383,450,7.5,0,0,0,6.60500686787749,31.9725477028753
1.08555555555554,4.2766193749002,7.90617716157058,2.90311021204879e-17,0.160000757623303,450,7.5,0,0,0,6.60417287354762,31.9704794096972
1.08611111111109,4.2775459388382,7.90476675625476,2.90310346591451e-17,0.160048861986641,450,7.5,0,0,0,6.60340139638565,31.9686127549373
1.08666666666665,4.27848416636014,7.90335011746657,2.90309671943679e-17,0.160092008277253,450,7.5,0,0,0,6.60259741648539,31.9669160662572
1.0872222222222,4.27942583841127,7.90194272350615,2.9030899726156e-17,0.160133726703588,450,7.5,0,0,0,6.6017388180269,31.9653621286661
1.08777777777776,4.28036239161347,7.90055401307689,2.90308322545095e-17,0.160177707034475,450,7.5,0,0,0,6.60084818956148,31.9639246252671
1.08833333333332,4.2812886037413,7.89918859320729,2.90307647794281e-17,0.160226182367146,450,7.5,0,0,0,6.59990089766178,31.9625851453313
1.08888888888887,4.28220192591105,7.89785118094462,2.90306973009117e-17,0.160280217569182,450,7.5,0,0,0,6.59888567631265,31.9613314862423
1.08944444444443,4.28304120434916,7.89643899960517,2.90302330097042e-17,0.160340883856471,450,7.5,0,0,0,6.59778970470197,31.9601520718729
1.08999999999998,4.28386210996817,7.89506607879344,2.93600158202423e-17,0.160407138865154,450,7.5,0,0,0,6.59972364344908,31.9590356059624
1.09055555555554,4.28466129153922,7.89373914805029,2.93595462696426e-17,0.160482503091497,621.916992928076,7.5,0,0,0,6.60154232163655,31.9579704171972
1.09111111111109,4.28543502968397,7.89246612389233,2.93590767304236e-17,0.160568507100972,784.04898034208,7.5,0,0,0,6.60322596615389,31.958417909046
1.09166666666665,4.28623752357641,7.89136308111041,2.93590084743554e-17,0.160666811616846,909.549061635599,7.5,0,0,0,6.60475572418872,31.9612006912532
1.0922222222222,4.28700566142722,7.89032937673548,2.93589402148093e-17,0.160781288281763,1000.09235906935,7.5,0,0,0,6.60301728887367,31.9664898049497
1.09277777777776,4.28773544284892,7.88936926301299,2.96894234127634e-17,0.160911135315656,1058.80023969282,7.5,0,0,0,6.60117373055013,31.9739358880658
1.09333333333332,4.28842451351534,7.88835199585672,2.96893543776551e-17,0.16105695821292,1052.16427766099,7.5,0,0,0,6.59918880739423,31.9828341791673
1.09388888888887,4.28914519378356,7.88719983223644,2.96892853390324e-17,0.161190552170668,932.706833830878,7.5,0,0,0,6.5974142670498,31.9912024585269
1.09444444444443,4.28988185988348,7.88582705528583,2.96888105163343e-17,0.161294520422264,695.038827450554,7.5,0,0,0,6.5960319113188,31.9958908026617
1.09499999999998,4.29068092531336,7.88438096537769,2.9688335704988e-17,0.161370804244491,450,7.5,0,0,0,6.59809064992793,31.9958506911781
1.09555555555554,4.29152054735358,7.88288835696854,2.96878609049931e-17,0.161430178101581,450,7.5,0,0,0,6.60033509931928,31.9935426648374
1.09611111111109,4.29238590170493,7.88136815849443,2.96873861163489e-17,0.161478756300623,450,7.5,0,0,0,6.60266977935903,31.99145457104
1.09666666666665,4.29332519180333,7.87994357570244,2.96873170677023e-17,0.161520917528333,450,7.5,0,0,0,6.6050037100781,31.9895519628492
1.09722222222221,4.29427118092847,7.87852186514191,3.00182952276889e-17,0.161562543128963,450,7.5,0,0,0,6.60414963229504,31.9878059580396
1.09777777777776,4.29521557673724,7.87711732507418,3.00179161156651e-17,0.161605000140672,450,7.5,0,0,0,6.60327818951662,31.986189990999
1.09833333333332,4.29615046871869,7.87573449574167,3.03490388080068e-17,0.161651599774692,450,7.5,0,0,0,6.60235306690227,31.9846797105922
1.09888888888887,4.29707334458596,7.87437818294289,3.0348968205419e-17,0.161703397725911,450,7.5,0,0,0,6.60136465156619,31.98326251935
1.09944444444443,4.29798154587447,7.87305334098215,3.03488975992372e-17,0.161761493509559,450,7.5,0,0,0,6.60029977997472,31.9819263100724
1.09999999999998,4.29887233205473,7.87176583003023,3.03488269894612e-17,0.161826999389711,450,7.5,0,0,0,6.59914510905871,31.9806595488098
1.10055555555554,4.29974246160388,7.87052253411694,3.0348756376091e-17,0.161901210586074,554.191120123286,7.5,0,0,0,6.59788448820026,31.9794504236374
1.1011111111111,4.30052935256462,7.86922382800804,3.03482709994482e-17,0.161985620464667,732.508928471667,7.5,0,0,0,6.59649920626347,31.9790662306812
1.10166666666665,4.30128738222805,7.86798584526502,3.03477856345666e-17,0.162079691902077,873.125003964424,7.5,0,0,0,6.5980936677255,31.9808735046039
1.10222222222221,4.30201181079257,7.86681648387428,3.0346986836014e-17,0.162187402747641,977.538974907564,7.5,0,0,0,6.5995201750019,31.9852511313256
1.10277777777776,4.3026982788102,7.86572156517103,3.0346501499189e-17,0.162310390815272,1048.39897445503,7.5,0,0,0,6.60081446197061,31.9920290207727
1.10333333333332,4.30334356432825,7.86462307157109,3.03460161739643e-17,0.162449689108145,1067.02467020051,7.5,0,0,0,6.60197822350573,32.0005955014003
1.10388888888887,4.30404963897187,7.8635108267111,3.03459455494066e-17,0.162588377782272,988.648108404559,7.5,0,0,0,6.60320677941132,32.0094199538147
1.10444444444443,4.30482277476232,7.86227264353981,3.0345874921254e-17,0.162702987832579,789.435881172807,7.5,0,0,0,6.60169975631683,32.0155563602753
1.10499999999998,4.30566557855672,7.86094812245344,3.03458042895064e-17,0.162789494198181,490.662748227985,7.5,0,0,0,6.60053560459724,32.0169174183523
1.10555555555554,4.30655614573884,7.85956907461873,3.03457336541634e-17,0.1628562202245,450,7.5,0,0,0,6.59959767490941,32.0146808134133
1.1061111111111,4.30747687690232,7.85815690306948,3.0345663015225e-17,0.162910251111265,450,7.5,0,0,0,6.59878783867531,32.0124008456397
1.10666666666665,4.30835705438804,7.85662058771265,3.03451776932759e-17,0.162956491241006,450,7.5,0,0,0,6.59802020090037,32.0103191236316
1.10722222222221,4.30924648925106,7.85508237847926,3.06768939814175e-17,0.162996561433392,450,7.5,0,0,0,6.6002993535985,32.0084052692519
1.10777777777776,4.31013696706139,7.85355831027978,3.06764033698083e-17,0.163036225070771,450,7.5,0,0,0,6.6025472852154,32.0066321618048
1.10833333333332,4.31107852603017,7.85216174754212,3.06763319488581e-17,0.163079391902916,450,7.5,0,0,0,6.6047385436529,32.0049729942933
1.10888888888887,4.31200892078932,7.85079025883759,3.06762605242725e-17,0.163129715566143,450,7.5,0,0,0,6.60377002998883,32.0034130076822
1.10944444444443,4.3129254388718,7.84944912964799,3.06761890960515e-17,0.16318609533492,450,7.5,0,0,0,6.60272575605298,32.0019396599791
1.10999999999999,4.3138251565098,7.84814412704292,3.06761176641947e-17,0.16324964060021,450,7.5,0,0,0,6.60159490221712,32.0005407346913
1.11055555555554,4.31470488363016,7.84688206255784,3.06760462287021e-17,0.163321632450823,494.587092203726,7.5,0,0,0,6.6003618946508,31.999204228833
1.1111111111111,4.31556085250904,7.84567088240999,3.06759747895735e-17,0.163403557192567,685.557692748342,7.5,0,0,0,6.59900807987369,31.9982120576764
1.11166666666665,4.31638867113597,7.8445194139924,3.06759033468121e-17,0.163497111282315,838.500678303054,7.5,0,0,0,6.59751229034885,31.9992261948569
1.11222222222221,4.31712445530051,7.84332935144918,3.06754127351419e-17,0.163604129791763,954.347457417618,7.5,0,0,0,6.59585157081465,32.0027933798898
1.11277777777776,4.3178222844883,7.84221499301165,3.06749221351954e-17,0.163724150684189,1035.33670252692,7.5,0,0,0,6.59715403449459,32.0089052986068
1.11333333333332,4.31847823307473,7.84114423933837,3.10073536928254e-17,0.163860722271199,1075.25046495277,7.5,0,0,0,6.59833959294867,32.0170519654354
1.11388888888887,4.31911005729154,7.83996944149982,3.10068577918972e-17,0.16400682216913,1032.06807097814,7.5,0,0,0,6.59946310008898,32.0261195051129
1.11444444444443,4.3197994283759,7.83865487238658,3.10060388403622e-17,0.164130575897515,866.623662339102,7.5,0,0,0,6.600918188638,32.0334958482593
1.11499999999999,4.32056611634214,7.83723895713945,3.10055429682982e-17,0.164223413999032,589.049141259563,7.5,0,0,0,6.60276172701029,32.0363033367834
1.11555555555554,4.32144791346721,7.83586628170634,3.10054707369986e-17,0.164293254989588,450,7.5,0,0,0,6.6048673676454,32.0347413848118
1.1161111111111,4.32236503747413,7.83445411057347,3.13386128017045e-17,0.164350620013794,450,7.5,0,0,0,6.60403209736162,32.0322616330691
1.11666666666665,4.32330400903788,7.83302032974051,3.13385397867048e-17,0.164398802457556,450,7.5,0,0,0,6.60326191228647,32.0299947990053
1.11722222222221,4.32425493218072,7.83158009220683,3.13384667679889e-17,0.164441897609314,450,7.5,0,0,0,6.60245949879649,32.027907942728
1.11777777777776,4.32520942317551,7.83014910691135,3.13383937455566e-17,0.164483508092193,450,7.5,0,0,0,6.60159914333404,32.0259729386012
1.11833333333332,4.326158791026,7.82873713515611,3.13383207194077e-17,0.164527380826257,450,7.5,0,0,0,6.60070679830113,32.0241626872307
1.11888888888888,4.32709763502777,7.82734897730103,3.1338247689542e-17,0.164575826793259,450,7.5,0,0,0,6.5997569459764,32.0224579470714
1.11944444444443,4.32802329932962,7.82598962633968,3.13381746559593e-17,0.164629956600764,450,7.5,0,0,0,6.5987378619979,32.020845872746
1.11999999999999,4.32887387637967,7.82455771005717,3.1337673452976e-17,0.164690905534431,450,7.5,0,0,0,6.59763597434723,32.019314197086
1.12055555555554,4.32970542988891,7.82316676486562,3.13371722619667e-17,0.164757658367683,450,7.5,0,0,0,6.59954970292326,32.0178508710068
1.1211111111111,4.33051431287269,7.8218242633047,3.13366710829308e-17,0.16483391340602,625.704211343331,7.5,0,0,0,6.60134380241228,32.0164433399036
1.12166666666665,4.331296394989,7.82053912221271,3.13361699160318e-17,0.164921363905741,793.691351137985,7.5,0,0,0,6.60299659286393,32.0165957664428
1.12222222222221,4.33210592356977,7.8194276219074,3.13360968718496e-17,0.165021882319993,923.689098306323,7.5,0,0,0,6.60448674802833,32.0192176222059
1.12277777777777,4.33287850255746,7.81839142374161,3.16700541440368e-17,0.165139650562442,1017.31694964266,7.5,0,0,0,6.60270753984189,32.0245125598442
1.12333333333332,4.33360942608398,7.8174355815499,3.16699803137127e-17,0.165274053744946,1077.67477785943,7.5,0,0,0,6.60081034583733,32.0321151541179
1.12388888888888,4.33429589653725,7.81641612033113,3.16699064796311e-17,0.165425826026009,1070.26802173406,7.5,0,0,0,6.59875679211674,32.041264642934
1.12444444444443,4.33501755263977,7.81524966491747,3.16695004176335e-17,0.165564026776128,945.748913377293,7.5,0,0,0,6.59693312260812,32.0498359809274
1.12499999999999,4.33576128489425,7.81385740756518,3.16689939170288e-17,0.165670000215395,698.496147784556,7.5,0,0,0,6.59553327637046,32.0544589702608
1.12555555555554,4.33657085634343,7.81238960820417,3.16681549628173e-17,0.165746827707252,450,7.5,0,0,0,6.59757903751229,32.0540638252185
1.1261111111111,4.33742221768402,7.81087457044297,3.16676484917268e-17,0.165806219807649,450,7.5,0,0,0,6.59981514453744,32.0513617801495
1.12666666666665,4.33829970955114,7.80933179818981,3.16671420327337e-17,0.16585463819815,450,7.5,0,0,0,6.60214247263212,32.0488906432726
1.12722222222221,4.33919254090695,7.80777708114728,3.16666355858375e-17,0.165896599374835,450,7.5,0,0,0,6.6044673992161,32.0466146913522
1.12777777777777,4.3401512654306,7.80633228515546,3.16665617370879e-17,0.165935844274062,450,7.5,0,0,0,6.60669726118821,32.0445042225068
1.12833333333332,4.34110819176827,7.80490471472122,3.16664878845799e-17,0.165978274008865,450,7.5,0,0,0,6.60582537442602,32.0425317883905
1.12888888888888,4.3420555835834,7.80349941878945,3.16664140283134e-17,0.166024946349936,450,7.5,0,0,0,6.60489671430375,32.0406729209586
1.12944444444443,4.34299064720087,7.80212145793826,3.16663401682882e-17,0.166076950471027,450,7.5,0,0,0,6.60390352367927,32.0389140176502
1.12999999999999,4.34391058319045,7.80077614537182,3.1666266304504e-17,0.166135444920555,450,7.5,0,0,0,6.60283207190323,32.0372422940271
1.13055555555554,4.34481245248298,7.7994698504494,3.16661924369609e-17,0.166201623731347,450,7.5,0,0,0,6.60166815925737,32.0356454684808
1.1311111111111,4.3456927318838,7.79821016811715,3.16661185656585e-17,0.166276895972804,561.43947998421,7.5,0,0,0,6.60039431524772,32.0341108641535
1.13166666666666,4.34654722034466,7.79700597696333,3.16660446905968e-17,0.166362910443776,744.955702695975,7.5,0,0,0,6.59899003094166,32.0334715289092
1.13222222222221,4.34737101010022,7.79586703896932,3.1665970811779e-17,0.166461549598505,889.463567118604,7.5,0,0,0,6.59743183405406,32.0351571231505
1.13277777777777,4.34809929426981,7.79469638193899,3.16654643613102e-17,0.166574826994396,996.434568499758,7.5,0,0,0,6.5956946173478,32.039579435937
1.13333333333332,4.34878620557873,7.79360730543488,3.16649579229366e-17,0.166702337049524,1068.51393659621,7.5,0,0,0,6.59693196490713,32.046553659398
1.13388888888888,4.34942798605525,7.79250920853533,3.16644514966574e-17,0.166847551981907,1085.33067703841,7.5,0,0,0,6.5980255397739,32.0554132057129
1.13444444444443,4.35007475077779,7.79127598524189,3.16636106540911e-17,0.166990992689721,1000.02855182881,7.5,0,0,0,6.59920175426486,32.0644750450229
1.13499999999999,4.35079625763656,7.7899095941091,3.16631042573475e-17,0.167105149515775,789.110754202014,7.5,0,0,0,6.60078094274608,32.0705503148634
1.13555555555554,4.35159143067622,7.78845455327993,3.16625978726965e-17,0.167189566353062,476.406035477905,7.5,0,0,0,6.60272017057435,32.071514307249
1.1361111111111,4.35249509630169,7.78705073523866,3.16625239804471e-17,0.167253728199576,450,7.5,0,0,0,6.60488210739903,32.0688016078469
1.13666666666666,4.35342928633865,7.78561369630822,3.16624500844374e-17,0.16730739916454,450,7.5,0,0,0,6.60408118700308,32.066159664906
1.13722222222221,4.35438185208844,7.78416035998586,3.16623761846672e-17,0.167353334973513,450,7.5,0,0,0,6.60331500556845,32.0637253348686
1.13777777777777,4.35534343013593,7.78270580816858,3.16623022811363e-17,0.167395439723471,450,7.5,0,0,0,6.60246562658083,32.0614669893319
1.13833333333332,4.35630567616239,7.78126682086186,3.16622283738446e-17,0.167437309167645,450,7.5,0,0,0,6.60159847218989,32.0593567912051
1.13888888888888,4.3572593067272,7.77984907178369,3.16621544627918e-17,0.167482940720139,450,7.5,0,0,0,6.60068146497015,32.0573666903929
1.13944444444443,4.358201182329,7.77845770715052,3.16620805479779e-17,0.167533664022973,450,7.5,0,0,0,6.59970220350351,32.0554820272511
1.13999999999999,4.35912845610166,7.77709799803828,3.16620066294026e-17,0.167590662663734,450,7.5,0,0,0,6.59864671342085,32.0536895936955
1.14055555555555,4.35997865905546,7.77566999966272,3.16615002429079e-17,0.167655126243905,450,7.5,0,0,0,6.59750091272197,32.0519768483562
1.1411111111111,4.36080785964918,7.77428746398679,3.1660993868504e-17,0.167726154268131,508.536865549136,7.5,0,0,0,6.59935344748145,32.0503310016448
1.14166666666666,4.36161190506664,7.77295896437822,3.16604875061903e-17,0.16780767380178,703.353877226935,7.5,0,0,0,6.60107497131205,32.0491367479665
1.14222222222221,4.36238605602332,7.77169453023291,3.16599811561321e-17,0.167901597759428,858.820102838796,7.5,0,0,0,6.60264127345864,32.0500966060735
1.14277777777777,4.36318434892433,7.77061051874419,3.16599072268259e-17,0.168010007911649,975.953911325315,7.5,0,0,0,6.60402870764706,32.053778424965
1.14333333333332,4.36394156087842,7.76960896330722,3.16598332937577e-17,0.168137243174925,1057.06985067406,7.5,0,0,0,6.60216859055029,32.0601478873887
1.14388888888888,4.36465315728385,7.76864384185058,3.16597593569273e-17,0.168282516647093,1092.979770076,7.5,0,0,0,6.60016872817551,32.0686333013018
1.14444444444444,4.36534459582307,7.7675574770129,3.16596854163345e-17,0.168435672546095,1039.26258959599,7.5,0,0,0,6.59812817350327,32.0779366063021
1.14499999999999,4.36610309638404,7.7663238729508,3.16596114719792e-17,0.168562724365356,858.452106248964,7.5,0,0,0,6.59646427777073,32.0851607424682
1.14555555555555,4.36688340418964,7.76488238034164,3.16591051251307e-17,0.16865708870875,564.333454621918,7.5,0,0,0,6.59520977343343,32.0874160887839
1.1461111111111,4.36772002888719,7.76337813973701,3.16585987903703e-17,0.168725919560423,450,7.5,0,0,0,6.59734087683486,32.0852582294425
1.14666666666666,4.36859136514541,7.76183546955633,3.16580924676973e-17,0.168780162471582,450,7.5,0,0,0,6.59962115004895,32.082445663321
1.14722222222221,4.36948395814433,7.76027202188469,3.19944318364787e-17,0.168825451265336,450,7.5,0,0,0,6.60195527171119,32.0798533026613
1.14777777777777,4.37038804142197,7.75870311302037,3.19939201508195e-17,0.168865924035815,450,7.5,0,0,0,6.60423417718258,32.0774480000696
1.14833333333332,4.3713548395351,7.75725083017987,3.19938454070649e-17,0.168905225997502,450,7.5,0,0,0,6.60645143298451,32.0752010191584
1.14888888888888,4.37231574199134,7.75581809034788,3.19937706595071e-17,0.168949517007938,450,7.5,0,0,0,6.60555334107992,32.0730843263618
1.14944444444444,4.37326582742606,7.75441029278886,3.19936959081458e-17,0.16899859309799,450,7.5,0,0,0,6.60459376819878,32.0710792881087
1.14999999999999,4.37420210874802,7.7530327530594,3.2330831302059e-17,0.16905361691398,450,7.5,0,0,0,6.60356243439701,32.0691720567065
1.15055555555555,4.37512164550832,7.75169153112858,3.23307557551369e-17,0.169115795908804,450,7.5,0,0,0,6.60244517112251,32.0673497118902
1.1511111111111,4.37602108559366,7.75039394433579,3.23306802043706e-17,0.16918648351937,450,7.5,0,0,0,6.6012255198298,32.0655993147339
1.15166666666666,4.37689638145599,7.74914875543942,3.23306046497601e-17,0.169267286243966,650.828255108806,7.5,0,0,0,6.59988357859211,32.0639073439828
1.15222222222221,4.37774268947002,7.7479660974319,3.23301834382072e-17,0.169360088059911,819.955300896987,7.5,0,0,0,6.59839593922546,32.0640791393218
1.15277777777777,4.37849459899401,7.74675095861016,3.23296663630494e-17,0.169467010634039,949.883667090195,7.5,0,0,0,6.59673621385348,32.0669112056625
1.15333333333333,4.37920593514066,7.74561871865318,3.23291493002334e-17,0.169587919695294,1042.43843906878,7.5,0,0,0,6.59798228608961,32.0725642712428
1.15388888888888,4.37987141048241,7.74457383117055,3.23286322497585e-17,0.169726944847929,1100.34906303728,7.5,0,0,0,6.59910748697659,32.0806012122606
1.15444444444444,4.38048856291801,7.7434373958012,3.2328115211624e-17,0.169884798875634,1083.52338948925,7.5,0,0,0,6.60005916769054,32.090157922232
1.15499999999999,4.38115634798902,7.74213697281516,3.23275981858294e-17,0.170023235454424,939.839997998347,7.5,0,0,0,6.60131983572495,32.0988003050545
1.15555555555555,4.38197468137218,7.74082074624003,3.23275226154327e-17,0.170125758863787,669.747900076022,7.5,0,0,0,6.60303935437373,32.1028931954089
1.1561111111111,4.38286025297058,7.73943010992063,3.23274470411909e-17,0.170203179770614,450,7.5,0,0,0,6.60199348247077,32.1017468167308
1.15666666666666,4.38378698924751,7.73799420737653,3.23273714631038e-17,0.170263485497343,450,7.5,0,0,0,6.60112907845852,32.0987195005041
1.15722222222222,4.38473876570867,7.73653243179723,3.23272958811712e-17,0.170313177979928,450,7.5,0,0,0,6.60035594759947,32.0959200517042
1.15777777777777,4.38570485232844,7.73506065470074,3.23272202953929e-17,0.170356766270675,450,7.5,0,0,0,6.59957693321158,32.0933157400423
1.15833333333333,4.38667646778324,7.73359448759247,3.23271447057688e-17,0.17039801884897,450,7.5,0,0,0,6.59871803053137,32.0908321219641
1.15888888888888,4.38758506067109,7.7320410250769,3.23266276816249e-17,0.170440663916951,450,7.5,0,0,0,6.59783735508557,32.0884573785289
1.15944444444444,4.38848350868742,7.730510792125,3.23261106698193e-17,0.170485385156491,450,7.5,0,0,0,6.59999923723474,32.0860452708638
1.15999999999999,4.38936909959974,7.729008721873,3.23255936703513e-17,0.170535648682813,450,7.5,0,0,0,6.6020871321981,32.0836307048284
1.16055555555555,4.39023910453702,7.72754055981654,3.23250766832203e-17,0.170592670120852,450,7.5,0,0,0,6.60408526476916,32.0809172062433
1.1611111111111,4.39115030358679,7.72621879776517,3.23250010826232e-17,0.170657738783142,450,7.5,0,0,0,6.60597937060985,32.0780103452933
1.16166666666666,4.39203888907412,7.72494636796721,3.23249254781797e-17,0.170734729619167,584.394846427996,7.5,0,0,0,6.60468816112547,32.0743750139717
1.16222222222222,4.39290017897186,7.72373362187746,3.26635044413644e-17,0.170823146567089,769.943755889485,7.5,0,0,0,6.60325704924363,32.0712999405193
1.16277777777777,4.39372845079857,7.72259173224161,3.26634280370728e-17,0.170925093830902,915.303329275827,7.5,0,0,0,6.60166236964232,32.0694434855568
1.16333333333333,4.39451751504986,7.72153162559247,3.30021336160259e-17,0.171042865102895,1022.00568466778,7.5,0,0,0,6.59987598905143,32.0696718357151
1.16388888888888,4.39526133849793,7.72056082930172,3.3002056411415e-17,0.171178586883117,1092.72100375212,7.5,0,0,0,6.59794153062866,32.0710887406369
1.16444444444444,4.39589573236547,7.7194555134607,3.30015285913627e-17,0.171333551519061,1101.92157121708,7.5,0,0,0,6.59583894495763,32.0733315550935
1.16499999999999,4.39654621099605,7.71819716074116,3.30006450901258e-17,0.171479981591274,999.894642991127,7.5,0,0,0,6.59698248584487,32.0740891401177
1.16555555555555,4.39728133959993,7.71680249944558,3.30001173009492e-17,0.171593056779422,767.791996205488,7.5,0,0,0,6.59857901732755,32.0702028818836
1.16611111111111,4.39809187264101,7.71532106173577,3.29995895243651e-17,0.171675526750709,450,7.5,0,0,0,6.60054082782859,32.0596620235344
1.16666666666666,4.39895041085904,7.71378670426303,3.29987057140452e-17,0.171738024774732,450,7.5,0,0,0,6.60271933967672,32.0448036165495
1.16722222222222,4.39989829912534,7.71232656622795,3.29986284980764e-17,0.171788125158668,450,7.5,0,0,0,6.60500871943331,32.0293548352789
1.16777777777777,4.40086338954788,7.71085192279543,3.29985512781754e-17,0.171833198988538,450,7.5,0,0,0,6.60424755274035,32.0136070623253
1.16833333333333,4.40183650526016,7.70937838605483,3.29984740543457e-17,0.17187481565412,450,7.5,0,0,0,6.60338584604828,31.997852379272
1.16888888888888,4.40280900405346,7.70792261991357,3.29983968265871e-17,0.171916608377787,450,7.5,0,0,0,6.60251691002101,31.9821286759909
1.16944444444444,4.40377166670099,7.70648943763751,3.29983195948995e-17,0.171962543707171,450,7.5,0,0,0,6.60159411094376,31.9676526463103
1.16999999999999,4.4047218297301,7.70508408649568,3.29982423592827e-17,0.172013742647037,450,7.5,0,0,0,6.60060776903777,31.9541068237156
1.17055555555555,4.40565659045413,7.70371199773712,3.29981651197364e-17,0.172071421854453,450,7.5,0,0,0,6.59954325810703,31.9415650191017
1.17111111111111,4.40657294449763,7.7023797551428,3.29980878762606e-17,0.172136813540221,450,7.5,0,0,0,6.59838604802342,31.929923786785
1.17166666666666,4.40740707582155,7.70099018284588,3.29975601159916e-17,0.172211387905917,532.03962383187,7.5,0,0,0,6.59711790318768,31.919118160995
1.17222222222222,4.40821473311737,7.6996579497661,3.29970323683124e-17,0.172294535173912,727.138705106147,7.5,0,0,0,6.59881225959062,31.909666384091
1.17277777777777,4.40899066867216,7.6983934791151,3.29965046333954e-17,0.172390634077588,881.679977817209,7.5,0,0,0,6.60034735171003,31.9032076203159
1.17333333333333,4.40972910883052,7.69720763221552,3.29956204330645e-17,0.172501932269855,996.933642872942,7.5,0,0,0,6.60169536686104,31.9002105339168
1.17388888888888,4.41048426679378,7.69621389872113,3.29955431792108e-17,0.17263059246557,1075.44409147152,7.5,0,0,0,6.60287784264983,31.9005441601015
1.17444444444444,4.41119128601889,7.69523766858684,3.29954659214269e-17,0.172780503784819,1103.12028336956,7.5,0,0,0,6.6008372183519,31.9035158512499
1.175,4.41188861856044,7.69412459606268,3.29953886597125e-17,0.172934260768945,1033.22933811887,7.5,0,0,0,6.598805184262,31.9075460007579
1.17555555555555,4.41266164239067,7.69286451475368,3.29953113940676e-17,0.173058426196821,833.293919251911,7.5,0,0,0,6.59718716580711,31.9094145411788
1.17611111111111,4.41345573739607,7.69140173147757,3.29947836825717e-17,0.173149784707629,522.498208766135,7.5,0,0,0,6.59597291430537,31.9064206317109
1.17666666666666,4.41430386072259,7.68987940048737,3.29942559836628e-17,0.173216377094351,450,7.5,0,0,0,6.59811550727395,31.899608283096
1.17722222222222,4.41518492491992,7.68832110592812,3.29937282973403e-17,0.173269044464404,450,7.5,0,0,0,6.60039629001737,31.8928982162116
1.17777777777777,4.41608588137801,7.68674415793746,3.29932006236035e-17,0.173313275941422,450,7.5,0,0,0,6.60271963634584,31.8867559904864
1.17833333333333,4.41705744975163,7.68526873151134,3.3333636257699e-17,0.173353147788668,450,7.5,0,0,0,6.60496863918854,31.8811244376365
1.17888888888889,4.4180309104695,7.68380638851591,3.33335581793135e-17,0.173394669490988,450,7.5,0,0,0,6.60410729466826,31.8759520553081
1.17944444444444,4.41899712820348,7.68236480072564,3.33334800969559e-17,0.173439416505491,450,7.5,0,0,0,6.60320041098275,31.8711893710364
1.18,4.41995185814711,7.68094913849661,3.33334020106262e-17,0.173489112774091,450,7.5,0,0,0,6.6022329301707,31.8667993470181
1.18055555555555,4.42089223994312,7.67956479334475,3.3333323920324e-17,0.173544954637459,450,7.5,0,0,0,6.60119145962845,31.8627499967255
1.18111111111111,4.42181529116246,7.67821808524865,3.33332458260493e-17,0.173608167107356,450,7.5,0,0,0,6.60006156422487,31.8590111918004
1.18166666666666,4.42271751588494,7.6769166796141,3.33331677278019e-17,0.173680162351722,469.3822461449,7.5,0,0,0,6.59882594580426,31.8555537734369
1.18222222222222,4.42359467404447,7.67566979204723,3.33330896255815e-17,0.173762622740874,675.172647620839,7.5,0,0,0,6.59746376059437,31.8524701861272
1.18277777777777,4.42438127452156,7.67438331685154,3.33325565040355e-17,0.173857527239883,840.78722566409,7.5,0,0,0,6.59595041193055,31.8516233392403
1.18333333333333,4.42513179307007,7.67317329860419,3.33320233950286e-17,0.173964726806655,966.896663581713,7.5,0,0,0,6.59735401766271,31.8536941147414
1.18388888888889,4.42584001626378,7.67204916523722,3.33314902987349e-17,0.174088863072752,1055.55474952372,7.5,0,0,0,6.59856406832929,31.8587591179753
1.18444444444444,4.42650072712697,7.6709982730912,3.33309572151538e-17,0.174231788794096,1105.58260516028,7.5,0,0,0,6.59964092885939,31.8662971540143
1.185,4.42712092057332,7.66983578351525,3.33304241442846e-17,0.174390496162318,1073.85394261693,7.5,0,0,0,6.60058244500605,31.8752516078203
1.18555555555555,4.42780283722831,7.66850925137721,3.33298910861266e-17,0.174525445113661,912.178450376349,7.5,0,0,0,6.60188241416965,31.8829137971526
1.18611111111111,4.42863594403522,7.66717156125189,3.33298129688873e-17,0.174624316554882,627.162693186509,7.5,0,0,0,6.60363433065212,31.8857938761584
1.18666666666666,4.42953313759663,7.66576349388668,3.36712124201555e-17,0.174699347846683,450,7.5,0,0,0,6.60261641252499,31.8837440734743
1.18722222222222,4.43046926467249,7.66431291542417,3.36711334945421e-17,0.17475815620352,450,7.5,0,0,0,6.60176697173824,31.8804647872923
1.18777777777778,4.4314289074473,7.66283864092514,3.36710545649138e-17,0.174806976833075,450,7.5,0,0,0,6.60099707850112,31.8775124546834
1.18833333333333,4.43240165579217,7.66135639747447,3.36709756312705e-17,0.174850201657739,450,7.5,0,0,0,6.60020570388524,31.8748450776888
1.18888888888889,4.4333788083416,7.65988211254971,3.3670896693612e-17,0.174891571601592,450,7.5,0,0,0,6.59934469230768,31.8724264600685
1.18944444444444,4.43435155316068,7.65842693568496,3.36708177519381e-17,0.174934891238487,450,7.5,0,0,0,6.59845537433042,31.8702223575423
1.19,4.43525318338696,7.65689140692557,3.36702792321868e-17,0.174982807298508,450,7.5,0,0,0,6.5975081875333,31.8682056290953
1.19055555555555,4.43614142077683,7.65538547987079,3.36697407252753e-17,0.17503410265325,450,7.5,0,0,0,6.59957823224757,31.8663573204544
1.19111111111111,4.43701327614242,7.6539148554596,3.40112550800612e-17,0.175092399042639,450,7.5,0,0,0,6.60155810266105,31.8646592069642
1.19166666666666,4.43786559599932,7.6524869062322,3.40107111282777e-17,0.175159063475536,450,7.5,0,0,0,6.60343031589527,31.8630939143958
1.19222222222222,4.43875488356863,7.65121502217994,3.4010631373043e-17,0.175235722726947,611.318373803682,7.5,0,0,0,6.60517625176143,31.861643360077
1.19277777777778,4.43961562186218,7.6500053629064,3.40105516137553e-17,0.175326709763601,792.006308741136,7.5,0,0,0,6.60371904559397,31.8616444855976
1.19333333333333,4.44044192943457,7.64886996721789,3.40104718504105e-17,0.175431875104081,932.533065203686,7.5,0,0,0,6.60208877509736,31.8643016553596
1.19388888888889,4.44122714859753,7.64782004168887,3.40103920830047e-17,0.175553602108416,1034.2674413815,7.5,0,0,0,6.60025850557882,31.8699300784848
1.19444444444444,4.44196508752973,7.64686257077946,3.40103123115413e-17,0.175694063455976,1100.17129956179,7.5,0,0,0,6.5982827002091,31.8781927491982
1.195,4.44265188086743,7.64584832569443,3.40102325360203e-17,0.175854412023005,1098.65262319217,7.5,0,0,0,6.59612655020064,31.8882695869539
1.19555555555555,4.44330942976879,7.64456495954089,3.40096885859249e-17,0.176002746676003,978.459637662688,7.5,0,0,0,6.59418404288094,31.8979643492129
1.19611111111111,4.44405811273185,7.64314813303522,3.40091446487966e-17,0.176112760376707,728.274035338393,7.5,0,0,0,6.59581587894015,31.9036324971716
1.19666666666667,4.44488062523843,7.64164829054207,3.40086007246348e-17,0.176192718593965,450,7.5,0,0,0,6.59780493332546,31.9038479167997
1.19722222222222,4.44574906250336,7.64009785032681,3.40080568134389e-17,0.176253633238809,450,7.5,0,0,0,6.5999976077982,31.9013340766159
1.19777777777778,4.44664548873346,7.6385179008103,3.40075129152082e-17,0.176302793475895,450,7.5,0,0,0,6.60229065045625,31.8990924446588
1.19833333333333,4.44755823613998,7.63692488017853,3.40069690299421e-17,0.176345075689336,450,7.5,0,0,0,6.60458855532831,31.8970825837778
1.19888888888889,4.44853891809125,7.63543856808523,3.40068892390808e-17,0.176384374698888,450,7.5,0,0,0,6.60678444102545,31.8952713691467
1.19944444444444,4.44951822882671,7.63396993834856,3.40068094441609e-17,0.176426819013167,450,7.5,0,0,0,6.60590856789335,31.8936284695519
1.2,4.45048775205865,7.63252436039864,3.40067296451824e-17,0.176473622100649,450,7.5,0,0,0,6.60497464851225,31.8921257944619
1.20055555555556,4.45144451675404,7.63110737782988,3.4006649842145e-17,0.176525948593504,450,7.5,0,0,0,6.60397439285572,31.8907473112368
1.20111111111111,4.45238545628105,7.62972491257838,3.40065700350486e-17,0.176585070027652,450,7.5,0,0,0,6.6028927894289,31.8894777936637
1.20166666666667,4.45330729482728,7.62838421533467,3.40064902238929e-17,0.176652319841166,450,7.5,0,0,0,6.6017141076126,31.8883025426804
1.20222222222222,4.45420602167009,7.62709413999359,3.40064104086778e-17,0.176729304933731,558.880017121128,7.5,0,0,0,6.60041858215669,31.8872063268413
1.20277777777778,4.45507673936011,7.62586532229835,3.40063305894031e-17,0.176817950117217,751.752629266924,7.5,0,0,0,6.59898246592723,31.8869958432043
1.20333333333333,4.45591356818965,7.62470982059804,3.40062507660724e-17,0.17692051219167,903.672082662893,7.5,0,0,0,6.59737785335459,31.8892594092182
1.20388888888889,4.45664901044831,7.62353569761017,3.40057068768411e-17,0.177039476191142,1015.91767216743,7.5,0,0,0,6.59557402931945,31.8944873895727
1.20444444444444,4.45733718683454,7.62245579346933,3.40051630005724e-17,0.177174800969902,1090.99031486941,7.5,0,0,0,6.59669005229535,31.9025017123877
1.205,4.4579732415972,7.62136778926325,3.40042441253304e-17,0.177330439578713,1108.76975316801,7.5,0,0,0,6.59763673497418,31.9125684091985
1.20555555555556,4.45861377118871,7.62012168781599,3.40037002809828e-17,0.177484526029129,1020.10329059369,7.5,0,0,0,6.59866817798152,31.9228763395382
1.20611111111111,4.45934174843795,7.61872644254488,3.40031564495958e-17,0.177604532918156,799.023369571052,7.5,0,0,0,6.600163908195,31.9299716702635
1.20666666666667,4.46015222977663,7.61723617453782,3.43464517638173e-17,0.177691297778165,471.295571304401,7.5,0,0,0,6.60205682211772,31.9315400265296
1.20722222222222,4.46107615043668,7.61579230568012,3.46902796096751e-17,0.177756358376674,450,7.5,0,0,0,6.60418546657313,31.9292275248104
1.20777777777778,4.46203191153902,7.61431431932959,3.46901981529025e-17,0.177810515278871,450,7.5,0,0,0,6.60338053940338,31.9270400575699
1.20833333333333,4.46300654414593,7.61281981067173,3.46901166919869e-17,0.177856725525885,450,7.5,0,0,0,6.602610789056,31.9250758174428
1.20888888888889,4.46399031318307,7.61132438434902,3.46900352269283e-17,0.177899053677477,450,7.5,0,0,0,6.60175187663447,31.9233011780377
1.20944444444445,4.46497458511781,7.60984550924804,3.46899537577263e-17,0.1779412225752,450,7.5,0,0,0,6.60087697655052,31.9216865878422
1.21,4.46594969540841,7.60838901138427,3.46898722843808e-17,0.177987395231882,450,7.5,0,0,0,6.59994955197632,31.9202022124718
1.21055555555556,4.46691242027873,7.60696054156909,3.46897908068916e-17,0.178038936274491,450,7.5,0,0,0,6.59895700349727,31.9188322904785
1.21111111111111,4.46779867009453,7.60546226803307,3.46892359887884e-17,0.178097145690123,450,7.5,0,0,0,6.59788396862903,31.9175622103518
1.21166666666667,4.46866609848721,7.60400523996275,3.46886811839053e-17,0.178160933886122,450,7.5,0,0,0,6.59979124396311,31.9163779885634
1.21222222222222,4.46951070393431,7.60259800911384,3.46881263922419e-17,0.178234337677775,518.694565411921,7.5,0,0,0,6.60157858579424,31.915265016272
1.21277777777778,4.47032775616434,7.60125135791793,3.46875716137973e-17,0.178319308028247,720.42062080967,7.5,0,0,0,6.60322137210162,31.9146856801553
1.21333333333333,4.47117229935594,7.60008145850719,3.50321813229921e-17,0.178418141516301,880.872176161996,7.5,0,0,0,6.60469331539139,31.9164335658064
1.21388888888889,4.4719764356611,7.5989975139769,3.50317100341568e-17,0.178535856460394,1000.96720924084,7.5,0,0,0,6.60291630917329,31.9211270073159
1.21444444444445,4.47273302319823,7.59800995889871,3.50316277276212e-17,0.178672582205902,1082.9244750072,7.5,0,0,0,6.6009468604516,31.9287099302068
1.215,4.47343628798927,7.59705365757562,3.50315454168997e-17,0.178830126032103,1115.12323529091,7.5,0,0,0,6.59880880930777,31.9385221043521
1.21555555555556,4.47412226011231,7.59594588944876,3.50314631019921e-17,0.178994395808674,1050.10525420946,7.5,0,0,0,6.5966487833555,31.9490506516294
1.21611111111111,4.47483095700697,7.59457026126703,3.50309028205595e-17,0.179126209307286,850.8765790635,7.5,0,0,0,6.59494431700568,31.9570584443855
1.21666666666667,4.47563048958697,7.59308838490949,3.50303425524754e-17,0.179219138732978,535.727038142236,7.5,0,0,0,6.59677635447978,31.9595967814873
1.21722222222222,4.47648879959274,7.5915427033132,3.50293924007954e-17,0.179287801376721,450,7.5,0,0,0,6.59888136201645,31.9576524358706
1.21777777777778,4.47738240594424,7.58995897107941,3.50288321656418e-17,0.179341707779197,450,7.5,0,0,0,6.60112991670437,31.9553321417595
1.21833333333334,4.4782970591453,7.58835533156946,3.50282719438345e-17,0.179386742718461,450,7.5,0,0,0,6.60342638694533,31.9532395945719
1.21888888888889,4.47928383090314,7.58685111041884,3.50281896159557e-17,0.17942717054471,450,7.5,0,0,0,6.60565268407127,31.9513403923605
1.21944444444445,4.48027288145704,7.58535981742451,3.50281072838899e-17,0.17946921016131,450,7.5,0,0,0,6.6047815415405,31.9496045438792
1.22,4.48125477471597,7.58388996529411,3.50280249476371e-17,0.179514482274341,450,7.5,0,0,0,6.60386478310201,31.948002566462
1.22055555555556,4.48222480064101,7.58244716905515,3.50279426071971e-17,0.179564906549577,450,7.5,0,0,0,6.60288509836572,31.9465157071129
1.22111111111111,4.48317985284472,7.58103742725318,3.50278602625695e-17,0.179621779262126,450,7.5,0,0,0,6.60182808966692,31.9451294079414
1.22166666666667,4.48411661309189,7.5796678643962,3.50277779137544e-17,0.179686460768383,450,7.5,0,0,0,6.60067782731636,31.9438295854768
1.22222222222223,4.48503114041093,7.57834727707504,3.50276955607514e-17,0.179760539980645,471.366543101766,7.5,0,0,0,6.59941488642777,31.9426017959718
1.22277777777778,4.4859185690026,7.57708644127563,3.50276132035603e-17,0.179845943520339,683.743068309758,7.5,0,0,0,6.59801555453567,31.9415648235753
1.22333333333334,4.48671173016277,7.5757947014083,3.50270529797559e-17,0.179944979013688,854.553209245307,7.5,0,0,0,6.59645131487697,31.9426807661648
1.22388888888889,4.48746478409796,7.57458904452775,3.50264927691124e-17,0.180057831112167,984.219246641735,7.5,0,0,0,6.59776726866071,31.9467150960952
1.22444444444445,4.48818077192954,7.57302830863287,3.50260149359249e-17,0.180189675169902,1074.60763833347,7.5,0,0,0,6.59886762712424,31.9537617813393
1.225,4.48884287445269,7.57154753641141,3.50255371157745e-17,0.180343108948993,1123.87645857613,7.5,0,0,0,6.59981068057443,31.9632571309312
1.22555555555556,4.48946073452616,7.56993025645394,3.50246671123121e-17,0.18051363377996,1086.73437044238,7.5,0,0,0,6.60060681988405,31.9740358144944
1.22611111111111,4.49015408954097,7.56812879026949,3.50241893235843e-17,0.180655274072212,913.358572456119,7.5,0,0,0,6.60182932759249,31.9831714512415
1.22666666666667,4.49101058716027,7.56630817800959,3.50241893235843e-17,0.180756497690997,612.744597142229,7.5,0,0,0,6.60355134046754,31.9870006737164
1.22722222222223,4.49193479252381,7.56441548134266,3.50241893235843e-17,0.180832485103305,450,7.5,0,0,0,6.60253074704988,31.9856113167196
1.22777777777778,4.4928988634822,7.56247997842133,3.53705502084541e-17,0.18089186044151,450,7.5,0,0,0,6.60168021947933,31.9830719409428
1.22833333333334,4.49388660076078,7.5605210286562,3.53705502084541e-17,0.180941188663026,450,7.5,0,0,0,6.60090709150852,31.9807720293576
1.22888888888889,4.49488729296608,7.5585547973284,3.53705502084541e-17,0.180984995704039,450,7.5,0,0,0,6.60010438383148,31.9786752100647
1.22944444444445,4.49589199625727,7.55659786673957,3.53705502084541e-17,0.181027128652723,450,7.5,0,0,0,6.59923477266415,31.9767506263707
1.23,4.49689153640337,7.55466109912529,3.53701526206694e-17,0.181071547927221,450,7.5,0,0,0,6.59833283472513,31.9749687643667
1.23055555555556,4.49781854634087,7.5526469373584,3.53696701255858e-17,0.181120829045457,450,7.5,0,0,0,6.59737024849265,31.9733078762125
1.23111111111112,4.49873133116951,7.55066441833095,3.53691876436656e-17,0.181173769050927,450,7.5,0,0,0,6.59940529115169,31.9717532751846
1.23166666666667,4.49962659796524,7.54872006003681,3.53687051749084e-17,0.181234195151736,450,7.5,0,0,0,6.60134491120105,31.9702905703986
1.23222222222223,4.500500741269,7.54682238966773,3.53682227193138e-17,0.181303656563315,450,7.5,0,0,0,6.60316949159562,31.9689056587209
1.23277777777778,4.50141044638647,7.54508489758451,3.53682227193138e-17,0.181384031130848,636.133496568366,7.5,0,0,0,6.60485751334535,31.9675831236739
1.23333333333334,4.50228848948118,7.54341735416467,3.53682227193138e-17,0.181480074290746,819.911246961846,7.5,0,0,0,6.60334259714468,31.967946607478
1.23388888888889,4.50312781301356,7.54183430502352,3.53682227193138e-17,0.181591988031707,961.792050629052,7.5,0,0,0,6.60163478177328,31.97115679559
1.23444444444445,4.50392038259668,7.54034915300054,3.53682227193138e-17,0.181722641446929,1063.24340933406,7.5,0,0,0,6.5997013565321,31.977505200669
1.235,4.50465878192558,7.53896904740201,3.53682227193138e-17,0.181874590487985,1126.74902719121,7.5,0,0,0,6.59760291938209,31.9865730793273
1.23555555555556,4.50527760254207,7.53739298531668,3.5367740276881e-17,0.182048907749315,1114.97290402387,7.5,0,0,0,6.59529342809974,31.9974033569247
1.23611111111112,4.50594790665982,7.53562450842974,3.53672578476097e-17,0.182201120776772,973.186353283955,7.5,0,0,0,6.59637973302676,32.0074405274406
1.23666666666667,4.50672463865287,7.53371685367766,3.53667754314992e-17,0.182311408042346,696.273744807948,7.5,0,0,0,6.59800749499169,32.0126943887376
1.23722222222223,4.50757835791514,7.53172702003482,3.5366293028549e-17,0.1823903755091,450,7.5,0,0,0,6.59999396210905,32.0121601225387
1.23777777777778,4.50847753258779,7.52968812645054,3.53658106387586e-17,0.182450451481071,450,7.5,0,0,0,6.60217716890206,32.0093827937501
1.23833333333334,4.50940383874784,7.52762129749225,3.53653282621275e-17,0.182499113475418,450,7.5,0,0,0,6.60445182763315,32.006860216284
1.23888888888889,4.51040710825473,7.5256458325342,3.53653282621275e-17,0.182541267458304,450,7.5,0,0,0,6.60671671779589,32.0045532458457
1.23944444444445,4.51141663281886,7.52367520308585,3.53653282621275e-17,0.182583357759811,450,7.5,0,0,0,6.60585006752697,32.0024297056753
1.24000000000001,4.51242346451738,7.52172367552198,3.53653282621275e-17,0.182626758772418,450,7.5,0,0,0,6.60496039319978,32.0004598975447
1.24055555555556,4.51341971039017,7.51979663877624,3.53653282621275e-17,0.182674774559463,450,7.5,0,0,0,6.60401257738973,31.9986178231691
1.24111111111112,4.51440238868618,7.51790007094724,3.53653282621275e-17,0.182728659172075,450,7.5,0,0,0,6.6029946428483,31.9968884195034
1.24166666666667,4.51536819242691,7.51604064047598,3.53653282621275e-17,0.182789781782265,450,7.5,0,0,0,6.60189037351053,31.9952569198898
1.24222222222223,4.5163134328474,7.51422666281047,3.53653282621275e-17,0.182859642572214,450,7.5,0,0,0,6.60068195667878,31.9937087098885
1.24277777777778,4.51723351022606,7.51246849944706,3.53653282621275e-17,0.18294008176123,590.851838358011,7.5,0,0,0,6.59934682085425,31.9922282795433
1.24333333333334,4.51812269316532,7.51077883107678,3.53653282621275e-17,0.183033346607469,786.526552258904,7.5,0,0,0,6.59785731644867,31.9919343376637
1.2438888888889,4.51891233385026,7.50906982302089,3.53648458987898e-17,0.183142117093103,939.429346080731,7.5,0,0,0,6.59618041428521,31.9943820967822
1.24444444444445,4.51965597245735,7.50745854239476,3.53643635484754e-17,0.183266879629635,1050.85596659103,7.5,0,0,0,6.59735033013554,32.0000425082122
1.24500000000001,4.5203455434352,7.50595443444452,3.53634788386128e-17,0.183412961101462,1123.30895834039,7.5,0,0,0,6.59833932621543,32.0086388241787
1.24555555555556,4.52097582099486,7.50440571321846,3.53629965201011e-17,0.183582013019589,1129.32738686513,7.5,0,0,0,6.59912353023837,32.0192931142368
1.24611111111112,4.52163076289508,7.50266727183306,3.53621113720898e-17,0.183741809299277,1015.64425758034,7.5,0,0,0,6.60009477296059,32.0297689818241
1.24666666666667,4.5223906393958,7.50077510422902,3.53616290853845e-17,0.183860665612932,763.469561335689,7.5,0,0,0,6.60160502327454,32.0361399369159
1.24722222222223,4.52329724058925,7.49889295245012,3.53616290853845e-17,0.183945131425147,450,7.5,0,0,0,6.60351443011014,32.0364980098775
1.24777777777778,4.52425489669138,7.49695601041524,3.53616290853845e-17,0.184010966618277,450,7.5,0,0,0,6.60260374901995,32.0335180188082
1.24833333333334,4.52524284964488,7.49498769553729,3.53612253456658e-17,0.184064087683255,450,7.5,0,0,0,6.60180846698284,32.0308054600921
1.2488888888889,4.52624814278214,7.49300523979053,3.53612253456658e-17,0.184109812948751,450,7.5,0,0,0,6.6010356281547,32.0283180263078
1.24944444444445,4.5272612419044,7.49102464735293,3.53612253456658e-17,0.184152224316338,450,7.5,0,0,0,6.60016303630611,32.0260224377947
1.25000000000001,4.52827329246077,7.48906256883686,3.53612253456658e-17,0.184195144862436,450,7.5,0,0,0,6.59927908703091,32.023888660724
1.25055555555556,4.52927508253534,7.4871243841082,3.53612253456658e-17,0.184242540798052,450,7.5,0,0,0,6.59833750679467,32.0218876985972
1.25111111111112,4.5302018496895,7.4851140932837,3.53607430776221e-17,0.184295666956906,450,7.5,0,0,0,6.59732688629406,32.0200041929016
1.25166666666667,4.53111198830485,7.48314045877952,3.53602608227329e-17,0.184353406551652,450,7.5,0,0,0,6.59929384535215,32.0182230375296
1.25222222222223,4.53200183537621,7.48121142984811,3.53597785809976e-17,0.184419765314811,450,7.5,0,0,0,6.60115278451251,32.0165293740612
1.25277777777779,4.53286699379692,7.47933739486531,3.57087400227282e-17,0.184496595335431,558.990456010124,7.5,0,0,0,6.60288022665661,32.014907835091
1.25333333333334,4.53376354723759,7.47763319974933,3.57087400227282e-17,0.184586155990265,762.543178417321,7.5,0,0,0,6.60445025156747,32.0141652316856
1.2538888888889,4.53462257239054,7.47601190462007,3.57087400227282e-17,0.184693696317255,922.9168859165,7.5,0,0,0,6.60279760319151,32.016069071866
1.25444444444445,4.53543571446503,7.47448940772094,3.57083303954335e-17,0.184819802305021,1041.15583846491,7.5,0,0,0,6.60091987750637,32.021209160851
1.25500000000001,4.53619419067494,7.47307711637962,3.57083303954335e-17,0.18496750486568,1119.55262466346,7.5,0,0,0,6.59884152687363,32.0294138331912
1.25555555555556,4.53689168926145,7.47165458748171,3.57083303954335e-17,0.185138776610277,1137.52239336406,7.5,0,0,0,6.59655573235954,32.0398612390758
1.25611111111112,4.53753295047168,7.46994141488785,3.57078434200228e-17,0.18530799003033,1042.83743370294,7.5,0,0,0,6.59436299250977,32.0505495912946
1.25666666666668,4.53827859476242,7.46806155830574,3.57073564578943e-17,0.185434130947958,807.335010076351,7.5,0,0,0,6.59579338830729,32.0576578553595
1.25722222222223,4.53911644040656,7.4660808225831,3.57068695090474e-17,0.185523075134661,459.902728144673,7.5,0,0,0,6.59766793745694,32.0586760760234
1.25777777777779,4.54001008717174,7.46404077847906,3.57063825734816e-17,0.185588964000158,450,7.5,0,0,0,6.59979115416481,32.0555904387812
1.25833333333334,4.54093653954751,7.461966202616,3.57058956513323e-17,0.185641094346682,450,7.5,0,0,0,6.60204069581369,32.0527223973327
1.2588888888889,4.54188207696665,7.45987492598586,3.57054087423269e-17,0.185685165578681,450,7.5,0,0,0,6.60431820787846,32.0500830333051
1.25944444444445,4.54289879567652,7.45788471386249,3.57054087423269e-17,0.185725388123774,450,7.5,0,0,0,6.60648532547293,32.0476423302275
1.26000000000001,4.54391587901403,7.455911963233,3.57054087423269e-17,0.185768132534558,450,7.5,0,0,0,6.60560542951556,32.0453697300478
1.26055555555556,4.54492328412656,7.45396279089559,3.57054087423269e-17,0.185815193146798,450,7.5,0,0,0,6.60466744239148,32.0432343185911
1.26111111111112,4.54591762633265,7.45204340052003,3.60558561708257e-17,0.185867912233238,450,7.5,0,0,0,6.60366175610408,32.0412197047309
1.26166666666668,4.54689547380195,7.45016047889436,3.60558561708257e-17,0.185927717130232,450,7.5,0,0,0,6.60257162421248,32.03931040427
1.26222222222223,4.54785312758371,7.44832239414383,3.60558561708257e-17,0.185996117893475,450,7.5,0,0,0,6.60137941089683,32.0374913507515
1.26277777777779,4.54878595878925,7.44653967252592,3.60558561708257e-17,0.186074974042236,536.253949947935,7.5,0,0,0,6.6000624081938,32.0357465764573
1.26333333333334,4.5496881448459,7.44482542751516,3.60558561708257e-17,0.186166579384552,745.974429937776,7.5,0,0,0,6.59859249823134,32.0346808764959
1.2638888888889,4.55055243559488,7.44319520088143,3.60558561708257e-17,0.186273721515908,912.043056197227,7.5,0,0,0,6.59693542822404,32.0361959121209
1.26444444444445,4.5513081595122,7.44156388013087,3.60553644962341e-17,0.186399601584015,1035.26064890686,7.5,0,0,0,6.59505188678036,32.0409684882051
1.26500000000001,4.55200832147056,7.44004542260659,3.60548728350517e-17,0.186544885903752,1117.7477506954,7.5,0,0,0,6.59601891331696,32.048900312933
1.26555555555557,4.55264604194941,7.43854148908522,3.60543811872779e-17,0.186714290475934,1143.76035961269,7.5,0,0,0,6.59678339893403,32.0592021081711
1.26611111111112,4.5532757162479,7.43684751791325,3.60538895529124e-17,0.186886917794041,1061.7495689674,7.5,0,0,0,6.59758003983158,32.0700281554677
1.26666666666668,4.55401049738245,7.43497475706197,3.60533979319544e-17,0.187019020279478,836.89982131816,7.5,0,0,0,6.59893157386225,32.0776441371556
1.26722222222223,4.55484417584675,7.43299404912673,3.60529063244034e-17,0.18711147391917,494.242264185279,7.5,0,0,0,6.60075405458588,32.0791265210224
1.26777777777779,4.55573756574552,7.43095054233584,3.60524147302589e-17,0.187179302774601,450,7.5,0,0,0,6.60284194282273,32.0761271964329
1.26833333333334,4.55672782065905,7.42897171212012,3.60524147302589e-17,0.187232575283076,450,7.5,0,0,0,6.60506596134172,32.0731068213739
1.2688888888889,4.55773834888407,7.42697452446922,3.60524147302589e-17,0.187279850951559,450,7.5,0,0,0,6.60429784175528,32.0703257672064
1.26944444444445,4.55875901588134,7.42497553339749,3.60524147302589e-17,0.187322898137135,450,7.5,0,0,0,6.60344263886443,32.0677488174605
1.27000000000001,4.55978066283724,7.42299270023098,3.60524147302589e-17,0.187365576644474,450,7.5,0,0,0,6.6025605647816,32.0653446568441
1.27055555555557,4.56079335268053,7.4210330060451,3.60524147302589e-17,0.187412171008486,450,7.5,0,0,0,6.60162727759581,32.0630822752084
1.27111111111112,4.56179322261481,7.41910264763188,3.60524147302589e-17,0.187464321801652,450,7.5,0,0,0,6.60062700184576,32.0609441015358
1.27166666666668,4.56277684454738,7.41720837382379,3.64041623885104e-17,0.187523457403339,450,7.5,0,0,0,6.59954318741462,32.0589144617334
1.27222222222223,4.56374048519388,7.41535854770859,3.64041623885104e-17,0.187591105396685,450,7.5,0,0,0,6.59835788523658,32.0569780393752
1.27277777777779,4.56461727797073,7.4134626576657,3.64036660116333e-17,0.187669127837372,511.88524688132,7.5,0,0,0,6.59704835830082,32.0551187040637
1.27333333333334,4.56546359181943,7.41163511317985,3.6755127170845e-17,0.187757273903983,727.999356839733,7.5,0,0,0,6.59864160124744,32.0537430597394
1.2738888888889,4.56627208830828,7.40989155490615,3.67546260223106e-17,0.18786093086768,900.147175976648,7.5,0,0,0,6.6000467723516,32.0548693494863
1.27444444444446,4.56703410752214,7.40824918902395,3.67541248873021e-17,0.187983414848937,1028.87315970861,7.5,0,0,0,6.60122376755706,32.0592679403229
1.27500000000001,4.56780242159012,7.40682291930346,3.67541248873021e-17,0.188128120953699,1116.11753497058,7.5,0,0,0,6.60217030158512,32.0669266967557
1.27555555555557,4.56850706933371,7.40544080519151,3.67541248873021e-17,0.188300098948731,1151.28013827305,7.5,0,0,0,6.5998765382584,32.0771031416714
1.27611111111112,4.56918727501746,7.40387081033627,3.67536956009421e-17,0.188481516906089,1083.61555889356,7.5,0,0,0,6.59753023700947,32.0881272129446
1.27666666666668,4.5699090796104,7.40200780297577,3.67531944854521e-17,0.188623034379793,871.026835134176,7.5,0,0,0,6.59573678316409,32.0963768630348
1.27722222222223,4.57073711109889,7.40002880969972,3.67526933836268e-17,0.188719497277839,533.924284386666,7.5,0,0,0,6.59751784931259,32.0984653810836
1.27777777777779,4.571629301416,7.3979829225978,3.67521922954655e-17,0.188789469208218,450,7.5,0,0,0,6.59959107155003,32.0956230758474
1.27833333333335,4.57255849035251,7.39589796916769,3.67512610642261e-17,0.18884395310011,450,7.5,0,0,0,6.60181340475699,32.0924438315391
1.2788888888889,4.57350928125931,7.39379286630058,3.6750760009256e-17,0.188889315804234,450,7.5,0,0,0,6.60408425397646,32.0895118614405
1.27944444444446,4.57453357492594,7.3917847348311,3.67503293843156e-17,0.188930009253276,450,7.5,0,0,0,6.60627835058934,32.086790805984
1.28000000000001,4.57555998699549,7.3897904371013,3.67503293843156e-17,0.18897250843811,450,7.5,0,0,0,6.60540020243578,32.08424909582
1.28055555555557,4.57657872769273,7.3878186649824,3.67503293843156e-17,0.18901846156441,450,7.5,0,0,0,6.60447404813529,32.0818556526752
1.28111111111112,4.5775849878137,7.3858755791176,3.67503293843156e-17,0.189069829594696,450,7.5,0,0,0,6.60348240262767,32.0795907142415
1.28166666666668,4.57857535913606,7.38396795012986,3.67503293843156e-17,0.189128035800304,450,7.5,0,0,0,6.60240942157832,32.0774383885534
1.28222222222223,4.57954609630607,7.38210407067842,3.67503293843156e-17,0.189194617071897,450,7.5,0,0,0,6.60123709593548,32.0753830955354
1.28277777777779,4.58049261214142,7.38029447761716,3.67503293843156e-17,0.189271424561195,482.197540551562,7.5,0,0,0,6.59994302393205,32.0734085571388
1.28333333333335,4.58140907816865,7.37855250173246,3.67503293843156e-17,0.189360766779371,706.048490444438,7.5,0,0,0,6.5984989670653,32.0717040851342
1.2838888888889,4.58222565070799,7.37679383269631,3.67498283490185e-17,0.189465496176263,885.584568921333,7.5,0,0,0,6.59686994287215,32.0723985207098
1.28444444444446,4.58299577771759,7.3751370981343,3.67493273272432e-17,0.189586402088289,1021.07242909669,7.5,0,0,0,6.59806690618527,32.0763728523357
1.28500000000001,4.58370950928931,7.37359749438035,3.67488263191288e-17,0.189729644470885,1114.22429435129,7.5,0,0,0,6.59901687660415,32.0837243563124
1.28555555555557,4.58435843831394,7.37213996563049,3.67483253246748e-17,0.189898064315045,1160.58637598289,7.5,0,0,0,6.59976689273054,32.0937752700764
1.28611111111112,4.58496195695824,7.37050076988401,3.71012943046298e-17,0.190083821152842,1110.47859423338,7.5,0,0,0,6.60037458510111,32.1050733277824
1.28666666666668,4.5856659488657,7.36865179791174,3.71007885187925e-17,0.190231345597193,912.972241489941,7.5,0,0,0,6.60152795097122,32.1141624859635
1.28722222222224,4.58654850258926,7.36677591233639,3.71007885187925e-17,0.190332827139741,582.576560049635,7.5,0,0,0,6.60323721121008,32.1170840387613
1.28777777777779,4.58750152073283,7.364827897778,3.71007885187925e-17,0.190408002965362,450,7.5,0,0,0,6.60223111092892,32.1144967266786
1.28833333333335,4.58849442908369,7.36283809816786,3.71007885187925e-17,0.190466513695356,450,7.5,0,0,0,6.60139139230746,32.1110212139995
1.2888888888889,4.58951043840993,7.36082619708037,3.71007885187925e-17,0.190515191241449,450,7.5,0,0,0,6.60062145780488,32.107740307873
1.28944444444446,4.59053865788335,7.35880871550018,3.71007885187925e-17,0.190558653961978,450,7.5,0,0,0,6.59980430478968,32.1043823830394
1.29000000000001,4.59156994685068,7.35680301506698,3.71003500728473e-17,0.190600840076473,450,7.5,0,0,0,6.59892726898143,32.1010074225867
1.29055555555557,4.59253209161912,7.35471875977126,3.70998443067772e-17,0.190645894759967,450,7.5,0,0,0,6.59801114916238,32.0970993179857
1.29111111111112,4.59348218209485,7.35266233687037,3.70993385544965e-17,0.190693566647553,450,7.5,0,0,0,6.60007701811522,32.0928431575192
1.29166666666668,4.59441686176761,7.35064011935365,3.70988328160046e-17,0.190747852294104,450,7.5,0,0,0,6.60205777247168,32.0875158178139
1.29222222222224,4.59539524919388,7.34876042244966,3.70988328160046e-17,0.190810289167822,450,7.5,0,0,0,6.6039342260127,32.0814417865293
1.29277777777779,4.59635022275256,7.34693338282725,3.70988328160046e-17,0.190885289092245,450,7.5,0,0,0,6.60266490698789,32.0739418784461
1.29333333333335,4.59727604754482,7.34517254477151,3.70988328160046e-17,0.190972523026178,676.560578862543,7.5,0,0,0,6.60124756410699,32.0654029486304
1.2938888888889,4.59816523515698,7.34349426192106,3.70988328160046e-17,0.19107480389438,865.231100149645,7.5,0,0,0,6.59965039874652,32.0574791596338
1.29444444444446,4.59900872920727,7.34191716056716,3.70988328160046e-17,0.191195534424727,1009.21947981562,7.5,0,0,0,6.59783178731102,32.051772583507
1.29500000000001,4.59973353446417,7.340358321916,3.7098327091301e-17,0.191338434228879,1109.96364975977,7.5,0,0,0,6.59574652235041,32.0482917661596
1.29555555555557,4.60039285125579,7.33892437915402,3.70973816197523e-17,0.191504069203148,1169.57966186119,7.5,0,0,0,6.59651838340721,32.046773224159
1.29611111111113,4.60098307229816,7.337328954846,3.70968759286182e-17,0.191695777506735,1140.96670054442,7.5,0,0,0,6.59704230420621,32.0460801222226
1.29666666666668,4.60166259952583,7.33550447846231,3.70963702512704e-17,0.19185366937852,963.978493398671,7.5,0,0,0,6.59807095733073,32.0432565282897
1.29722222222224,4.60246882316584,7.33353865156517,3.70958645877086e-17,0.191961542650301,644.514682984918,7.5,0,0,0,6.59971687223208,32.0340649462833
1.29777777777779,4.60335323787843,7.33149448184211,3.7095358937932e-17,0.192037324429192,450,7.5,0,0,0,6.60171598720297,32.0184351893802
1.29833333333335,4.60428098586766,7.32940493123509,3.70948533019401e-17,0.192094880922521,450,7.5,0,0,0,6.60389766849302,32.0019068030008
1.2988888888889,4.60529660246059,7.3273905670126,3.70948533019401e-17,0.192141694963248,450,7.5,0,0,0,6.60615622961017,31.9861065754069
1.29944444444446,4.60632589258469,7.32536816112599,3.70948533019401e-17,0.192185227588445,450,7.5,0,0,0,6.60536690975332,31.9716022816993
1.30000000000002,4.60735961383914,7.32335486104597,3.70948533019401e-17,0.192226842885156,450,7.5,0,0,0,6.60449751351915,31.9581655089551
1.30055555555557,4.6083882792902,7.32136236589149,3.70948533019401e-17,0.192270562389865,450,7.5,0,0,0,6.6035983112253,31.9457273458595
1.30111111111113,4.60940541613363,7.31939636583878,3.70948533019401e-17,0.192319175172893,450,7.5,0,0,0,6.60263897719243,31.9342015675231
1.30166666666668,4.61040787617001,7.3174632117642,3.70948533019401e-17,0.19237401304821,450,7.5,0,0,0,6.60160574715828,31.9235192751711
1.30222222222224,4.61139214622285,7.31557035057152,3.70948533019401e-17,0.192436537016081,450,7.5,0,0,0,6.60048164376354,31.9136144998118
1.30277777777779,4.61235410692231,7.3137272655959,3.74504241247996e-17,0.192508429427909,450,7.5,0,0,0,6.59924637996024,31.9044247006041
1.30333333333335,4.613288512525,7.31194605246886,3.74504241247996e-17,0.19259179419557,629.854046778718,7.5,0,0,0,6.59787432258467,31.8958892726674
1.3038888888889,4.61412578143927,7.31014219858572,3.74499136561185e-17,0.19268925653898,828.629502657171,7.5,0,0,0,6.59633330958155,31.8895256207728
1.30444444444446,4.61492040818245,7.30843314571399,3.74494032012107e-17,0.192801382466063,982.405894635284,7.5,0,0,0,6.59763039346267,31.8867597362596
1.30500000000002,4.61566258492902,7.30683635923155,3.7448892760218e-17,0.192934411190909,1092.49507063474,7.5,0,0,0,6.59867766237996,31.8879953194839
1.30555555555557,4.61634264899557,7.30536246903996,3.74483823331399e-17,0.193091775585058,1161.27733973498,7.5,0,0,0,6.59952519719586,31.8927862731539
1.30611111111113,4.61695472269482,7.30379210355017,3.74478719199758e-17,0.193275147112643,1152.51820820978,7.5,0,0,0,6.60013072042659,31.9000252904592
1.30666666666668,4.6176201462204,7.30200074956615,3.74473615207252e-17,0.193438380277138,1008.15608053957,7.5,0,0,0,6.60106507579082,31.9068975069018
1.30722222222224,4.61847074947677,7.30015486687799,3.74473615207252e-17,0.193553747950055,718.947693182853,7.5,0,0,0,6.60260692321657,31.908907761275
1.30777777777779,4.61940657762108,7.29822137134905,3.74473615207252e-17,0.193637088777806,450,7.5,0,0,0,6.60151395888016,31.9047656207121
1.30833333333335,4.6203908626766,7.2962371983662,3.74473615207252e-17,0.1937002519244,450,7.5,0,0,0,6.60063080177642,31.8983605015697
1.30888888888891,4.62140316876412,7.29422467584496,3.74473615207252e-17,0.193751493361298,450,7.5,0,0,0,6.59985242134191,31.89251636946
1.30944444444446,4.6224311419026,7.29220085774217,3.74473615207252e-17,0.193796003023027,450,7.5,0,0,0,6.5990765396364,31.8871714886895
1.31000000000002,4.62340233102791,7.29008276109638,3.74464035474068e-17,0.193837837441923,450,7.5,0,0,0,6.59820641825538,31.8822735450659
1.31055555555557,4.62437066424861,7.28798427284923,3.74458931820816e-17,0.193878274449548,450,7.5,0,0,0,6.60035476007404,31.8777742865654
1.31111111111113,4.62532813667104,7.28591065637777,3.7445382830668e-17,0.193923403641691,450,7.5,0,0,0,6.60243723324451,31.8736303416507
1.31166666666668,4.62633488796918,7.28396756959671,3.7445382830668e-17,0.193974547301447,450,7.5,0,0,0,6.60443964781081,31.8698108477346
1.31222222222224,4.62732435866301,7.28206296308515,3.7445382830668e-17,0.194035817409988,450,7.5,0,0,0,6.6033338726428,31.8662856841604
1.31277777777779,4.62829252268746,7.28020644323809,3.7445382830668e-17,0.194106213970367,450,7.5,0,0,0,6.60211805026302,31.8630258284853
1.31333333333335,4.62923406619121,7.27840987225233,3.7445382830668e-17,0.194187784219836,590.846520642195,7.5,0,0,0,6.60076952644846,31.860001586232
1.31388888888891,4.6301424276175,7.27668821384203,3.7445382830668e-17,0.194283108862731,797.428421097951,7.5,0,0,0,6.59925721816892,31.8583183602591
1.31444444444446,4.63100933335333,7.27505934712337,3.7445382830668e-17,0.194395358149601,958.951496552111,7.5,0,0,0,6.59754220627092,31.8597233371533
1.31500000000002,4.63176175739632,7.2734428335249,3.74448724931654e-17,0.194528196982907,1076.53095611406,7.5,0,0,0,6.59557990059764,31.8647747259182
1.31555555555557,4.63245248023985,7.27195086287251,3.74443621695732e-17,0.19468259762097,1152.47921309749,7.5,0,0,0,6.59644614790876,31.8731918681955
1.31611111111113,4.63307430151986,7.27040904307036,3.74438518598909e-17,0.194863392527801,1158.91971107189,7.5,0,0,0,6.59707504635698,31.8839890386628
1.31666666666668,4.63372368255045,7.26864796085331,3.74433415641179e-17,0.195033907291854,1039.49124477631,7.5,0,0,0,6.59790967506334,31.894706913746
1.31722222222224,4.63449433856084,7.26671843311314,3.74428312822536e-17,0.195157309928592,773.366441070018,7.5,0,0,0,6.59935963650261,31.901007949453
1.3177777777778,4.635358171871,7.26469204317143,3.77996666302581e-17,0.195243052521035,450,7.5,0,0,0,6.60124096851612,31.9008099218562
1.31833333333335,4.63627558412541,7.26260953507408,3.7799151506398e-17,0.195306582117069,450,7.5,0,0,0,6.60335431217581,31.8971974904826
1.31888888888891,4.63728722794852,7.26059396893439,3.7799151506398e-17,0.195357056491444,450,7.5,0,0,0,6.60558061053936,31.8939474548176
1.31944444444446,4.63831659102032,7.25856399245717,3.7799151506398e-17,0.195402712167609,450,7.5,0,0,0,6.60481101330804,31.8910099306922
1.32000000000002,4.63935390873942,7.2565363280797,3.81568011430015e-17,0.195445072886167,450,7.5,0,0,0,6.60393482318078,31.888344979688
1.32055555555557,4.64038992919708,7.25452781420574,3.85145307044371e-17,0.195488045809644,450,7.5,0,0,0,6.60304602576668,31.8859160113041
1.32111111111113,4.6414153365561,7.25254414665794,3.85145307044371e-17,0.195535644969598,450,7.5,0,0,0,6.60209861640563,31.8836884744585
1.32166666666669,4.64242697912931,7.25059188841393,3.85145307044371e-17,0.195589200716768,450,7.5,0,0,0,6.60108046809721,31.8816417011636
1.32222222222224,4.64342122637706,7.2486783768725,3.85145307044371e-17,0.195650222446574,450,7.5,0,0,0,6.59997371245517,31.8797554040885
1.3227777777778,4.64439401945762,7.24681299137743,3.85145307044371e-17,0.195720367158337,450,7.5,0,0,0,6.59875892165615,31.8780097263901
1.32333333333335,4.64527686521878,7.24490903658238,3.85140058457511e-17,0.195801718426022,567.556988537823,7.5,0,0,0,6.59741070444451,31.8763838409662
1.32388888888891,4.64612638783696,7.24308059676231,3.851348100137e-17,0.19589422651979,779.475860927178,7.5,0,0,0,6.59893069864209,31.8757598422764
1.32444444444446,4.64693412709595,7.24134584072953,3.85129561714397e-17,0.196003803291539,946.028608140489,7.5,0,0,0,6.60024551411741,31.8780335442016
1.32500000000002,4.64769002497072,7.23972440116998,3.85124313556666e-17,0.196134259849232,1068.08191188315,7.5,0,0,0,6.60130970545763,31.883859486531
1.32555555555557,4.64844657558819,7.23832916411614,3.85124313556666e-17,0.196289413121237,1147.76563634827,7.5,0,0,0,6.60214414631017,31.8930366320616
1.32611111111113,4.64913256844369,7.23690961752987,3.85124313556666e-17,0.196474359926927,1162.19810836385,7.5,0,0,0,6.5997199613508,31.9046237149517
1.32666666666669,4.64983198910105,7.2352663019786,3.85124313556666e-17,0.196654420468236,1055.83273990655,7.5,0,0,0,6.59742608198658,31.9163497028695
1.32722222222224,4.65059179817559,7.23334394537284,3.85119065541967e-17,0.196786608729134,801.143487067183,7.5,0,0,0,6.5957628065189,31.9239852217456
1.3277777777778,4.65145140971838,7.23131832801156,3.85113817670293e-17,0.196875851910393,450,7.5,0,0,0,6.59760973328372,31.9250211019237
1.32833333333335,4.65236814024761,7.22923321130346,3.85108569941638e-17,0.196941376528594,450,7.5,0,0,0,6.59971074869526,31.9220546291258
1.32888888888891,4.6533177818716,7.22711403354189,3.85103322357462e-17,0.196993083253949,450,7.5,0,0,0,6.60193573007612,31.9194030707215
1.32944444444446,4.65428624755292,7.22497895658844,3.85098074914829e-17,0.197036836341224,450,7.5,0,0,0,6.6041827937872,31.9170093177099
1.33000000000002,4.65532693459951,7.22294292160114,3.85098074914829e-17,0.197076932419852,450,7.5,0,0,0,6.6063121560529,31.9148413996158
1.33055555555558,4.65636729063304,7.22092567432711,3.85098074914829e-17,0.197120007465216,450,7.5,0,0,0,6.6054240300078,31.9128661659864
1.33111111111113,4.65739723428945,7.21893337808488,3.85098074914829e-17,0.197167720287555,450,7.5,0,0,0,6.60447460235303,31.9110506900322
1.33166666666669,4.65841335517251,7.21697280399986,3.85098074914829e-17,0.197221421055545,450,7.5,0,0,0,6.60345424280893,31.9093767322225
1.33222222222224,4.65941190756903,7.21505147747358,3.88690050366829e-17,0.197282667398216,450,7.5,0,0,0,6.60234459000069,31.9078265321097
1.3327777777778,4.66038872862923,7.21317905927034,3.88690050366829e-17,0.197353158707994,450,7.5,0,0,0,6.60112612027457,31.906382602494
1.33333333333335,4.6613384744211,7.21136800333187,3.88690050366829e-17,0.197435040907108,557.857650819231,7.5,0,0,0,6.59977254591237,31.9050262188488
1.33388888888891,4.66225425606382,7.2096342322075,3.92284248420665e-17,0.197531024287659,773.053798375622,7.5,0,0,0,6.59825098040158,31.9045503650466
1.33444444444446,4.66306372962879,7.20789887628732,3.92278903204598e-17,0.197644483651286,942.464829708996,7.5,0,0,0,6.59652028304046,31.9069235100287
1.33500000000002,4.66381970515823,7.20628082543193,3.95868998285803e-17,0.197776686079604,1066.77904318009,7.5,0,0,0,6.59756561873221,31.9128468155985
1.33555555555558,4.66451078340141,7.20479456249697,3.95863604369871e-17,0.197934322846463,1147.9640665518,7.5,0,0,0,6.59836951347263,31.9221479495962
1.33611111111113,4.66512895258793,7.2032928529552,3.95858210600927e-17,0.19811990548745,1165.05367393907,7.5,0,0,0,6.59892531470526,31.9338862917066
1.33666666666669,4.66575565263628,7.20155818261918,3.95852816978964e-17,0.198302452089712,1062.47485484193,7.5,0,0,0,6.59959861480716,31.9458400830753
1.33722222222224,4.66651120238605,7.19963445757924,3.95842581443591e-17,0.198435408884775,809.916375967777,7.5,0,0,0,6.60092857451513,31.953795374089
1.3377777777778,4.66737132954783,7.19760358220778,3.95837188181546e-17,0.198526344771466,450,7.5,0,0,0,6.60274149703753,31.9550802451012
1.33833333333335,4.66835433236645,7.1956097267243,3.99436063996134e-17,0.198592782358692,450,7.5,0,0,0,6.60481065726504,31.9521745425116
1.33888888888891,4.66937111234354,7.1935809540228,3.99436063996134e-17,0.19864775979113,450,7.5,0,0,0,6.60400366837833,31.9495706450216
1.33944444444447,4.67040718350117,7.19153606464015,4.03036502540693e-17,0.198694596857659,450,7.5,0,0,0,6.6032269903721,31.947212243112
1.34000000000002,4.67145215829634,7.18949176042571,4.03036502540693e-17,0.19873764759863,450,7.5,0,0,0,6.60234150732037,31.9450673253769
1.34055555555558,4.67249679111685,7.18746679636058,4.03036502540693e-17,0.198780905098348,450,7.5,0,0,0,6.60144809742359,31.9431035165398
1.34111111111113,4.67353070587781,7.18546709930557,4.03036502540693e-17,0.198828840717114,450,7.5,0,0,0,6.60049490656818,31.9412881363423
1.34166666666669,4.67455062295992,7.18349961147182,4.03036502540693e-17,0.198882838702113,450,7.5,0,0,0,6.599469640925,31.9396040118619
1.34222222222224,4.67555270202876,7.18157207742244,4.03036502540693e-17,0.198944495770008,450,7.5,0,0,0,6.59835335298908,31.9380339468983
1.3427777777778,4.67646894290459,7.17959666338406,4.03031011337981e-17,0.19901556026578,450,7.5,0,0,0,6.59712560017273,31.936560924392
1.34333333333336,4.67735751365484,7.17768418115949,4.03025520284898e-17,0.199095536662468,557.941230251898,7.5,0,0,0,6.59878617431539,31.9351665937775
1.34388888888891,4.67821125797323,7.17585093557063,4.03020029381438e-17,0.199189949055499,774.763244503013,7.5,0,0,0,6.60027237516899,31.9346448185102
1.34444444444447,4.67902116008246,7.17411723335043,4.03014538629126e-17,0.199302336412948,945.36257453986,7.5,0,0,0,6.60154137588564,31.9369929200947
1.34500000000002,4.67983973709833,7.17260249897618,4.03014538629126e-17,0.199436849194424,1070.34040470449,7.5,0,0,0,6.60254592570293,31.9429271110927
1.34555555555558,4.68059125346981,7.17122415861584,4.03014538629126e-17,0.199600400893627,1151.5950420642,7.5,0,0,0,6.60029163505563,31.9522700479139
1.34611111111113,4.68126730652566,7.16982753185038,4.03014538629126e-17,0.199792798084871,1167.98367009788,7.5,0,0,0,6.5977730258685,31.9640569048361
1.34666666666669,4.68195345569636,7.16818771545149,4.03014538629126e-17,0.19998150575914,1063.34534997195,7.5,0,0,0,6.59537547991151,31.9760279587173
1.34722222222224,4.68271031104472,7.16625726658558,4.03009048024892e-17,0.200118450151908,807.286370268416,7.5,0,0,0,6.59366088993397,31.9839139367929
1.3477777777778,4.68357389880443,7.16421909012436,4.03003557570263e-17,0.200209701593627,450,7.5,0,0,0,6.59548652864316,31.9850494453471
1.34833333333336,4.68449707705539,7.16211970910505,4.02998067265231e-17,0.200276225259684,450,7.5,0,0,0,6.59757644059662,31.9820455701802
1.34888888888891,4.68545410587082,7.15998549069863,4.02992577109792e-17,0.200328537876302,450,7.5,0,0,0,6.59979470347754,31.9793368403543
1.34944444444447,4.68643039649212,7.15783497916165,4.02987087103938e-17,0.200372713740383,450,7.5,0,0,0,6.60203717468763,31.9768759310823
1.35000000000002,4.6874156887268,7.1556850389217,4.02981597247664e-17,0.200413142716538,450,7.5,0,0,0,6.60416051521092,31.9746265753269
1.35055555555558,4.68846452214897,7.15365186597378,4.02981597247664e-17,0.2004538538127,450,7.5,0,0,0,6.60626560816945,31.9725564139574
1.35111111111113,4.68950268321464,7.15164400719742,4.02976605884632e-17,0.200502045857381,450,7.5,0,0,0,6.60531079102995,31.9706328909378
1.35166666666669,4.69052682043523,7.14966892706416,4.02976605884632e-17,0.200556402106949,450,7.5,0,0,0,6.60428091582335,31.9688388945005
1.35222222222225,4.69153280456306,7.14773463450067,4.02976605884632e-17,0.200618550179781,450,7.5,0,0,0,6.60315909042647,31.9671568343769
1.3527777777778,4.69251620524738,7.14585149888376,4.02976605884632e-17,0.200690297633726,450,7.5,0,0,0,6.60192442697673,31.9655695890236
1.35333333333336,4.69347128657274,7.14403302631727,4.02976605884632e-17,0.200773945630509,564.120946882912,7.5,0,0,0,6.60054910785832,31.9640585227799
1.35388888888891,4.69439057764924,7.14229666317758,4.02976605884632e-17,0.200872428855567,781.930801347615,7.5,0,0,0,6.59899754730035,31.9634746970461
1.35444444444447,4.69526443159394,7.14066377944106,4.02976605884632e-17,0.200989435435497,953.020469985624,7.5,0,0,0,6.597224941681,31.9658250072637
1.35500000000002,4.69601704456337,7.13905983670474,4.06591381267583e-17,0.20112932234827,1077.90754641288,7.5,0,0,0,6.59517842685605,31.9718266342692
1.35555555555558,4.69669981812105,7.13759730601465,4.06585842461248e-17,0.201293711848072,1158.40351226276,7.5,0,0,0,6.59589919738867,31.9812768064711
1.35611111111114,4.69730435948267,7.1361043173132,4.06580303805816e-17,0.201487801949461,1171.82451749971,7.5,0,0,0,6.59635425685902,31.9931652757378
1.35666666666669,4.69792573463358,7.13435655213905,4.10196551334888e-17,0.201675761185845,1060.99741095713,7.5,0,0,0,6.59696939575015,32.0051274949986
1.35722222222225,4.69868802675528,7.13241443680397,4.10190963645344e-17,0.201809568895605,797.234593040204,7.5,0,0,0,6.59829625025463,32.0127781414853
1.3577777777778,4.69955782657243,7.13036517135023,4.10185376108029e-17,0.201900146991311,450,7.5,0,0,0,6.60011592873247,32.0135723721523
1.35833333333336,4.70048689750713,7.12825547992809,4.10179788722937e-17,0.201966203255592,450,7.5,0,0,0,6.60219056655623,32.0104286625503
1.35888888888891,4.70151342984108,7.12620864968652,4.10179788722937e-17,0.202018219141456,450,7.5,0,0,0,6.60438932975917,32.0075803291204
1.35944444444447,4.70255890204357,7.12414607914015,4.10179788722937e-17,0.202064994910983,450,7.5,0,0,0,6.6036110601441,32.0049801445727
1.36000000000002,4.70361306446745,7.12208512373146,4.10179788722937e-17,0.202108167408394,450,7.5,0,0,0,6.60272154628798,32.0025918996241
1.36055555555558,4.70466631495692,7.12004412100247,4.10179788722937e-17,0.202151791297449,450,7.5,0,0,0,6.60182110964311,32.0003827160902
1.36111111111114,4.70570850831167,7.11802922670045,4.10179788722937e-17,0.202200237083244,450,7.5,0,0,0,6.60085951789456,31.9983205620978
1.36166666666669,4.70673623833012,7.11604769056852,4.10179788722937e-17,0.20225494151741,450,7.5,0,0,0,6.59982376566501,31.9963881892899
1.36222222222225,4.70774549455508,7.1141077532601,4.10179788722937e-17,0.202317570756586,450,7.5,0,0,0,6.59869409584754,31.9945682416529
1.3627777777778,4.70866757853751,7.11212326529715,4.10169071642192e-17,0.202389983847134,450,7.5,0,0,0,6.59744875484679,31.9928433447109
1.36333333333336,4.70956067132141,7.11020520807109,4.10163484631401e-17,0.202471802157984,574.037421287103,7.5,0,0,0,6.59907657940638,31.9911945431346
1.36388888888891,4.71041700201535,7.10837149891774,4.10157897772811e-17,0.202568831352267,792.105448445587,7.5,0,0,0,6.60052131602176,31.9905673772095
1.36444444444447,4.71122666289692,7.10664457417796,4.13784292725674e-17,0.202684940893896,962.973384039642,7.5,0,0,0,6.60173661440493,31.9929601676704
1.36500000000003,4.7120414171223,7.1051450563547,4.13784292725674e-17,0.202824694357347,1087.15936357635,7.5,0,0,0,6.60267031354284,31.9990777398358
1.36555555555558,4.71278392174168,7.10379148664769,4.13784292725674e-17,0.20299541886187,1166.46050738453,7.5,0,0,0,6.60033982139199,32.0086792637521
1.36611111111114,4.71344567861652,7.10239073003999,4.13784292725674e-17,0.203196795646827,1175.85556229548,7.5,0,0,0,6.59772243090589,32.0207036739145
1.36666666666669,4.71413351696292,7.10072510289865,4.13784292725674e-17,0.203388522763459,1056.99000906129,7.5,0,0,0,6.59530375547671,32.0326509203792
1.36722222222225,4.71490363143779,7.09876972139922,4.13778656701403e-17,0.203523828701024,783.954981933531,7.5,0,0,0,6.59361768465561,32.0399961414686
1.3677777777778,4.71578051448268,7.09670941711976,4.13773020830662e-17,0.203613275309627,450,7.5,0,0,0,6.59545792219103,32.0403809579854
1.36833333333336,4.71671543647053,7.0945898612017,4.13767385113446e-17,0.203678589908315,450,7.5,0,0,0,6.59755293504478,32.0370859188399
1.36888888888891,4.71768312842262,7.09243693600448,4.13761749549749e-17,0.203730128309142,450,7.5,0,0,0,6.59976890257643,32.0340874843943
1.36944444444447,4.71866926977701,7.09026910448069,4.13756114139563e-17,0.203773870866755,450,7.5,0,0,0,6.60199953210251,32.0313387830319
1.37000000000003,4.71966364533467,7.08810348265655,4.13750478882884e-17,0.203814194477702,450,7.5,0,0,0,6.60411306258115,32.0288035508013
1.37055555555558,4.72072108003067,7.08605434716057,4.13750478882884e-17,0.20385519015805,450,7.5,0,0,0,6.60620387643581,32.0264490776599
1.37111111111114,4.72176747597322,7.08403140281859,4.13750478882884e-17,0.203903868173897,450,7.5,0,0,0,6.60524089014871,32.0242437795266
1.37166666666669,4.72279936273682,7.08204239039508,4.13750478882884e-17,0.203958915203161,450,7.5,0,0,0,6.60420062096849,32.0221702060671
1.37222222222225,4.72381245823341,7.0800958173425,4.13750478882884e-17,0.204022020332337,450,7.5,0,0,0,6.60306550751021,32.0202103808728
1.3727777777778,4.72480205634266,7.07820280590719,4.13750478882884e-17,0.204095102310651,450,7.5,0,0,0,6.60181320913605,32.0183465790449
1.37333333333336,4.72576200468696,7.07637800155095,4.13750478882884e-17,0.204180626700822,585.603915906659,7.5,0,0,0,6.60041425845977,32.0165593198709
1.37388888888892,4.72668420213805,7.07464051607072,4.13750478882884e-17,0.204281770212624,803.955606592931,7.5,0,0,0,6.59882992064344,32.0159086288745
1.37444444444447,4.72755807728297,7.07301393438044,4.13750478882884e-17,0.204402561325896,974.59283315731,7.5,0,0,0,6.59701145296743,32.0183808100339
1.37500000000003,4.72830618633833,7.07142684154738,4.13744843779704e-17,0.204547783911294,1098.12842201763,7.5,0,0,0,6.59490094744448,32.0246630078711
1.37555555555558,4.72897914035878,7.06999075873398,4.13739208830017e-17,0.204719388758135,1175.97007969224,7.5,0,0,0,6.59553883424389,32.0344764899703
1.37611111111114,4.72956855361472,7.06848680081751,4.13733574033817e-17,0.20492249609151,1180.57509507841,7.5,0,0,0,6.59588794444906,32.0466920926927
1.37666666666669,4.73019549637892,7.06670775698629,4.13727939391074e-17,0.205111772572738,1052.23169741081,7.5,0,0,0,6.59649731022781,32.0586478975319
1.37722222222225,4.73097459159198,7.0647375249241,4.1372230490183e-17,0.205242446758107,768.389099803934,7.5,0,0,0,6.59786288075229,32.0656580714369
1.37777777777781,4.73185944676185,7.06266439267816,4.13716670566053e-17,0.205330451250008,450,7.5,0,0,0,6.59970654862197,32.0655970882151
1.37833333333336,4.73280122193334,7.06053347766624,4.13711036383738e-17,0.205394852452628,450,7.5,0,0,0,6.60179238315398,32.0621488170699
1.37888888888892,4.73377495433536,7.05837023573189,4.13705402354879e-17,0.205445806109923,450,7.5,0,0,0,6.60399292627709,32.0589987895946
1.37944444444447,4.73483103901108,7.05628911210344,4.13705402354879e-17,0.205489204975839,450,7.5,0,0,0,6.60620128326252,32.0561004788513
1.38000000000003,4.73589486931702,7.05421118132372,4.13705402354879e-17,0.20553220275172,450,7.5,0,0,0,6.60531289214179,32.053417543883
1.38055555555558,4.73695691462857,7.05215387757965,4.13705402354879e-17,0.20557612015205,450,7.5,0,0,0,6.60440592887112,32.0509170737862
1.38111111111114,4.738007529489,7.05012356820369,4.13705402354879e-17,0.205625018140711,450,7.5,0,0,0,6.60343664029165,32.0485678035985
1.38166666666669,4.73904319071792,7.04812775964353,4.13705402354879e-17,0.205680381668897,450,7.5,0,0,0,6.60239122434505,32.0463520317517
1.38222222222225,4.74005974585385,7.0461751947847,4.13705402354879e-17,0.205743934332944,450,7.5,0,0,0,6.6012494233146,32.0442519267401
1.38277777777781,4.74105235856604,7.04427736748621,4.13705402354879e-17,0.205817647290735,450,7.5,0,0,0,6.59998816742929,32.0422494031193
1.38333333333336,4.74201467091425,7.04244949485459,4.13705402354879e-17,0.205904067150244,598.333846660408,7.5,0,0,0,6.59857667454098,32.0403244936135
1.38388888888892,4.74287367554112,7.04061565591369,4.1369976847947e-17,0.206006491867368,816.675584851453,7.5,0,0,0,6.59697496510303,32.0396686068055
1.38444444444447,4.74368290014309,7.03889650466358,4.13694134757503e-17,0.206126315618075,986.801251436839,7.5,0,0,0,6.59814378903274,32.0422441628095
1.38500000000003,4.74442867060893,7.03731778431477,4.17346093330959e-17,0.206271345838652,1109.34717877637,7.5,0,0,0,6.5990144074531,32.048717286291
1.38555555555558,4.74509674920003,7.03589457864252,4.17340410108493e-17,0.20644654150564,1185.65189811022,7.5,0,0,0,6.59960777813922,32.0587610453372
1.38611111111114,4.74567879557121,7.03438113302536,4.17334727040808e-17,0.206654160436137,1185.20674335534,7.5,0,0,0,6.59989960568613,32.0711828602713
1.3866666666667,4.7463107416084,7.03258389276978,4.17329044127862e-17,0.206843358975123,1046.95049634871,7.5,0,0,0,6.60050978322605,32.0831481317774
1.38722222222225,4.74709965826229,7.03059830517862,4.17323361369719e-17,0.206971996801584,752.067762877122,7.5,0,0,0,6.60188971265976,32.0898094189154
1.38777777777781,4.74805741761904,7.02860806811688,4.17323361369719e-17,0.207058516764309,450,7.5,0,0,0,6.60373399110343,32.0893028007977
1.38833333333336,4.74907071525215,7.02656148216606,4.17323361369719e-17,0.207124807735202,450,7.5,0,0,0,6.60282346887443,32.0857029459555
1.38888888888892,4.75011517153834,7.02448390585747,4.17323361369719e-17,0.207177987245375,450,7.5,0,0,0,6.60202603866042,32.0824032871146
1.38944444444447,4.75117675554032,7.0223935900703,4.17323361369719e-17,0.207223845334488,450,7.5,0,0,0,6.60123869161212,32.0793572694213
1.39000000000003,4.75224536925572,7.02030787208262,4.17323361369719e-17,0.207266717216621,450,7.5,0,0,0,6.6003482348478,32.0765286038788
1.39055555555558,4.7533114206018,7.01824311260727,4.17323361369719e-17,0.20731075001824,450,7.5,0,0,0,6.5994387132379,32.0738840993548
1.39111111111114,4.75436585796076,7.01620576406979,4.17323361369719e-17,0.207359840466621,450,7.5,0,0,0,6.59846595948898,32.0713935194681
1.3916666666667,4.75534035749436,7.01410793038468,4.17317678766339e-17,0.207415492800304,450,7.5,0,0,0,6.59741547857089,32.0690389104479
1.39222222222225,4.75629543478681,7.01205415621751,4.17311996317714e-17,0.207476629295321,450,7.5,0,0,0,6.59927366512961,32.0668022446752
1.39277777777781,4.75722612419902,7.01005595220829,4.17306314023839e-17,0.207548096882873,450,7.5,0,0,0,6.60100577485121,32.0646650193373
1.39333333333336,4.75812605859766,7.00812911667156,4.17300631884706e-17,0.207632535936571,610.854942772145,7.5,0,0,0,6.60257939084438,32.0626071334777
1.39388888888892,4.75905129902964,7.00638991535722,4.17300631884706e-17,0.207733367689001,829.163247562023,7.5,0,0,0,6.60395534538067,32.0619547791694
1.39444444444447,4.75992552566887,7.00476888353677,4.17300631884706e-17,0.207857809741075,998.813965385653,7.5,0,0,0,6.60210226083141,32.064642275381
1.39500000000003,4.76073436570723,7.00329364895522,4.17300631884706e-17,0.208008284439944,1120.46973794463,7.5,0,0,0,6.59993844345875,32.0713148135061
1.39555555555559,4.76146253891003,7.00197936397835,4.17300631884706e-17,0.20818992497919,1195.39880174035,7.5,0,0,0,6.5974883093513,32.0815981294499
1.39611111111114,4.76203682586843,7.00045693525615,4.17294949900309e-17,0.208404935794479,1190.09047403412,7.5,0,0,0,6.59471649443759,32.0942388548507
1.3966666666667,4.76267348191841,6.99864281721739,4.17283893583078e-17,0.208593992605425,1042.06226872344,7.5,0,0,0,6.59533792448202,32.1062289840984
1.39722222222225,4.76347147648938,6.99664315317529,4.17278211981313e-17,0.208720612563435,736.197866862142,7.5,0,0,0,6.59675363633497,32.1125578521981
1.39777777777781,4.76437211115705,6.99454553690559,4.17272530534263e-17,0.208805664913023,450,7.5,0,0,0,6.59862726145226,32.111626503168
1.39833333333336,4.7653269284259,6.99239305174806,4.17266849241923e-17,0.20886819457812,450,7.5,0,0,0,6.60072902546454,32.1078766228042
1.39888888888892,4.76631209059658,6.99021026365461,4.17261168104286e-17,0.20891793400179,450,7.5,0,0,0,6.6029352157515,32.1044293759927
1.39944444444448,4.76737891327786,6.98811045921483,4.17261168104286e-17,0.208960591197939,450,7.5,0,0,0,6.60513572411482,32.1012388809973
1.40000000000003,4.76845247704362,6.98601588875098,4.17261168104286e-17,0.209003324857173,450,7.5,0,0,0,6.60424749695946,32.0982686886698
1.40055555555559,4.76952312638881,6.98394259441211,4.17261168104286e-17,0.209047465261915,450,7.5,0,0,0,6.60333510122207,32.0954853325722
1.40111111111114,4.77058198591718,6.98189713160208,4.17261168104286e-17,0.209096738693507,450,7.5,0,0,0,6.60235912885464,32.0928587486731
1.4016666666667,4.77162542850937,6.97988723568518,4.17261168104286e-17,0.209152672893864,450,7.5,0,0,0,6.60130480147886,32.0903707017717
1.40222222222225,4.7726491750725,6.97792213411099,4.20940438662803e-17,0.209217042540655,450,7.5,0,0,0,6.60015137967496,32.0880028152187
1.40277777777781,4.77364812123118,6.97601407356226,4.20940438662803e-17,0.209291927017334,450,7.5,0,0,0,6.59887434131615,32.0857362176336
1.40333333333336,4.77461549260789,6.97417944745525,4.20940438662803e-17,0.20938003746045,623.413754025052,7.5,0,0,0,6.59744095369422,32.0835499121624
1.40388888888892,4.77547720539941,6.97234505403043,4.20934707588438e-17,0.209484921687663,841.906621139637,7.5,0,0,0,6.59580822526189,32.0829121805448
1.40444444444448,4.77628622895497,6.97063302619055,4.20928976668528e-17,0.209608289342464,1011.30148476549,7.5,0,0,0,6.59692911917919,32.0857275941714
1.40500000000003,4.77702755457927,6.96907151338562,4.20923245904667e-17,0.209758460083935,1131.95157406191,7.5,0,0,0,6.59773322623063,32.0926244257504
1.40555555555559,4.77768561054393,6.96767524784585,4.20917515296847e-17,0.209940800250345,1205.26089497889,7.5,0,0,0,6.59824793796356,32.1031613656399
1.40611111111114,4.77825225134726,6.96614216441763,4.20911784845063e-17,0.210157363582718,1194.76186859765,7.5,0,0,0,6.59843750628964,32.1160191656046
1.4066666666667,4.7788945542928,6.96430994763825,4.20906054549249e-17,0.210345983845955,1036.65029009378,7.5,0,0,0,6.59906811601018,32.1279304056079
1.40722222222225,4.77970231451642,6.96229526055767,4.20900324409516e-17,0.210470551216725,719.631413334639,7.5,0,0,0,6.60049827273605,32.1337586014173
1.40777777777781,4.78061101404099,6.96018507648468,4.20894594425798e-17,0.210554162265609,450,7.5,0,0,0,6.60237258220488,32.131936585154
1.40833333333337,4.78163763271596,6.95811621120071,4.20894594425798e-17,0.210615786648412,450,7.5,0,0,0,6.60446651886057,32.127355631073
1.40888888888892,4.78269381301989,6.95601801101926,4.20894594425798e-17,0.210667813586878,450,7.5,0,0,0,6.60368146137226,32.1223147952782
1.40944444444448,4.78376620489619,6.9539089132134,4.20894594425798e-17,0.210712990431183,450,7.5,0,0,0,6.60288925829882,32.1169991571212
1.41000000000003,4.78484460729913,6.95180651767694,4.20894594425798e-17,0.210755601478211,450,7.5,0,0,0,6.60199868883543,32.1106032947382
1.41055555555559,4.78591928286225,6.94972587158342,4.20894594425798e-17,0.210799852403379,450,7.5,0,0,0,6.6010836340965,32.1034643596937
1.41111111111114,4.78698190660312,6.94767365204822,4.20894594425798e-17,0.210849310114468,450,7.5,0,0,0,6.60010441736389,32.0948907081015
1.4116666666667,4.78802878414594,6.94565776064661,4.20894594425798e-17,0.210905519598336,450,7.5,0,0,0,6.59904567032589,32.0852852999853
1.41222222222225,4.78905554445578,6.94368768609628,4.20894594425798e-17,0.210970274970475,450,7.5,0,0,0,6.59788634692121,32.0742626313671
1.41277777777781,4.78999172912219,6.94168155645734,4.20888864598091e-17,0.211045700645704,450,7.5,0,0,0,6.59660138461096,32.0621873246731
1.41333333333337,4.79089553720723,6.93975084920826,4.20883134926387e-17,0.211131699534267,636.033224550251,7.5,0,0,0,6.59815843611801,32.0489260399777
1.41388888888892,4.79175761209875,6.93791770560734,4.20877405412277e-17,0.211234789717759,854.228585247014,7.5,0,0,0,6.59951128546884,32.0364445248598
1.41444444444448,4.79256569727107,6.93621016901487,4.2087167605256e-17,0.211359689392593,1022.74847822207,7.5,0,0,0,6.60060380132355,32.0266212249411
1.41500000000003,4.79330429153916,6.93465735252326,4.20865946848828e-17,0.211512023621728,1142.03527250783,7.5,0,0,0,6.60137184656563,32.0203179139973
1.41555555555559,4.79402254926049,6.93336746270614,4.20865946848828e-17,0.211697218667095,1213.45774433534,7.5,0,0,0,6.60184991825208,32.0173931867926
1.41611111111114,4.79464758240722,6.93191772772676,4.20865946848828e-17,0.211919972309645,1197.63435284301,7.5,0,0,0,6.59901273624657,32.0165519729328
1.4166666666667,4.79536100977634,6.93016564935887,4.20865946848828e-17,0.212109940891219,1029.65220493764,7.5,0,0,0,6.59666658827865,32.0154369245774
1.41722222222226,4.79617637865447,6.92814180919131,4.20860217801073e-17,0.212234808689588,702.191522051653,7.5,0,0,0,6.59512436584962,32.0085594776612
1.41777777777781,4.79708988176761,6.92602611267931,4.2085448890929e-17,0.212316660543984,450,7.5,0,0,0,6.59702836307808,31.9953555086342
1.41833333333337,4.79805419488486,6.92385907337635,4.20848760173472e-17,0.212377105071027,450,7.5,0,0,0,6.59915026427794,31.9807579635676
1.41888888888892,4.79904690184231,6.92166424466427,4.20843031593613e-17,0.212425428829479,450,7.5,0,0,0,6.60136645461089,31.9673001747656
1.41944444444448,4.8000549706487,6.91945943548728,4.20837303169706e-17,0.212467132774547,450,7.5,0,0,0,6.60356318522077,31.9548759508586
1.42000000000003,4.80113389946652,6.91735631186832,4.20837303169706e-17,0.212506466756666,450,7.5,0,0,0,6.60565570827512,31.9433959750992
1.42055555555559,4.80220867666993,6.91527474293804,4.20837303169706e-17,0.212550523520295,450,7.5,0,0,0,6.60474568459448,31.9327761401687
1.42111111111115,4.80327150974929,6.91322159814053,4.20837303169706e-17,0.212599770610321,450,7.5,0,0,0,6.60377003593546,31.9229417460372
1.4216666666667,4.80431859800244,6.91120452314659,4.20837303169706e-17,0.212655724529983,450,7.5,0,0,0,6.60271591089318,31.9138305608755
1.42222222222226,4.80534571194857,6.90923276697101,4.20837303169706e-17,0.212720145640636,450,7.5,0,0,0,6.60156287725985,31.9053836672311
1.42277777777781,4.80634773530485,6.90731863436983,4.20837303169706e-17,0.212795124739377,450,7.5,0,0,0,6.60028646248994,31.89754432461
1.42333333333337,4.80731786158768,6.90547864066189,4.20837303169706e-17,0.21288339191069,637.348013931657,7.5,0,0,0,6.59885372428831,31.8902562329485
1.42388888888892,4.8082469590512,6.90373471765171,4.20837303169706e-17,0.212988526971179,854.697690315461,7.5,0,0,0,6.59722149540687,31.8851268577526
1.42444444444448,4.80905742518034,6.90202036489264,4.20831574901745e-17,0.213115141487062,1022.52498072938,7.5,0,0,0,6.59533406364194,31.883950034841
1.42500000000003,4.80979952948517,6.90045831789339,4.20825846789723e-17,0.213265866115946,1141.44238075818,7.5,0,0,0,6.59612738215077,31.8872923059889
1.42555555555559,4.81045737370674,6.89906301343731,4.20820118833635e-17,0.213448996854811,1212.93485626236,7.5,0,0,0,6.59663626028208,31.8946409063166
1.42611111111115,4.81102297581453,6.89751190238217,4.20814391033474e-17,0.213666605390008,1197.46713696226,7.5,0,0,0,6.59681449191631,31.9045986035367
1.4266666666667,4.81167474282885,6.8956627166136,4.20808663389176e-17,0.213852300556406,1030.26428744718,7.5,0,0,0,6.59748327384572,31.9137900152118
1.42722222222226,4.81249138252131,6.89363655632542,4.2080293590085e-17,0.213973955491994,703.993738198815,7.5,0,0,0,6.5989449145083,31.9169195546752
1.42777777777781,4.81340592141938,6.89151793818931,4.20797208568431e-17,0.214055782736602,450,7.5,0,0,0,6.60083606606156,31.9129509436018
1.42833333333337,4.81437160295722,6.88934757988529,4.20791481391914e-17,0.214116274335386,450,7.5,0,0,0,6.60293938393514,31.9069289026188
1.42888888888892,4.81543143704711,6.88724276393426,4.20785933126463e-17,0.214164656718274,450,7.5,0,0,0,6.60513617060802,31.9014406375922
1.42944444444448,4.81650688381375,6.88512751797041,4.20785933126463e-17,0.214209336691066,450,7.5,0,0,0,6.60434714294565,31.896424916862
1.43000000000004,4.81758808228824,6.88301973765888,4.20785933126463e-17,0.214251646548674,450,7.5,0,0,0,6.60346049496689,31.8918304855701
1.43055555555559,4.81866513154989,6.88093365007107,4.20785933126463e-17,0.214295778638503,450,7.5,0,0,0,6.6025473205833,31.88760914438
1.43111111111115,4.81973016029277,6.87887584026804,4.20785933126463e-17,0.214345121600799,450,7.5,0,0,0,6.60157043691426,31.8837195380056
1.4316666666667,4.82077952512604,6.87685405819226,4.20785933126463e-17,0.214401211886254,450,7.5,0,0,0,6.60051447963716,31.8801309936529
1.43222222222226,4.82180893890559,6.87487770451511,4.20785933126463e-17,0.214465828940888,450,7.5,0,0,0,6.59935866293019,31.8768135689264
1.43277777777781,4.82281320145023,6.87295931495429,4.20785933126463e-17,0.214541093262057,450,7.5,0,0,0,6.59807803306156,31.8737374535299
1.43333333333337,4.82371972593391,6.87102225061435,4.20780206181353e-17,0.214629781804366,638.847498538885,7.5,0,0,0,6.59663911357343,31.8708713373069
1.43388888888892,4.82458480896278,6.8691825831752,4.20774479393727e-17,0.214732625758464,856.465617543375,7.5,0,0,0,6.59799055051635,31.8698579688633
1.43444444444448,4.82539599454406,6.86746829684621,4.20768752760384e-17,0.214857271037754,1024.52880394518,7.5,0,0,0,6.59908386982611,31.8725263889094
1.43500000000004,4.82613781419555,6.86590913609836,4.24483616276802e-17,0.215009438966516,1143.55295937353,7.5,0,0,0,6.59985177781715,31.8794590807339
1.43555555555559,4.82679381406485,6.86452021447699,4.24477839320298e-17,0.215194704282978,1214.91664995662,7.5,0,0,0,6.60032765315897,31.8901558825367
1.43611111111115,4.82735563789522,6.86296868704894,4.24472062521033e-17,0.215415143549204,1198.58944423833,7.5,0,0,0,6.60046728059987,31.9032213780684
1.4366666666667,4.82807309264754,6.86120683752549,4.24472062521033e-17,0.215602355022464,1029.4055077694,7.5,0,0,0,6.60111294915677,31.9152641957294
1.43722222222226,4.82895855185216,6.8592667643939,4.24472062521033e-17,0.215727313106585,700.702079443711,7.5,0,0,0,6.59958064199705,31.9209679583106
1.43777777777781,4.82994259715866,6.85723427518769,4.24472062521033e-17,0.215812205850401,450,7.5,0,0,0,6.59847717079269,31.9193629988994
1.43833333333337,4.83091201197521,6.85505695667755,4.24466285879002e-17,0.215875721946104,450,7.5,0,0,0,6.59759206293925,31.9155760574458
1.43888888888893,4.83190989623293,6.85285177352484,4.24460509394197e-17,0.21592418532755,450,7.5,0,0,0,6.59979970495981,31.9121561876386
1.43944444444448,4.83292318386223,6.85063626199819,4.24454733066612e-17,0.215966040396045,450,7.5,0,0,0,6.60199072704217,31.9090536677855
1.44000000000004,4.83394217243107,6.84842811359743,4.24448956896241e-17,0.216005562289948,450,7.5,0,0,0,6.60407761994411,31.9062282347655
1.44055555555559,4.83502287071219,6.84633474219876,4.24448956896241e-17,0.216046985854605,450,7.5,0,0,0,6.60612796403253,31.9036418740851
1.44111111111115,4.8360916267478,6.84426966427625,4.24448956896241e-17,0.216096642107769,450,7.5,0,0,0,6.60514915908943,31.9012624123222
1.4416666666667,4.83714471013308,6.842241197335,4.24448956896241e-17,0.216153161898747,450,7.5,0,0,0,6.60408804122235,31.8990676839774
1.44222222222226,4.83817751974928,6.84025907183411,4.24448956896241e-17,0.216218362651463,450,7.5,0,0,0,6.6029257704895,31.8970351973838
1.44277777777782,4.83918467295967,6.83833631654793,4.24448956896241e-17,0.216294437007085,450,7.5,0,0,0,6.6016367547762,31.8951423208343
1.44333333333337,4.84015896277065,6.83649056822724,4.24448956896241e-17,0.216384267935073,645.954347632165,7.5,0,0,0,6.60018657256857,31.8933642472348
1.44388888888893,4.84109063710291,6.83474546194419,4.24448956896241e-17,0.216491668267199,863.870499471635,7.5,0,0,0,6.59852929518972,31.8934345535621
1.44444444444448,4.84196661144203,6.83313079893453,4.24448956896241e-17,0.216621591784234,1031.81172703553,7.5,0,0,0,6.59660537744921,31.897175376342
1.44500000000004,4.84270451172867,6.83158467483956,4.24443180883077e-17,0.216780018439817,1150.21180037475,7.5,0,0,0,6.59434304735695,31.905158272
1.44555555555559,4.84335303880918,6.83021415154123,4.24437405027114e-17,0.216969774172948,1220.2526068281,7.5,0,0,0,6.5947706958889,31.9168502842008
1.44611111111115,4.84390442450581,6.82865955474255,4.24431629328346e-17,0.217195581228157,1199.98971872011,7.5,0,0,0,6.59485218958721,31.9308049785227
1.4466666666667,4.84455760938919,6.82679235205503,4.24425853786691e-17,0.217383849332134,1023.31119618326,7.5,0,0,0,6.59549811452522,31.9435168476607
1.44722222222226,4.84538370576848,6.82474782658093,4.24420078402292e-17,0.217504990118796,686.381821594741,7.5,0,0,0,6.59696829050899,31.9495926403904
1.44777777777782,4.84630789477405,6.82261180473266,4.2440861455053e-17,0.217586221289535,450,7.5,0,0,0,6.59886489974952,31.9483033174388
1.44833333333337,4.84728269449443,6.8204247314124,4.24402839557881e-17,0.217646360139403,450,7.5,0,0,0,6.60097004029796,31.9449970695851
1.44888888888893,4.84828572670181,6.81821002012065,4.28134631969384e-17,0.217694580883908,450,7.5,0,0,0,6.60316497570567,31.9420126257731
1.44944444444448,4.84937002143966,6.81607835683044,4.31873030584074e-17,0.217736349506001,450,7.5,0,0,0,6.60533390544016,31.939303669495
1.45000000000004,4.85045969518745,6.81395486026735,4.31873030584074e-17,0.217778903970617,450,7.5,0,0,0,6.60444446035655,31.936832367187
1.45055555555559,4.85154483169483,6.81185372427479,4.31873030584074e-17,0.217823571792432,450,7.5,0,0,0,6.60352287960493,31.9345632452858
1.45111111111115,4.85261757804154,6.80978185405992,4.31873030584074e-17,0.217873635110489,450,7.5,0,0,0,6.60253571383804,31.9324668325493
1.45166666666671,4.85367411374891,6.80774742505626,4.31873030584074e-17,0.217930701511071,450,7.5,0,0,0,6.60146675309059,31.9305231470932
1.45222222222226,4.85470991629604,6.80576053275686,4.31867218453086e-17,0.217996644132853,450,7.5,0,0,0,6.60029420041878,31.9287120821797
1.45277777777782,4.8557194011447,6.80383477796133,4.31867218453086e-17,0.218073735723771,450,7.5,0,0,0,6.59899132506915,31.9270126894465
1.45333333333337,4.85669504488045,6.80198867913104,4.31867218453086e-17,0.218164982166855,658.996272501793,7.5,0,0,0,6.5975220175091,31.9254015000135
1.45388888888893,4.85756051024306,6.80015464922413,4.31861342131636e-17,0.218274379982372,876.352516873517,7.5,0,0,0,6.59583813247483,31.9257768159871
1.45444444444448,4.85836806648114,6.79845675530043,4.31855465968461e-17,0.218404170708413,1043.20209468055,7.5,0,0,0,6.5968647502709,31.9299057852579
1.45500000000004,4.85910030779629,6.79692708266128,4.31849589965194e-17,0.218563614476903,1159.96831758838,7.5,0,0,0,6.59754321644081,31.9383221748718
1.4555555555556,4.8597394859805,6.79557788441579,4.31843714121827e-17,0.21875870572297,1227.64446332739,7.5,0,0,0,6.59790847468365,31.9504296642249
1.45611111111115,4.86027882751176,6.79401241220795,4.31837838438353e-17,0.218990760685564,1201.05172138732,7.5,0,0,0,6.59791555231862,31.9647053906734
1.45666666666671,4.86093777832682,6.79212672755678,4.31831962914681e-17,0.219178769246684,1012.88059365113,7.5,0,0,0,6.59856811380798,31.9774635535105
1.45722222222226,4.86177384971072,6.79006708333439,4.31826087550976e-17,0.219297899829964,664.131551198621,7.5,0,0,0,6.60005316232946,31.9832149798184
1.45777777777782,4.86270615388737,6.7879183699736,4.31820212347146e-17,0.219377809341255,450,7.5,0,0,0,6.60195046532706,31.9816217502333
1.45833333333337,4.86375389903963,6.78581235568411,4.31820212347146e-17,0.219437164191357,450,7.5,0,0,0,6.60404811177869,31.9783128603585
1.45888888888893,4.86482911388276,6.7836796523425,4.35570533160872e-17,0.21948791299272,450,7.5,0,0,0,6.60327019027594,31.9753135749678
1.45944444444448,4.86591907606203,6.78153854542471,4.35570533160872e-17,0.219532448620253,450,7.5,0,0,0,6.60246309545535,31.9725789195655
1.46000000000004,4.86701366858938,6.77940722813196,4.35570533160872e-17,0.219575036061632,450,7.5,0,0,0,6.60156951397192,31.9700715445764
1.4605555555556,4.86810282592843,6.77729881629625,4.35564625494208e-17,0.219620030168027,450,7.5,0,0,0,6.60064271897597,31.9677563934774
1.46111111111115,4.86917929150136,6.77522038597762,4.35564625494208e-17,0.219670548153233,450,7.5,0,0,0,6.59964902041799,31.9656058439858
1.46166666666671,4.87023915039562,6.77318033228959,4.35564625494208e-17,0.219728236000214,450,7.5,0,0,0,6.59857132245761,31.9636003292898
1.46222222222226,4.87121148304857,6.77109703934718,4.35558699506378e-17,0.219795015207295,450,7.5,0,0,0,6.59738721344265,31.961720072892
1.46277777777782,4.872156726788,6.76907692677617,4.35552773679795e-17,0.21987025755627,450,7.5,0,0,0,6.59904701954568,31.9599442833856
1.46333333333337,4.87306700537333,6.76713916642464,4.35546848014453e-17,0.219960095345924,676.044051975578,7.5,0,0,0,6.60053267519104,31.9582492940398
1.46388888888893,4.87393171722,6.76531018185263,4.35534999118347e-17,0.220068748623363,892.182080928513,7.5,0,0,0,6.60179368232427,31.958757869322
1.46444444444449,4.87480255712959,6.76371541835402,4.35534999118347e-17,0.220201724019254,1057.2650729846,7.5,0,0,0,6.60276719609223,31.9631428265925
1.46500000000004,4.87559474529845,6.76229658524317,4.39293726739437e-17,0.220368668164691,1171.75263077082,7.5,0,0,0,6.60041919374205,31.9718813444491
1.4655555555556,4.87628959948048,6.76106368515115,4.39293726739437e-17,0.220572742857696,1236.44482357733,7.5,0,0,0,6.59774171672216,31.9842948773768
1.46611111111115,4.87688159114739,6.75957454216433,4.39293726739437e-17,0.220814621942696,1201.93816092159,7.5,0,0,0,6.59468636275866,31.998770778066
1.46666666666671,4.87754893722584,6.757667493495,4.39287750341206e-17,0.22100430215845,999.565598454415,7.5,0,0,0,6.59237351704536,32.0113976154803
1.46722222222226,4.87839656428926,6.75559187942627,4.39281774105684e-17,0.221120601863125,636.285270423112,7.5,0,0,0,6.59390253262087,32.0165864458117
1.46777777777782,4.87933744080315,6.75343037010264,4.39275798032766e-17,0.221198715536398,450,7.5,0,0,0,6.59583544586,32.0144953300136
1.46833333333337,4.88032582908264,6.75122105900758,4.39269822122444e-17,0.221256982091984,450,7.5,0,0,0,6.59796193605657,32.0110503499819
1.46888888888893,4.88134065168452,6.74898638551955,4.39263846374713e-17,0.221304075232225,450,7.5,0,0,0,6.60016580581909,32.0079124781453
1.46944444444449,4.88236949297036,6.74674420041464,4.39257870789566e-17,0.221345255117778,450,7.5,0,0,0,6.60232305715898,32.0050374789722
1.47000000000004,4.88346890895791,6.74460473150094,4.39251860646419e-17,0.22138478109837,450,7.5,0,0,0,6.60439114158829,32.0023886054762
1.4705555555556,4.88456227198792,6.74248837148986,4.39251860646419e-17,0.221430087615002,450,7.5,0,0,0,6.60346125980848,31.9999305343243
1.47111111111115,4.88564283055525,6.74040274647271,4.39251860646419e-17,0.221481060043146,450,7.5,0,0,0,6.60246110741436,31.9976367690025
1.47166666666671,4.88670636554147,6.73835648111411,4.39245841820708e-17,0.221539377837742,450,7.5,0,0,0,6.60137524885497,31.995487221013
1.47222222222226,4.88774810589982,6.73636052740578,4.39245841820708e-17,0.221607013088,450,7.5,0,0,0,6.6001809307842,31.993461956578
1.47277777777782,4.88876199330992,6.73442981374573,4.39239818228564e-17,0.221686426844729,450,7.5,0,0,0,6.59884911563932,31.9915397429198
1.47333333333338,4.8897397699863,6.73258492202127,4.39239818228564e-17,0.221780909835355,695.573768524074,7.5,0,0,0,6.59734033436476,31.9896963234026
1.47388888888893,4.89060352395026,6.73076228735798,4.39233843053236e-17,0.221894886690588,910.323220930578,7.5,0,0,0,6.59560138170138,31.9903248428832
1.47444444444449,4.89140426802031,6.72908886499451,4.39227868038807e-17,0.22203115291722,1073.38410570934,7.5,0,0,0,6.59654329166904,31.9949768314323
1.47500000000004,4.89212246419101,6.72759917911158,4.42993365126769e-17,0.222199716375107,1185.22554965042,7.5,0,0,0,6.59710701757875,32.004061694104
1.4755555555556,4.89273901585494,6.72629922491541,4.4298733913451e-17,0.222406867051964,1246.42224957071,7.5,0,0,0,6.59733858486197,32.0168038148415
1.47611111111115,4.89325061146323,6.72469798289245,4.42981313306108e-17,0.222652458421582,1202.78496562903,7.5,0,0,0,6.5971931823428,32.0314853507177
1.47666666666671,4.8939288376074,6.72276699777062,4.42975287641614e-17,0.222836812411101,984.301561078679,7.5,0,0,0,6.59791096154074,32.0439322396139
1.47722222222227,4.89478946063008,6.7206731618396,4.42969262141155e-17,0.222949832520688,604.856784058936,7.5,0,0,0,6.59946553389055,32.0484679717887
1.47777777777782,4.89574017244361,6.71849698411878,4.42957132457923e-17,0.223025962547005,450,7.5,0,0,0,6.60139797190786,32.0458297488937
1.47833333333338,4.89673642997613,6.71627505610738,4.42951107368327e-17,0.223083036826102,450,7.5,0,0,0,6.60351213095584,32.0422127913572
1.47888888888893,4.89782460618056,6.71412050873295,4.42951107368327e-17,0.223129405722857,450,7.5,0,0,0,6.60569467038879,32.0389033349165
1.47944444444449,4.89892604365575,6.71195972722675,4.42951107368327e-17,0.223173229114629,450,7.5,0,0,0,6.60487159024392,32.0358577161426
1.48000000000004,4.90003091099005,6.70981186987812,4.42951107368327e-17,0.223215716185399,450,7.5,0,0,0,6.60397541428791,32.033039257564
1.4805555555556,4.90112860881415,6.70768812005733,4.42951107368327e-17,0.22326135728833,450,7.5,0,0,0,6.60303753144658,32.0304119285273
1.48111111111115,4.90221294953493,6.70559592154388,4.42951107368327e-17,0.223312804263491,450,7.5,0,0,0,6.60203052290908,32.0279502652352
1.48166666666671,4.90327981496843,6.70354411609199,4.42951107368327e-17,0.22337178567222,450,7.5,0,0,0,6.6009357821747,32.0256343025498
1.48222222222227,4.90432431400538,6.70154411621793,4.42951107368327e-17,0.223440320991532,450,7.5,0,0,0,6.59972992796677,32.023443799688
1.48277777777782,4.90534013358349,6.69961157048739,4.42951107368327e-17,0.223520972213231,452.760836509892,7.5,0,0,0,6.59838265731318,32.0213569730454
1.48333333333338,4.90625188256003,6.69767708981022,4.42945082442635e-17,0.223617183928549,717.052666805739,7.5,0,0,0,6.59685267521478,32.0193654178164
1.48388888888893,4.90711426568248,6.69586150304198,4.42939057682519e-17,0.223730570621999,929.919364761324,7.5,0,0,0,6.59805596299077,32.0201441206803
1.48444444444449,4.90791086021747,6.69420192847756,4.42933033084615e-17,0.223870316277319,1090.48674906779,7.5,0,0,0,6.59894962566626,32.0251026520886
1.48500000000004,4.90862114562462,6.69273418013508,4.42927008650594e-17,0.224043808305956,1199.26710598837,7.5,0,0,0,6.59944954468637,32.0345688686523
1.4855555555556,4.90922531221377,6.69145412796117,4.42920984380451e-17,0.224257393988576,1256.06150241845,7.5,0,0,0,6.59960785416213,32.0476593711005
1.48611111111116,4.90972564906337,6.68982709316888,4.42914960274059e-17,0.224508820741418,1201.74871288864,7.5,0,0,0,6.59939823392353,32.0625270839963
1.48666666666671,4.91041789046645,6.6878709891064,4.46694522858037e-17,0.224689720936606,965.859805189227,7.5,0,0,0,6.60016437428934,32.0747048544778
1.48722222222227,4.91129215873599,6.68575897733402,4.46688447593653e-17,0.224799164835934,569.78932956964,7.5,0,0,0,6.60175136929221,32.0785048152624
1.48777777777782,4.91231948468185,6.68365924378563,4.46688447593653e-17,0.224873199786915,450,7.5,0,0,0,6.603694726335,32.075314893889
1.48833333333338,4.91339032493765,6.68151584184214,4.46688447593653e-17,0.224932070577324,450,7.5,0,0,0,6.60285989936225,32.0715219116781
1.48888888888893,4.91448530706386,6.67935031306078,4.46688447593653e-17,0.224980728861132,450,7.5,0,0,0,6.60208921136191,32.0680375878395
1.48944444444449,4.91559251206982,6.6771803558892,4.46688447593653e-17,0.225024154835661,450,7.5,0,0,0,6.6012512954499,32.0648185383926
1.49000000000004,4.91670214779346,6.67502508892038,4.50478748936722e-17,0.225066579543755,450,7.5,0,0,0,6.60035451588149,32.0618280335538
1.4905555555556,4.91780363684289,6.67289459765103,4.50478748936722e-17,0.225112578313645,450,7.5,0,0,0,6.59941119583733,32.0590299918065
1.49111111111116,4.9188913989798,6.67079652066411,4.50478748936722e-17,0.225164538632059,450,7.5,0,0,0,6.59839703232223,32.0564000305183
1.49166666666671,4.91989429503778,6.66864923681305,4.50472622288335e-17,0.225224232521964,450,7.5,0,0,0,6.59729245143379,32.0539178381695
1.49222222222227,4.92087419147838,6.66655540618661,4.50466495806595e-17,0.225290666084583,450,7.5,0,0,0,6.59904047104155,32.051562872419
1.49277777777782,4.9218245029841,6.66453110213381,4.50460369491494e-17,0.225369571247079,477.338545486174,7.5,0,0,0,6.60063927110126,32.0493126859922
1.49333333333338,4.92273633856279,6.66259927208646,4.50447948401501e-17,0.225464573188983,740.030146625644,7.5,0,0,0,6.60204529062452,32.047315749904
1.49388888888893,4.92366396865685,6.66088204063292,4.50447948401501e-17,0.225580583229276,950.557071999217,7.5,0,0,0,6.60320244279939,32.0482843338448
1.49444444444449,4.92452299851225,6.65932849747321,4.50441647032025e-17,0.22572717997485,1108.22716782128,7.5,0,0,0,6.60109174910073,32.0535929445852
1.49500000000005,4.92529146705802,6.65797566019794,4.50441647032025e-17,0.225909063186499,1213.60711852721,7.5,0,0,0,6.59858126538465,32.063474734454
1.4955555555556,4.92594889844432,6.6567614970893,4.50435340729085e-17,0.226132607795204,1261.14382839005,7.5,0,0,0,6.59569698139874,32.0769308944936
1.49611111111116,4.92646260885403,6.65508690149669,4.50429215004175e-17,0.226384057833528,1189.18402087947,7.5,0,0,0,6.59255798294876,32.0918162484693
1.49666666666671,4.92718089349611,6.65310334542767,4.54221590215785e-17,0.226556693242112,934.525976316544,7.5,0,0,0,6.59343112288751,32.1032619035786
1.49722222222227,4.92807008424583,6.65097404908001,4.54215413167674e-17,0.226661738406515,525.619333616444,7.5,0,0,0,6.5950786021333,32.1060336193826
1.49777777777782,4.92903989816675,6.64877027258794,4.58009076146409e-17,0.2267335912506,450,7.5,0,0,0,6.59706217915781,32.102294232521
1.49833333333338,4.93005090783409,6.64652530842514,4.58002847760939e-17,0.226788154752684,450,7.5,0,0,0,6.59920684908513,32.0983611818291
1.49888888888894,4.93108469206342,6.64425979063637,4.57990185041295e-17,0.226833067490546,450,7.5,0,0,0,6.60140077080505,32.0947358910326
1.49944444444449,4.93212983414256,6.64199138280484,4.57977518870446e-17,0.226873203831799,450,7.5,0,0,0,6.60349734948724,32.0913759934735
1.50000000000005,4.93324364531833,6.63982995254141,4.57977518870446e-17,0.226912788768149,450,7.5,0,0,0,6.60554202732704,32.0882447947222
1.5005555555556,4.93434823846972,6.63769406328946,4.57977518870446e-17,0.22695959022177,450,7.5,0,0,0,6.60458985083639,32.0853056431048
1.50111111111116,4.93543868116776,6.6355920818532,4.61782273091124e-17,0.227012626093997,450,7.5,0,0,0,6.60356234107517,32.0825354613108
1.50166666666671,4.93651034480167,6.63353355002416,4.61782273091124e-17,0.227073740963932,450,7.5,0,0,0,6.6024410603063,32.079913123201
1.50222222222227,4.93755795100469,6.63153122129603,4.61782273091124e-17,0.227145106488594,450,7.5,0,0,0,6.60120105439209,32.0774175222764
1.50277777777782,4.93857444494911,6.62960281789852,4.61782273091124e-17,0.227229575609134,515.761562078064,7.5,0,0,0,6.59980877848932,32.0750253680876
1.50333333333338,4.93955002344317,6.62777324068536,4.61782273091124e-17,0.22733103023223,773.720968600829,7.5,0,0,0,6.59821761110478,32.0731640667398
1.50388888888894,4.94040373358241,6.6259865774808,4.61775993652535e-17,0.227454773921395,978.787989080676,7.5,0,0,0,6.59636415216792,32.0745406072049
1.50444444444449,4.9411838155916,6.62437526655418,4.61769714382974e-17,0.227604715747195,1130.35662613697,7.5,0,0,0,6.5971309135834,32.0804308038966
1.50500000000005,4.94186689117971,6.6229743530511,4.61763435284183e-17,0.227792104805323,1228.97397477654,7.5,0,0,0,6.5975008142379,32.0908935556688
1.5055555555556,4.94243357701767,6.62162411282368,4.61757156356155e-17,0.228022880981219,1260.51328453985,7.5,0,0,0,6.59747432421435,32.1047476562578
1.50611111111116,4.94297222108009,6.61988148517211,4.6175087759873e-17,0.228263986542309,1160.20049422605,7.5,0,0,0,6.5974254255909,32.1193953457977
1.50666666666671,4.94372789022468,6.61786098012594,4.61744599012136e-17,0.228424021038904,877.845298419973,7.5,0,0,0,6.59844344061522,32.1294812616994
1.50722222222227,4.94463727472705,6.61570934375158,4.61738320596354e-17,0.228522823357183,452.63414933627,7.5,0,0,0,6.60013712578596,32.130727060745
1.50777777777783,4.94561919978749,6.6134893689438,4.61732042351308e-17,0.228591643945855,450,7.5,0,0,0,6.60212919267227,32.1263744083033
1.50833333333338,4.94670618187368,6.61132170655674,4.61732042351308e-17,0.228644564946525,450,7.5,0,0,0,6.60426324797063,32.1223536998268
1.50888888888894,4.94781397045906,6.60913631787652,4.61732042351308e-17,0.228691783731312,450,7.5,0,0,0,6.60348949884276,32.1186287231051
1.50944444444449,4.94893154699421,6.60695134231788,4.61732042351308e-17,0.228734913593277,450,7.5,0,0,0,6.60258808529664,32.1150980163188
1.51000000000005,4.95004887549927,6.60478728003463,4.61732042351308e-17,0.228778200242278,450,7.5,0,0,0,6.60167737749414,32.1117464537536
1.5105555555556,4.95115461434138,6.60265116875253,4.61732042351308e-17,0.228826539153783,450,7.5,0,0,0,6.60070345130637,32.1083632691854
1.51111111111116,4.95224486927244,6.60055164207881,4.61732042351308e-17,0.228881578216304,450,7.5,0,0,0,6.59965150055601,32.1049957092904
1.51166666666671,4.95331486426236,6.59849902365513,4.61732042351308e-17,0.22894530675052,450,7.5,0,0,0,6.59849830271122,32.1012356186953
1.51222222222227,4.95429152478,6.59641783111078,4.61725764276989e-17,0.229020061866016,450,7.5,0,0,0,6.597216897103,32.0972234310272
1.51277777777783,4.95523432933476,6.59441770635859,4.61719486373391e-17,0.229105885098454,578.1805167755,7.5,0,0,0,6.59872813271675,32.0922962287217
1.51333333333338,4.95613227372748,6.59252641697271,4.61713208640508e-17,0.229210213873768,825.762606175874,7.5,0,0,0,6.60002103547468,32.0877270909988
1.51388888888894,4.95696999879574,6.59078216511502,4.61706931078331e-17,0.229338986114936,1019.64054701708,7.5,0,0,0,6.60102547105173,32.0853745275411
1.51444444444449,4.95779378116851,6.58931948180191,4.65529021283973e-17,0.229499911561385,1159.52686808266,7.5,0,0,0,6.60165377348037,32.0866688825464
1.51500000000005,4.95851137516284,6.58807687793955,4.65529021283973e-17,0.229704551831395,1245.56045009146,7.5,0,0,0,6.59893745616443,32.0908642670666
1.5155555555556,4.9591072184137,6.58673285123252,4.65529021283973e-17,0.229953932457615,1249.57474614557,7.5,0,0,0,6.59578540297063,32.0968825919116
1.51611111111116,4.95969170629022,6.58489811214515,4.65522691926995e-17,0.230183008676032,1102.8539620928,7.5,0,0,0,6.59298398534361,32.1012066135096
1.51666666666672,4.960498067955,6.58283211945994,4.65516362742278e-17,0.230324544418556,778.290309159675,7.5,0,0,0,6.5942212512083,32.0983062269622
1.51722222222227,4.96143235733311,6.58065563793422,4.6551003372967e-17,0.230414307037861,450,7.5,0,0,0,6.59601544336998,32.0857095883285
1.51777777777783,4.96242776616591,6.57842036704184,4.65503704889153e-17,0.230478551090312,450,7.5,0,0,0,6.5980620880837,32.0688031940781
1.51833333333338,4.96345568868821,6.57615349419696,4.65497376220722e-17,0.230528940985759,450,7.5,0,0,0,6.60022401328188,32.0516150590666
1.51888888888894,4.96450108193815,6.57387408640872,4.65491047724369e-17,0.230571781047862,450,7.5,0,0,0,6.60238657052033,32.0342694626864
1.51944444444449,4.96562090412162,6.57168963868253,4.65491047724369e-17,0.230611598601168,450,7.5,0,0,0,6.60442707061937,32.0172470599015
1.52000000000005,4.96673763231001,6.56952786085954,4.65484395025666e-17,0.230655870085178,450,7.5,0,0,0,6.60350582943745,32.0005143197728
1.52055555555561,4.96784179878108,6.5673963818753,4.65484395025666e-17,0.230705539401181,450,7.5,0,0,0,6.60251650044936,31.9851742088883
1.52111111111116,4.96892918250114,6.56530404489386,4.65484395025666e-17,0.23076229302747,450,7.5,0,0,0,6.6014451159887,31.9709052739304
1.52166666666672,4.96999489153246,6.56326180122906,4.65484395025666e-17,0.230828177063709,450,7.5,0,0,0,6.60026804664898,31.9576645184801
1.52222222222227,4.97103286789279,6.56128478483705,4.65484395025666e-17,0.230905673654222,450,7.5,0,0,0,6.59895647277718,31.9453604349004
1.52277777777783,4.97203474005532,6.55939425934665,4.65484395025666e-17,0.230998146135103,634.416824741587,7.5,0,0,0,6.59747029261382,31.9339124435511
1.52333333333338,4.97292114146379,6.55753092854844,4.65478066793589e-17,0.231110202571868,870.141162671665,7.5,0,0,0,6.59575441237404,31.9248724856745
1.52388888888894,4.97374313466193,6.5558237485506,4.65471738731812e-17,0.231244955136713,1052.00856221462,7.5,0,0,0,6.59669414424864,31.9204076878433
1.52444444444449,4.97447874139335,6.55431592086046,4.65465410842089e-17,0.23141348404696,1179.73926969786,7.5,0,0,0,6.59724007341149,31.9212662538878
1.52500000000005,4.9751040653907,6.55302435820513,4.65459083124413e-17,0.231623807116854,1253.62308588179,7.5,0,0,0,6.59739542202771,31.9268661074184
1.52555555555561,4.97560975709905,6.55150656882724,4.65452755578732e-17,0.231877727159582,1232.75911578031,7.5,0,0,0,6.59712957694203,31.935485246855
1.52611111111116,4.97624056108426,6.54960638854878,4.65446428204976e-17,0.232086207072122,1046.5504300122,7.5,0,0,0,6.59753515348586,31.94325780479
1.52666666666672,4.97708287662408,6.54750979201335,4.65440101003401e-17,0.232213151223402,688.69346677564,7.5,0,0,0,6.59892628723187,31.944168688277
1.52722222222227,4.97803384958295,6.54531742221623,4.65433773973846e-17,0.232295851125246,450,7.5,0,0,0,6.60077366557277,31.9374295745515
1.52777777777783,4.9790377998078,6.54307306406848,4.65427447116304e-17,0.232356391380883,450,7.5,0,0,0,6.60283501298327,31.9290505310557
1.52833333333338,4.98013819731216,6.54089001036062,4.65427447116304e-17,0.232404718245882,450,7.5,0,0,0,6.60498698693773,31.921372857301
1.52888888888894,4.9812538836189,6.53869770207565,4.65427447116304e-17,0.232449694394716,450,7.5,0,0,0,6.60418115568477,31.9143228756349
1.5294444444445,4.98237467062523,6.53651510631965,4.65427447116304e-17,0.232492556461109,450,7.5,0,0,0,6.60327867223929,31.9078380106327
1.53000000000005,4.98349006466307,6.53435633997972,4.65427447116304e-17,0.232537754644044,450,7.5,0,0,0,6.60234392332862,31.901858994309
1.53055555555561,4.98459225533154,6.53222894806659,4.65427447116304e-17,0.232588650410948,450,7.5,0,0,0,6.60134082286197,31.8963353995475
1.53111111111116,4.98567706824998,6.53014209912537,4.65420748240444e-17,0.232647003962207,450,7.5,0,0,0,6.60025133497021,31.8912269684345
1.53166666666672,4.98673943152299,6.52810749451176,4.65420748240444e-17,0.232714919211073,450,7.5,0,0,0,6.59905110982972,31.886494320166
1.53222222222227,4.98777287228736,6.52614137834354,4.65420748240444e-17,0.232795032873289,450,7.5,0,0,0,6.59770928398459,31.8820978800903
1.53277777777783,4.98870059090429,6.52417797496267,4.65414421645966e-17,0.232890933601903,682.158257155519,7.5,0,0,0,6.59618304861702,31.8779956887031
1.53333333333338,4.9895777081197,6.52233812546026,4.69254656410976e-17,0.23300438631134,907.606510729049,7.5,0,0,0,6.59736769017109,31.8763793501
1.53388888888894,4.99038645861315,6.52066357129959,4.69248277874522e-17,0.233145225844934,1079.25760994798,7.5,0,0,0,6.5982320357453,31.879093291248
1.5344444444445,4.99110376482417,6.51919724083551,4.69241899511472e-17,0.233321778184473,1197.04841119175,7.5,0,0,0,6.59867952818814,31.8866714721616
1.53500000000005,4.99170588220785,6.51794518878111,4.69235521321818e-17,0.233541719970549,1260.93444206907,7.5,0,0,0,6.59873867722549,31.8983322242248
1.53555555555561,4.99218946729793,6.51636298832846,4.69229143305429e-17,0.233804574175597,1218.72213278047,7.5,0,0,0,6.59837981724141,31.9122174261957
1.53611111111116,4.99285564391732,6.51441200950083,4.69222765462396e-17,0.234001000047575,998.311462922269,7.5,0,0,0,6.59895065692508,31.924030329402
1.53666666666672,4.99372580895264,6.51228718564336,4.69216387792889e-17,0.23411803344141,611.100640545042,7.5,0,0,0,6.60044543902956,31.9277932553289
1.53722222222227,4.99469214593683,6.51007669403469,4.69210010296749e-17,0.234195715728282,450,7.5,0,0,0,6.60233497241656,31.9241621268641
1.53777777777783,4.9957737697519,6.50790769981529,4.69210010296749e-17,0.234253563156448,450,7.5,0,0,0,6.60441174672604,31.9196035304751
1.53833333333339,4.99688138726194,6.50571422814924,4.69210010296749e-17,0.234303591505402,450,7.5,0,0,0,6.60363305421851,31.9154647120996
1.53888888888894,4.99800252792671,6.50351482817856,4.69210010296749e-17,0.234347914005651,450,7.5,0,0,0,6.60280075425367,31.9116934255177
1.5394444444445,4.99912692893172,6.50132881156893,4.69210010296749e-17,0.234390866422195,450,7.5,0,0,0,6.6018955531457,31.9082447936288
1.54000000000005,5.00024390602501,6.49916791280175,4.69210010296749e-17,0.234437072414095,450,7.5,0,0,0,6.60094769833747,31.9050758315039
1.54055555555561,5.00134696675114,6.49704009789446,4.69210010296749e-17,0.234489315550801,450,7.5,0,0,0,6.59992827647211,31.9021541737479
1.54111111111116,5.00243170401835,6.49495501152258,4.69210010296749e-17,0.234549446488242,450,7.5,0,0,0,6.59881737047516,31.8994534475816
1.54166666666672,5.0034247766718,6.49283708499733,4.69203632973971e-17,0.234619668536424,450,7.5,0,0,0,6.59758953014395,31.896947134093
1.54222222222228,5.00438715022729,6.49079236507282,4.69197255824547e-17,0.23469963727469,459.774331576874,7.5,0,0,0,6.59915655329453,31.894607155585
1.54277777777783,5.00530901193172,6.48884570899625,4.69190878848469e-17,0.234796440652566,729.671411194242,7.5,0,0,0,6.60052525116216,31.8924614727174
1.54333333333339,5.00617661535219,6.48703244186623,4.69184502047506e-17,0.234915487253777,946.487774811136,7.5,0,0,0,6.60163188105944,31.8932858912228
1.54388888888894,5.00703846249316,6.48548615745835,4.69184502047506e-17,0.235064050272464,1108.99132867969,7.5,0,0,0,6.60239364468487,31.8985557205236
1.5444444444445,5.00780139272922,6.48416072009339,4.69184502047506e-17,0.235254168899714,1217.25110037312,7.5,0,0,0,6.59978823737571,31.9085718419047
1.54500000000005,5.00844214560989,6.48302221235104,4.69184502047506e-17,0.235489881777151,1268.7193605796,7.5,0,0,0,6.59677193588787,31.9223159519078
1.54555555555561,5.00891141025602,6.48137024752808,4.69178125417913e-17,0.235762691331991,1200.9170819322,7.5,0,0,0,6.59339422051554,31.9376725019705
1.54611111111116,5.00961591226166,6.47937098558375,4.69171748961693e-17,0.235946300890399,943.877572757364,7.5,0,0,0,6.59414110063162,31.9498102070499
1.54666666666672,5.0105125270081,6.4772179102013,4.69165372678932e-17,0.236054293897085,526.677762956616,7.5,0,0,0,6.59574351083621,31.9530752508235
1.54722222222228,5.01149423238557,6.47498821482081,4.69158996569483e-17,0.23612728963894,450,7.5,0,0,0,6.5976922249517,31.9496235226042
1.54777777777783,5.01251831741501,6.47271645655056,4.69145765219747e-17,0.23618250683101,450,7.5,0,0,0,6.59980552608626,31.9460027089351
1.54833333333339,5.01356566102095,6.47042365973697,4.69139389550065e-17,0.236227868214233,450,7.5,0,0,0,6.60197010187431,31.9427195503403
1.54888888888894,5.01462463051919,6.46812788792979,4.6913301405367e-17,0.236268339579285,450,7.5,0,0,0,6.60403735323568,31.9397289843982
1.5494444444445,5.01575339431938,6.46593719478045,4.6913301405367e-17,0.236308241785349,450,7.5,0,0,0,6.60605249136048,31.9369917886939
1.55000000000005,5.01687265151259,6.46377293141875,4.6913301405367e-17,0.236355613726227,450,7.5,0,0,0,6.60509123147287,31.934468732124
1.55055555555561,5.01797726630944,6.4616439514657,4.6913301405367e-17,0.236409434209578,450,7.5,0,0,0,6.60405265105219,31.9321345758765
1.55111111111117,5.01906234079809,6.45956052486224,4.6913301405367e-17,0.236471660036204,450,7.5,0,0,0,6.60291713608201,31.9299660457709
1.55166666666672,5.02012219381711,6.45753657710695,4.6913301405367e-17,0.236544627848255,450,7.5,0,0,0,6.60165797753559,31.9279397669677
1.55222222222228,5.02114912222659,6.45559176996059,4.6913301405367e-17,0.236631450303803,520.865929177584,7.5,0,0,0,6.60023876228487,31.9260298467199
1.55277777777783,5.0221322499781,6.45375423463943,4.6913301405367e-17,0.236736427080583,782.466046054457,7.5,0,0,0,6.59860822298406,31.9247010962336
1.55333333333339,5.02305601994418,6.45206331011138,4.69126125216499e-17,0.236865531050461,989.877799390396,7.5,0,0,0,6.59669539821675,31.9267302415459
1.55388888888894,5.02383038937656,6.45048036428258,4.69119749987001e-17,0.237026774301436,1142.15395465889,7.5,0,0,0,6.59440501301441,31.9334266287166
1.5544444444445,5.02449650683555,6.44913103961964,4.69113374930774e-17,0.237226280529592,1239.4025355851,7.5,0,0,0,6.5946226744879,31.9448062102924
1.55500000000006,5.02503339013274,6.44780795111549,4.69107000047811e-17,0.237473343620335,1265.52272974888,7.5,0,0,0,6.5944006038602,31.9595657205757
1.55555555555561,5.0255557480459,6.44604014032827,4.69100625337911e-17,0.237725794229507,1153.36772890008,7.5,0,0,0,6.59422435281715,31.9749055241301
1.55611111111117,5.02632407790835,6.4439870500475,4.69087343995371e-17,0.237886667342801,854.983539866205,7.5,0,0,0,6.59523794497591,31.985234965788
1.55666666666672,5.02725021995769,6.44180438935719,4.72956544532934e-17,0.237984602742275,450,7.5,0,0,0,6.59693287251839,31.9865178503176
1.55722222222228,5.02824803927574,6.43955468132336,4.72950117773648e-17,0.238052887856612,450,7.5,0,0,0,6.59891901711582,31.9827252805875
1.55777777777783,5.02928294136132,6.43726841452239,4.72943691189019e-17,0.23810556888027,450,7.5,0,0,0,6.60104229431681,31.9792961988128
1.55833333333339,5.03033805652989,6.43496553906953,4.72937264779041e-17,0.238149684260571,450,7.5,0,0,0,6.60318950177572,31.9761742375983
1.55888888888894,5.03147071417306,6.43275169486047,4.72937264779041e-17,0.238189969047664,450,7.5,0,0,0,6.60520333773386,31.9733175290411
1.5594444444445,5.03260248809423,6.43055956220614,4.72937264779041e-17,0.23823402528055,450,7.5,0,0,0,6.60428269272135,31.9706884449255
1.56000000000006,5.03372223042713,6.42839693771201,4.72937264779041e-17,0.238283425920949,450,7.5,0,0,0,6.60329391323471,31.9682496258411
1.56055555555561,5.03482562716795,6.42627312799674,4.72937264779041e-17,0.238339899961449,450,7.5,0,0,0,6.60222347069009,31.9659789818079
1.56111111111117,5.03590752997503,6.42419955422726,4.72937264779041e-17,0.238405591483064,450,7.5,0,0,0,6.60104666140302,31.9638541680864
1.56166666666672,5.03696162091058,6.42219219048174,4.72937264779041e-17,0.238483083825162,450,7.5,0,0,0,6.59973382609985,31.9618519191481
1.56222222222228,5.03797906367866,6.42027384381393,4.72937264779041e-17,0.238575924049769,604.330918906621,7.5,0,0,0,6.59824292579507,31.9599454595125
1.56277777777783,5.03887877334336,6.41839010339886,4.72930838543706e-17,0.238689055085847,851.511629421826,7.5,0,0,0,6.59651520330929,31.9593812916298
1.56333333333339,5.03971105217781,6.41667342633317,4.72924412483006e-17,0.238826107133961,1043.54551377403,7.5,0,0,0,6.59741000981583,31.9626944370263
1.56388888888895,5.0404509047092,6.41517546158539,4.72917986596936e-17,0.238999348699867,1179.80610982537,7.5,0,0,0,6.59788474924182,31.9708596772785
1.5644444444445,5.04106976583765,6.41391879261688,4.72911560885487e-17,0.239218347718694,1259.71959123413,7.5,0,0,0,6.597912986345,31.983465514027
1.56500000000006,5.04155515035133,6.41246108409714,4.72905135348598e-17,0.239485697241478,1248.12948562116,7.5,0,0,0,6.5974771407033,31.9988151283533
1.56555555555561,5.04215171496292,6.41056880801905,4.72898709986177e-17,0.239713242256902,1073.31803524322,7.5,0,0,0,6.59764869974187,32.013200195232
1.56611111111117,5.0429886478847,6.40845594384214,4.72892284798551e-17,0.239849168929862,719.854525847283,7.5,0,0,0,6.59893655107384,32.0204771759388
1.56666666666672,5.04394761099061,6.40623923545257,4.72885859785518e-17,0.239935675029689,450,7.5,0,0,0,6.60073003500798,32.0192281879502
1.56722222222228,5.0449640171496,6.4039669651203,4.72879434947071e-17,0.239998259152651,450,7.5,0,0,0,6.60275328669535,32.0154731817635
1.56777777777783,5.04607970864022,6.4017520379127,4.72879434947071e-17,0.240047865081169,450,7.5,0,0,0,6.60487656584025,32.0120565791593
1.56833333333339,5.04721180952812,6.39952643003853,4.72879434947071e-17,0.240093802930246,450,7.5,0,0,0,6.60406708549268,32.0089283397564
1.56888888888895,5.04834979984555,6.39730954127061,4.72879434947071e-17,0.240137342264504,450,7.5,0,0,0,6.60315275958567,32.0060488339274
1.5694444444445,5.04948294651688,6.39511704280264,4.72879434947071e-17,0.240183031330146,450,7.5,0,0,0,6.60220821473091,32.0033803280576
1.57000000000006,5.0506025792688,6.39295700370515,4.72879434947071e-17,0.240234598849801,450,7.5,0,0,0,6.60119309244424,32.0008912447066
1.57055555555561,5.05170423371986,6.39083944516989,4.72879434947071e-17,0.240293923801406,450,7.5,0,0,0,6.60008847728012,31.9985599439937
1.57111111111117,5.05278236628738,6.38877731862605,4.72879434947071e-17,0.240363302487783,450,7.5,0,0,0,6.59886775422425,31.9963640207811
1.57166666666672,5.05382981257761,6.38678896091227,4.72879434947071e-17,0.240445648820082,450,7.5,0,0,0,6.59749700720529,31.9942792653222
1.57222222222228,5.05476775270621,6.38481410152863,4.72873010283204e-17,0.240545005956288,687.879202551211,7.5,0,0,0,6.59592820385653,31.9922770984993
1.57277777777784,5.0556501974003,6.38297765965333,4.72866585795696e-17,0.240663786500722,919.688526512812,7.5,0,0,0,6.59703275902281,31.9926360347147
1.57333333333339,5.05645605327997,6.38133048812357,4.72860161480965e-17,0.240813133990109,1095.63432214729,7.5,0,0,0,6.59778131988149,31.9973517886092
1.57388888888895,5.05715720339488,6.37992387639808,4.72853737340792e-17,0.241003063737719,1214.98346481531,7.5,0,0,0,6.59805828530806,32.0070035306616
1.5744444444445,5.0577252796865,6.37875231670639,4.7284731337517e-17,0.241242500736485,1276.65221635271,7.5,0,0,0,6.59788211118516,32.020725576882
1.57500000000006,5.05816333542574,6.37716580539629,4.72840889583898e-17,0.241528240664146,1225.55068148188,7.5,0,0,0,6.5972574764173,32.0364551658025
1.57555555555561,5.05883088521427,6.37517705840409,4.72834465967172e-17,0.241731341113558,987.183997788248,7.5,0,0,0,6.59776847016682,32.0495966075015
1.57611111111117,5.05972093307251,6.37301380652979,4.72828042525158e-17,0.241847903786509,578.974635085074,7.5,0,0,0,6.59926637846003,32.0539648810358
1.57666666666673,5.06070751975128,6.37076618588697,4.72821619257667e-17,0.241924911924041,450,7.5,0,0,0,6.60115057468546,32.0508328501193
1.57722222222228,5.06174077356815,6.36847273471636,4.72815196164692e-17,0.241982375341954,450,7.5,0,0,0,6.60321659518366,32.0470219895599
1.57777777777784,5.06286814691089,6.36624237301388,4.72815196164692e-17,0.242029104224364,450,7.5,0,0,0,6.60534724563158,32.0435334919957
1.57833333333339,5.06400847693664,6.36400707270199,4.72815196164692e-17,0.242073670701915,450,7.5,0,0,0,6.60449552962291,32.0403219907275
1.57888888888895,5.0651515194018,6.36178747337394,4.72815196164692e-17,0.242117212539363,450,7.5,0,0,0,6.60357776933619,32.037349091143
1.5794444444445,5.06628585545702,6.35959478861242,4.72815196164692e-17,0.242164570862299,450,7.5,0,0,0,6.60261100443757,32.0345763605729
1.58000000000006,5.06740528073717,6.35743780944313,4.72815196164692e-17,0.242218398840366,450,7.5,0,0,0,6.60156848947426,32.0319776134688
1.58055555555561,5.06850493183015,6.35532737562559,4.72815196164692e-17,0.242280734154692,450,7.5,0,0,0,6.60042794377067,32.0295308080641
1.58111111111117,5.06957881236528,6.35327820248993,4.72815196164692e-17,0.242354046550335,450,7.5,0,0,0,6.59916099580691,32.0272130438509
1.58166666666673,5.07061878226158,6.35131138015695,4.72815196164692e-17,0.24244162819154,499.945168961733,7.5,0,0,0,6.59772896175087,32.0249986213099
1.58222222222228,5.07154428011822,6.34937141234051,4.72808773246224e-17,0.242548094143379,771.407218224782,7.5,0,0,0,6.59607706926427,32.023190455945
1.58277777777784,5.07240716774749,6.34758872837097,4.727952102809e-17,0.242676678335346,987.525899220439,7.5,0,0,0,6.59706237399561,32.0246965661706
1.58333333333339,5.07318303151768,6.34601969738799,4.76699832652318e-17,0.242839646861271,1146.72687718486,7.5,0,0,0,6.59764829746697,32.0309894599646
1.58388888888895,5.07384070370323,6.34470875609499,4.76693357227225e-17,0.24304778997477,1248.47124590545,7.5,0,0,0,6.59774148493033,32.0421876688034
1.5844444444445,5.07435560835373,6.34346912447854,4.76686881978053e-17,0.243308137235652,1280.29730909818,7.5,0,0,0,6.59735243433344,32.0569635632255
1.58500000000006,5.07483105809044,6.34171905079588,4.76680406904552e-17,0.243582606052044,1173.63414484328,7.5,0,0,0,6.59690993772509,32.072542087628
1.58555555555562,5.0755888256579,6.33965019181421,4.76673932007072e-17,0.243753233234902,872.556474789651,7.5,0,0,0,6.59781691152529,32.0832500016341
1.58611111111117,5.07652294127672,6.3374448105882,4.76667457285617e-17,0.243853791033737,450,7.5,0,0,0,6.59947190157775,32.0844827133345
1.58666666666673,5.07753258138537,6.33517031141861,4.76660982740054e-17,0.243923120362561,450,7.5,0,0,0,6.6014268551264,32.0802404147978
1.58722222222228,5.07858044992084,6.33285835195141,4.80569612055444e-17,0.243976360637668,450,7.5,0,0,0,6.60352297175378,32.0763648151619
1.58777777777784,5.07971802615585,6.33061520118373,4.80569612055444e-17,0.244020816961277,450,7.5,0,0,0,6.6056458321859,32.0727982638576
1.58833333333339,5.08086512059658,6.32837335154622,4.80569612055444e-17,0.244064617709707,450,7.5,0,0,0,6.60473000928441,32.0694984855052
1.58888888888895,5.0820114751927,6.32615407609221,4.80569612055444e-17,0.244108887861709,450,7.5,0,0,0,6.6038006690018,32.0664276807505
1.5894444444445,5.08314532073973,6.32396510602119,4.80569612055444e-17,0.244158609012662,450,7.5,0,0,0,6.6028042430346,32.0635473147625
1.59000000000006,5.0842623793469,6.32181625007513,4.80569612055444e-17,0.244215589770435,450,7.5,0,0,0,6.60172434815603,32.0608354774661
1.59055555555562,5.08535722491926,6.31971971015764,4.80569612055444e-17,0.244282090215051,450,7.5,0,0,0,6.6005348647575,32.0582693874427
1.59111111111117,5.08642310762021,6.3176927968491,4.84490782742721e-17,0.244360870268081,450,7.5,0,0,0,6.59920416004954,32.0558250631009
1.59166666666673,5.08745045183078,6.3157606610747,4.84490782742721e-17,0.244455772157052,610.441457292932,7.5,0,0,0,6.59768681202042,32.0534744502335
1.59222222222228,5.08835623100612,6.31387448126389,4.84484202112165e-17,0.244572240116336,863.303643342185,7.5,0,0,0,6.59591825515957,32.0525286334429
1.59277777777784,5.08918910510396,6.31217210456855,4.84477621660369e-17,0.244714670956319,1059.33068000508,7.5,0,0,0,6.59673827405843,32.0556388673826
1.59333333333339,5.08992029335564,6.31071349817915,4.84471041387328e-17,0.244896717018084,1197.488681293,7.5,0,0,0,6.59709946828704,32.0638346785349
1.59388888888895,5.09051663045966,6.30951869776755,4.84464461293034e-17,0.24512932373611,1276.5266675385,7.5,0,0,0,6.59696333576927,32.0766481080904
1.59444444444451,5.09096704170591,6.30806521763788,4.84457881377361e-17,0.245414143938939,1258.75615416542,7.5,0,0,0,6.59632381682875,32.0922151391566
1.59500000000006,5.09156051250415,6.30614174481853,4.84451301640311e-17,0.245648126455072,1069.79107844143,7.5,0,0,0,6.59643456072174,32.1065455642907
1.59555555555562,5.09241394788557,6.30399747608496,4.84444722082214e-17,0.245783070408341,698.091346657866,7.5,0,0,0,6.59773621133407,32.1131766478097
1.59611111111117,5.09338953046325,6.30175130580261,4.84438142702833e-17,0.245868447914291,450,7.5,0,0,0,6.5995341651925,32.1110913572571
1.59666666666673,5.09442148138545,6.29945093175874,4.84431563502163e-17,0.245930316404245,450,7.5,0,0,0,6.60155550053015,32.1068445585651
1.59722222222228,5.0954834082959,6.29712198378839,4.84424984480197e-17,0.245979509568156,450,7.5,0,0,0,6.60367143175484,32.1029410182673
1.59777777777784,5.0966303463317,6.29486903682008,4.84417557498217e-17,0.246022018824908,450,7.5,0,0,0,6.60575753194163,32.0993308621137
1.5983333333334,5.09778254831848,6.2926260642261,4.84410125972158e-17,0.246065737623314,450,7.5,0,0,0,6.60483875022928,32.0959740320915
1.59888888888895,5.09892921191894,6.29040855568156,4.84410125972158e-17,0.246112000206763,450,7.5,0,0,0,6.60388316428195,32.0928324852668
1.59944444444451,5.10006176727251,6.28822506753253,4.84410125972158e-17,0.246164392264436,450,7.5,0,0,0,6.60285470663206,32.0898746475668
1.60000000000006,5.10117548046953,6.28608633338984,4.84410125972158e-17,0.246224904521303,450,7.5,0,0,0,6.60173306017357,32.0870781730831
1.60055555555562,5.10226441382499,6.28400655804436,4.84410125972158e-17,0.246295993852043,450,7.5,0,0,0,6.60048999325592,32.0844197468494
1.60111111111117,5.10332070961683,6.2820061958834,4.84410125972158e-17,0.246380852115717,450,7.5,0,0,0,6.5990884134175,32.0818737172897
1.60166666666673,5.10433305325269,6.28011537042596,4.84410125972158e-17,0.246483979606864,716.520808243432,7.5,0,0,0,6.59747513522627,32.0794092104806
1.60222222222228,5.10521545129016,6.27829307367507,4.84403547332506e-17,0.246611817220534,949.237297089554,7.5,0,0,0,6.59557381590293,32.0797190971041
1.60277777777784,5.10601272697281,6.27668466411587,4.84389513122329e-17,0.246770096624068,1124.20397083616,7.5,0,0,0,6.59620592362817,32.0847016980353
1.6033333333334,5.10669168071714,6.27534670700617,4.84382934939458e-17,0.246973736449256,1240.31768509497,7.5,0,0,0,6.59631422755702,32.0948440288579
1.60388888888895,5.10722102777496,6.27425075203005,4.84376356935252e-17,0.247232302467223,1295.47777990572,7.5,0,0,0,6.59591988300333,32.1090752338536
1.60444444444451,5.10761651221846,6.27261941952649,4.84362311673415e-17,0.247537800481635,1226.54538028881,7.5,0,0,0,6.59507458221128,32.1250603992253
1.60500000000006,5.10830809594825,6.27057968406041,4.84355734127726e-17,0.247737165358294,956.775549045409,7.5,0,0,0,6.59565798414035,32.1376817145831
1.60555555555562,5.10922559565436,6.26837691218141,4.84349156760878e-17,0.247848161292503,517.602655606735,7.5,0,0,0,6.59721599083659,32.1406518708438
1.60611111111117,5.11023329097762,6.26609557685118,4.84342579572664e-17,0.247922046874231,450,7.5,0,0,0,6.59912656199276,32.1364364338869
1.60666666666673,5.11128444125631,6.26377177413755,4.84336002563076e-17,0.247977687203455,450,7.5,0,0,0,6.60120356050235,32.1320991787279
1.60722222222229,5.11235907357901,6.26142698380928,4.84329425732107e-17,0.248023366842753,450,7.5,0,0,0,6.60333081120986,32.1279425754863
1.60777777777784,5.11351473936469,6.25916480648671,4.84329425732107e-17,0.248064163260388,450,7.5,0,0,0,6.60535172245318,32.1239690786478
1.6083333333334,5.11467173631974,6.25692138247635,4.84329425732107e-17,0.248107896325874,450,7.5,0,0,0,6.60442897110772,32.1198161282152
1.60888888888895,5.11581833792331,6.25470671378419,4.84329425732107e-17,0.248156264763802,450,7.5,0,0,0,6.60344595318745,32.1155744886708
1.60944444444451,5.11694901004085,6.25253032662172,4.84329425732107e-17,0.248211524136121,450,7.5,0,0,0,6.60238321771641,32.1106184403093
1.61000000000006,5.11805848267807,6.25040410062911,4.84329425732107e-17,0.248275874558312,450,7.5,0,0,0,6.6012161858458,32.1051887124425
1.61055555555562,5.11914018422838,6.24834465688143,4.84329425732107e-17,0.248352005137234,450,7.5,0,0,0,6.59991413921636,32.0985204403177
1.61111111111117,5.1201849204251,6.24637628736377,4.84329425732107e-17,0.248443616213939,550.903392230113,7.5,0,0,0,6.59843361516521,32.0909677992937
1.61166666666673,5.12110971376716,6.24445029524689,4.84322849079751e-17,0.248555983963614,820.360208477238,7.5,0,0,0,6.59671225174973,32.082670444117
1.61222222222229,5.12196411480798,6.24270404186794,4.84316272605999e-17,0.248693329099463,1032.36825098789,7.5,0,0,0,6.59758087103673,32.0770037105022
1.61277777777784,5.12271907738666,6.24120340641821,4.84309696310845e-17,0.248869556911643,1185.42597897326,7.5,0,0,0,6.59799996853169,32.0750491548362
1.6133333333334,5.12333816568172,6.23998754225233,4.84303120194281e-17,0.249096949326482,1278.13341703396,7.5,0,0,0,6.59788754813371,32.0770271505898
1.61388888888895,5.12379973092695,6.23866757510604,4.84296544256256e-17,0.249380831152155,1285.87342203961,7.5,0,0,0,6.59723773332272,32.0811859659103
1.61444444444451,5.12431886011216,6.23681216907838,4.84289968496589e-17,0.249644485175544,1134.60869204237,7.5,0,0,0,6.59696550911325,32.0842859262458
1.61500000000006,5.12513414202287,6.23468495034096,4.84283392915671e-17,0.249797454795138,788.99345677808,7.5,0,0,0,6.59807208384917,32.0799931754166
1.61555555555562,5.1260997928736,6.23243998504009,4.84276817513395e-17,0.249889835270248,450,7.5,0,0,0,6.59979553406923,32.0655432397112
1.61611111111118,5.12713057964395,6.230134440125,4.84270242289673e-17,0.249954990139794,450,7.5,0,0,0,6.60177723625966,32.0472438374545
1.61666666666673,5.12819487028107,6.22779687532219,4.84263667244497e-17,0.250005834380472,450,7.5,0,0,0,6.603876056338,32.0292164553594
1.61722222222229,5.12934650401264,6.22553141130865,4.84263667244497e-17,0.250049002927867,450,7.5,0,0,0,6.60597373928728,32.0126223320515
1.61777777777784,5.13050502590674,6.22327239283569,4.84263667244497e-17,0.250092554215701,450,7.5,0,0,0,6.60505650042653,31.9971238752319
1.6183333333334,5.13165996160226,6.2210380054004,4.84263667244497e-17,0.250137642155,450,7.5,0,0,0,6.60411400812424,31.9827932601512
1.61888888888895,5.1328012499368,6.21883636162119,4.84263667244497e-17,0.250188514177108,450,7.5,0,0,0,6.60310206060783,31.9694983325878
1.61944444444451,5.13392440226872,6.21667773062233,4.84263667244497e-17,0.250247074730844,450,7.5,0,0,0,6.60200227133774,31.9571643641168
1.62000000000007,5.13502373785678,6.21457536556637,4.84263667244497e-17,0.250315693239515,450,7.5,0,0,0,6.60078742015447,31.945712075192
1.62055555555562,5.13609192537747,6.21254830459427,4.84263667244497e-17,0.250397368675508,450,7.5,0,0,0,6.59942297508219,31.9350656058657
1.62111111111118,5.13711843363128,6.21062457501775,4.84263667244497e-17,0.250496319771211,664.739107952767,7.5,0,0,0,6.59785922501911,31.9251475831874
1.62166666666673,5.13801800218356,6.20876141040664,4.84257092379689e-17,0.250618588951318,910.534174490537,7.5,0,0,0,6.59602475333944,31.9178887291463
1.62222222222229,5.13883738737021,6.20710139770726,4.84250517691584e-17,0.250769389052059,1098.27462702794,7.5,0,0,0,6.59673702705206,31.9156304150208
1.62277777777784,5.1395443880049,6.2057072412535,4.84243943182005e-17,0.250963531399542,1226.74951839051,7.5,0,0,0,6.59694958481156,31.9191479770055
1.6233333333334,5.14010432278056,6.20457851147279,4.84237368850943e-17,0.251212100031149,1294.32626355104,7.5,0,0,0,6.5966456915988,31.9276164934228
1.62388888888895,5.14051743747112,6.20303023590531,4.84230794698182e-17,0.251512457777064,1250.1043835673,7.5,0,0,0,6.59584050410632,31.9388349857651
1.62444444444451,5.1411625848965,6.20103330606169,4.84224220723914e-17,0.251730074621604,1017.14008663609,7.5,0,0,0,6.59617747597404,31.9481045678452
1.62500000000007,5.14205590380891,6.19884751777286,4.8421764692836e-17,0.25185176776254,606.109241783746,7.5,0,0,0,6.59761505873652,31.9487731246058
1.62555555555562,5.14305370329277,6.19657290622593,4.84211073311295e-17,0.251930675983701,450,7.5,0,0,0,6.59946591099483,31.9416768167672
1.62611111111118,5.14410063457653,6.19425072590631,4.84204499872712e-17,0.251988965089767,450,7.5,0,0,0,6.60150861348918,31.9339589739881
1.62666666666673,5.14517387048916,6.19190427349855,4.84197926612602e-17,0.252036058071128,450,7.5,0,0,0,6.6036227773582,31.926889967135
1.62722222222229,5.14633038371103,6.18963629139761,4.84197926612602e-17,0.252077439013244,450,7.5,0,0,0,6.60567103567351,31.9204009334978
1.62777777777784,5.14748998512489,6.18738297142313,4.84197926612602e-17,0.25212100782984,450,7.5,0,0,0,6.60475161915157,31.9144320599663
1.6283333333334,5.14864145455492,6.18515682805216,4.84197926612602e-17,0.252168200791866,450,7.5,0,0,0,6.60378348758662,31.9089257434786
1.62888888888896,5.14977786801263,6.18296686262784,4.84197926612602e-17,0.2522218898456,450,7.5,0,0,0,6.60273958184499,31.9038361531779
1.62944444444451,5.15089424566224,6.18082432674871,4.84197926612602e-17,0.252284167107433,450,7.5,0,0,0,6.60159751875393,31.8991240861026
1.63000000000007,5.15198436330795,6.17874459816271,4.84197926612602e-17,0.252357602797961,450,7.5,0,0,0,6.60032794629157,31.8947504398186
1.63055555555562,5.15303971442929,6.17675003480378,4.84197926612602e-17,0.252445644494106,487.541435555629,7.5,0,0,0,6.59889068618339,31.8906741488103
1.63111111111118,5.154047931523,6.17487386481904,4.84197926612602e-17,0.25255319306201,767.600143536879,7.5,0,0,0,6.59722799515213,31.8870936455229
1.63166666666673,5.1549206573154,6.17308120078594,4.84191353532786e-17,0.252687311966073,991.00731440108,7.5,0,0,0,6.59525641976105,31.8870219247986
1.63222222222229,5.1557007863792,6.17152082194057,4.84184780629602e-17,0.252854515729776,1155.80942228031,7.5,0,0,0,6.59577692578272,31.8920519085295
1.63277777777784,5.15635241785143,6.17024508088519,4.8417820790487e-17,0.253070538967147,1260.99590344275,7.5,0,0,0,6.59575913229209,31.9023659747497
1.6333333333334,5.15684659840107,6.16907503875733,4.84171635358582e-17,0.253343707642271,1295.92123979856,7.5,0,0,0,6.59521052198752,31.9165787032723
1.63388888888896,5.15728230429042,6.16732746075289,4.88141074217789e-17,0.253637468390196,1189.99926407231,7.5,0,0,0,6.59453660971912,31.9318446750151
1.63444444444451,5.15803743384585,6.16523458985981,4.88134448056747e-17,0.253814833545412,881.70106446804,7.5,0,0,0,6.59537436223824,31.9423091258797
1.63500000000007,5.15898357616812,6.1630015016136,4.88127822075749e-17,0.253916444798159,450,7.5,0,0,0,6.59701135777807,31.9429400096562
1.63555555555562,5.16000728814583,6.16069856339149,4.88121196274631e-17,0.253985973972568,450,7.5,0,0,0,6.5989514543643,31.9379884194541
1.63611111111118,5.16106963342683,6.15835801273137,4.88114570653386e-17,0.254039231688935,450,7.5,0,0,0,6.60103421861881,31.9335046737618
1.63666666666673,5.16215277434966,6.156000242755,4.88107945212009e-17,0.254083657081125,450,7.5,0,0,0,6.60314416130257,31.9294233176819
1.63722222222229,5.1633155113982,6.15372753317828,4.88107945212009e-17,0.254124092645643,450,7.5,0,0,0,6.60511575986339,31.9256953801396
1.63777777777785,5.16447741467684,6.15147746518804,4.88107945212009e-17,0.254168480595428,450,7.5,0,0,0,6.60418400850886,31.9222765196629
1.6383333333334,5.16562677133272,6.14925839506068,4.88107945212009e-17,0.254218427651135,450,7.5,0,0,0,6.60318214269483,31.9191225917067
1.63888888888896,5.16675895770607,6.14708056084417,4.88107945212009e-17,0.254275794139392,450,7.5,0,0,0,6.60209543044716,31.9162056593123
1.63944444444451,5.16786831019385,6.14495686856827,4.88107945212009e-17,0.25434294069531,450,7.5,0,0,0,6.60089677757664,31.9134975232056
1.64000000000007,5.16894768945357,6.14290587419634,4.88107945212009e-17,0.254422788232737,450,7.5,0,0,0,6.59955314658746,31.9109688533512
1.64055555555562,5.16998683096336,6.14095499238118,4.88107945212009e-17,0.254519456149605,615.758466728027,7.5,0,0,0,6.59801587211846,31.9085860206123
1.64111111111118,5.170900382481,6.13906199877157,4.8810131995049e-17,0.254638875536738,873.345934343352,7.5,0,0,0,6.59621513050653,31.9077132166976
1.64166666666674,5.17173577297739,6.13736956033408,4.88094694868822e-17,0.254786163435785,1072.62210830265,7.5,0,0,0,6.59696020999862,31.9110973059109
1.64222222222229,5.17246021146277,6.13594694882469,4.88088069966999e-17,0.254976492375469,1212.19141972565,7.5,0,0,0,6.59720962776747,31.9198077304931
1.64277777777785,5.17303538698306,6.13481106633588,4.90075497709878e-17,0.255222353027924,1290.12201478905,7.5,0,0,0,6.59691040779486,31.9333161389384
1.6433333333334,5.17345195942348,6.1333555467748,4.90068846103045e-17,0.255524323861846,1266.33039448322,7.5,0,0,0,6.59607002435229,31.9495990177135
1.64388888888896,5.17404530500591,6.13139818424383,4.90062194676687e-17,0.255763928291424,1064.08902245773,7.5,0,0,0,6.59612501548006,31.964416293452
1.64444444444451,5.174916233951,6.12922073887992,4.90055543431128e-17,0.255897802725729,676.083966680775,7.5,0,0,0,6.59743046628153,31.9710392099996
1.64500000000007,5.17590891723046,6.12694318980856,4.90048892366112e-17,0.255982194521553,450,7.5,0,0,0,6.59921908996679,31.9688724990194
1.64555555555562,5.17695697402366,6.12461262222292,4.9004224148163e-17,0.256043474582808,450,7.5,0,0,0,6.60122442242665,31.9648961538043
1.64611111111118,5.17803435074258,6.12225439604949,4.90035590777676e-17,0.256092350109917,450,7.5,0,0,0,6.60331918946514,31.9612904446401
1.64666666666674,5.17919730546935,6.11997076708685,4.90035590777676e-17,0.256134759593837,450,7.5,0,0,0,6.60537508150447,31.9580036514419
1.64722222222229,5.18036495558989,6.11769869193648,4.90027756536813e-17,0.256178761960761,450,7.5,0,0,0,6.60444956507563,31.9549936000422
1.64777777777785,5.18152619324882,6.1154532053142,4.90027756536813e-17,0.25622568879357,450,7.5,0,0,0,6.60348311784418,31.9522198027895
1.6483333333334,5.18267270026082,6.11324338842676,4.90027756536813e-17,0.256279013903128,450,7.5,0,0,0,6.60244137457579,31.9496494708237
1.64888888888896,5.18379945242908,6.11108076145328,4.90027756536813e-17,0.256340848582551,450,7.5,0,0,0,6.60130240356374,31.9472580937131
1.64944444444451,5.18490007696129,6.10898091875078,4.90027756536813e-17,0.256413826973045,450,7.5,0,0,0,6.60003636965539,31.9450200495957
1.65000000000007,5.18596594747934,6.10696670406129,4.94025673585025e-17,0.256501448444352,452.054526093303,7.5,0,0,0,6.59860243690587,31.9429068769635
1.65055555555563,5.18698442771302,6.1050724404341,4.94025673585025e-17,0.256608727150833,741.397946969814,7.5,0,0,0,6.59694173481239,31.9408963653035
1.65111111111118,5.18786612659919,6.10326675648542,4.94018968912001e-17,0.256742971546811,973.851554301739,7.5,0,0,0,6.59496806731633,31.9420425283467
1.65166666666674,5.18865295831478,6.1017029329648,4.94012264419097e-17,0.256911177258712,1146.81439161532,7.5,0,0,0,6.5954691663962,31.9481214394417
1.65222222222229,5.18930599584228,6.10044165573297,4.94005560108168e-17,0.257130198249616,1258.69566048141,7.5,0,0,0,6.59538780151855,31.9595037857688
1.65277777777785,5.1897916771263,6.09941067495718,4.93990922446708e-17,0.257409797596453,1305.77058522015,7.5,0,0,0,6.59475094456767,31.9749045666633
1.6533333333334,5.1901499723043,6.09772635690875,4.93984218607046e-17,0.257733412158141,1217.89113529509,7.5,0,0,0,6.59370712267221,31.9917187676123
1.65388888888896,5.19086960765492,6.09563585644102,4.93977514949455e-17,0.257927945934083,918.481228359084,7.5,0,0,0,6.59436652354631,32.0043918558788
1.65444444444451,5.1918139371513,6.09339304763624,4.93970811474011e-17,0.258034099809008,453.198154723768,7.5,0,0,0,6.59596271858859,32.0068282595662
1.65500000000007,5.19284252778911,6.0910766694935,4.93964108180503e-17,0.258105481107613,450,7.5,0,0,0,6.59788014978802,32.0027013162566
1.65555555555563,5.19391180981879,6.08872074174274,4.93957405068922e-17,0.258159753411345,450,7.5,0,0,0,6.59994981130857,31.9989457300916
1.65611111111118,5.19500295920709,6.08634601395622,4.93950702139262e-17,0.258204748864057,450,7.5,0,0,0,6.60205558585746,31.9955198621457
1.65666666666674,5.19610449526859,6.08397139161668,4.93943999391515e-17,0.258245388594364,450,7.5,0,0,0,6.60402027413708,31.9923795068092
